Copyright 1986-2022 Xilinx, Inc. All Rights Reserved. Copyright 2022-2025 Advanced Micro Devices, Inc. All Rights Reserved.
-------------------------------------------------------------------------------------------------------------------------------------------------------------------------------------------------------------
| Tool Version : Vivado v.2025.2 (win64) Build 6299465 Fri Nov 14 19:35:11 GMT 2025
| Date         : Fri Aug  7 16:16:38 2026
| Host         : QuETI-i7-3070A running 64-bit major release  (build 9200)
| Command      : report_timing_summary -delay_type min_max -report_unconstrained -check_timing_verbose -max_paths 20 -file D:/Laser_Intensity_Lock/RF_Power_Lock_ADC_BUILD/reports/timing_summary_routed.rpt
| Design       : design_1_wrapper
| Device       : 7z010-clg400
| Speed File   : -1  PRODUCTION 1.12 2019-11-22
| Design State : Routed
-------------------------------------------------------------------------------------------------------------------------------------------------------------------------------------------------------------

Timing Summary Report

------------------------------------------------------------------------------------------------
| Timer Settings
| --------------
------------------------------------------------------------------------------------------------

  Enable Multi Corner Analysis               :  Yes
  Enable Pessimism Removal                   :  Yes
  Pessimism Removal Resolution               :  Nearest Common Node
  Enable Input Delay Default Clock           :  No
  Enable Preset / Clear Arcs                 :  No
  Disable Flight Delays                      :  No
  Ignore I/O Paths                           :  No
  Timing Early Launch at Borrowing Latches   :  No
  Borrow Time for Max Delay Exceptions       :  Yes
  Merge Timing Exceptions                    :  Yes
  Inter-SLR Compensation                     :  Conservative

  Corner  Analyze    Analyze    
  Name    Max Paths  Min Paths  
  ------  ---------  ---------  
  Slow    Yes        Yes        
  Fast    Yes        Yes        


------------------------------------------------------------------------------------------------
| Report Methodology
| ------------------
------------------------------------------------------------------------------------------------

Rule       Severity  Description                                                                                            Violations  
---------  --------  -----------------------------------------------------------------------------------------------------  ----------  
TIMING-9   Warning   Unknown CDC Logic                                                                                      1           
TIMING-18  Warning   Missing input or output delay                                                                          16          
TIMING-28  Warning   Auto-derived clock referenced by a timing constraint                                                   1           
TIMING-47  Warning   False path, asynchronous clock group or max delay datapath only constraint between synchronous clocks  1           
XDCC-1     Warning   Scoped Clock constraint overwritten with the same name                                                 1           
XDCC-7     Warning   Scoped Clock constraint overwritten on the same source                                                 1           
XDCH-2     Warning   Same min and max delay values on IO port                                                               28          

Note: This report is based on the most recent report_methodology run and may not be up-to-date. Run report_methodology on the current design for the latest report.



check_timing report

Table of Contents
-----------------
1. checking no_clock (0)
2. checking constant_clock (0)
3. checking pulse_width_clock (0)
4. checking unconstrained_internal_endpoints (0)
5. checking no_input_delay (0)
6. checking no_output_delay (18)
7. checking multiple_clock (0)
8. checking generated_clocks (0)
9. checking loops (0)
10. checking partial_input_delay (0)
11. checking partial_output_delay (0)
12. checking latch_loops (0)

1. checking no_clock (0)
------------------------
 There are 0 register/latch pins with no clock.


2. checking constant_clock (0)
------------------------------
 There are 0 register/latch pins with constant_clock.


3. checking pulse_width_clock (0)
---------------------------------
 There are 0 register/latch pins which need pulse_width check


4. checking unconstrained_internal_endpoints (0)
------------------------------------------------
 There are 0 pins that are not constrained for maximum delay.

 There are 0 pins that are not constrained for maximum delay due to constant clock.


5. checking no_input_delay (0)
------------------------------
 There are 0 input ports with no input delay specified.

 There are 0 input ports with no input delay but user has a false path constraint.


6. checking no_output_delay (18)
--------------------------------
 There are 18 ports with no output delay specified. (HIGH)

dac_clk_o
dac_data_o[0]
dac_data_o[10]
dac_data_o[11]
dac_data_o[12]
dac_data_o[13]
dac_data_o[1]
dac_data_o[2]
dac_data_o[3]
dac_data_o[4]
dac_data_o[5]
dac_data_o[6]
dac_data_o[7]
dac_data_o[8]
dac_data_o[9]
dac_rst_o
dac_sel_o
dac_wrt_o

 There are 0 ports with no output delay but user has a false path constraint

 There are 0 ports with no output delay but with a timing clock defined on it or propagating through it


7. checking multiple_clock (0)
------------------------------
 There are 0 register/latch pins with multiple clocks.


8. checking generated_clocks (0)
--------------------------------
 There are 0 generated clocks that are not connected to a clock source.


9. checking loops (0)
---------------------
 There are 0 combinational loops in the design.


10. checking partial_input_delay (0)
------------------------------------
 There are 0 input ports with partial input delay specified.


11. checking partial_output_delay (0)
-------------------------------------
 There are 0 ports with partial output delay specified.


12. checking latch_loops (0)
----------------------------
 There are 0 combinational latch loops in the design through latch input



------------------------------------------------------------------------------------------------
| Design Timing Summary
| ---------------------
------------------------------------------------------------------------------------------------

    WNS(ns)      TNS(ns)  TNS Failing Endpoints  TNS Total Endpoints      WHS(ns)      THS(ns)  THS Failing Endpoints  THS Total Endpoints     WPWS(ns)     TPWS(ns)  TPWS Failing Endpoints  TPWS Total Endpoints  
    -------      -------  ---------------------  -------------------      -------      -------  ---------------------  -------------------     --------     --------  ----------------------  --------------------  
      1.213        0.000                      0                 5701        0.048        0.000                      0                 5701        1.845        0.000                       0                  2433  


All user specified timing constraints are met.


------------------------------------------------------------------------------------------------
| Clock Summary
| -------------
------------------------------------------------------------------------------------------------

Clock                             Waveform(ns)         Period(ns)      Frequency(MHz)
-----                             ------------         ----------      --------------
adc_clk_p_i                       {0.000 4.000}        8.000           125.000         
  clk_125_clk_bd_clk_wiz_0_0      {0.000 4.000}        8.000           125.000         
  clk_250_clk_bd_clk_wiz_0_0      {0.000 2.000}        4.000           250.000         
  clk_250_m45_clk_bd_clk_wiz_0_0  {-0.500 1.500}       4.000           250.000         
  clkfbout_clk_bd_clk_wiz_0_0     {0.000 4.000}        8.000           125.000         
clk_fpga_0                        {0.000 10.000}       20.000          50.000          


------------------------------------------------------------------------------------------------
| Intra Clock Table
| -----------------
------------------------------------------------------------------------------------------------

Clock                                 WNS(ns)      TNS(ns)  TNS Failing Endpoints  TNS Total Endpoints      WHS(ns)      THS(ns)  THS Failing Endpoints  THS Total Endpoints     WPWS(ns)     TPWS(ns)  TPWS Failing Endpoints  TPWS Total Endpoints  
-----                                 -------      -------  ---------------------  -------------------      -------      -------  ---------------------  -------------------     --------     --------  ----------------------  --------------------  
adc_clk_p_i                                                                                                                                                                         2.000        0.000                       0                     2  
  clk_125_clk_bd_clk_wiz_0_0            1.213        0.000                      0                 5701        0.048        0.000                      0                 5701        3.020        0.000                       0                  2422  
  clk_250_clk_bd_clk_wiz_0_0                                                                                                                                                        1.845        0.000                       0                     3  
  clk_250_m45_clk_bd_clk_wiz_0_0                                                                                                                                                    1.845        0.000                       0                     3  
  clkfbout_clk_bd_clk_wiz_0_0                                                                                                                                                       5.845        0.000                       0                     3  


------------------------------------------------------------------------------------------------
| Inter Clock Table
| -----------------
------------------------------------------------------------------------------------------------

From Clock    To Clock          WNS(ns)      TNS(ns)  TNS Failing Endpoints  TNS Total Endpoints      WHS(ns)      THS(ns)  THS Failing Endpoints  THS Total Endpoints  
----------    --------          -------      -------  ---------------------  -------------------      -------      -------  ---------------------  -------------------  


------------------------------------------------------------------------------------------------
| Other Path Groups Table
| -----------------------
------------------------------------------------------------------------------------------------

Path Group    From Clock    To Clock          WNS(ns)      TNS(ns)  TNS Failing Endpoints  TNS Total Endpoints      WHS(ns)      THS(ns)  THS Failing Endpoints  THS Total Endpoints  
----------    ----------    --------          -------      -------  ---------------------  -------------------      -------      -------  ---------------------  -------------------  


------------------------------------------------------------------------------------------------
| User Ignored Path Table
| -----------------------
------------------------------------------------------------------------------------------------

Path Group                  From Clock                  To Clock                  
----------                  ----------                  --------                  
(none)                                                  clk_125_clk_bd_clk_wiz_0_0  
(none)                      adc_clk_p_i                 clk_125_clk_bd_clk_wiz_0_0  
(none)                      clk_125_clk_bd_clk_wiz_0_0  clk_125_clk_bd_clk_wiz_0_0  


------------------------------------------------------------------------------------------------
| Unconstrained Path Table
| ------------------------
------------------------------------------------------------------------------------------------

Path Group                      From Clock                      To Clock                      
----------                      ----------                      --------                      
(none)                          clk_125_clk_bd_clk_wiz_0_0                                      
(none)                          clk_250_clk_bd_clk_wiz_0_0                                      
(none)                          clk_250_m45_clk_bd_clk_wiz_0_0                                  


------------------------------------------------------------------------------------------------
| Timing Details
| --------------
------------------------------------------------------------------------------------------------


---------------------------------------------------------------------------------------------------
From Clock:  adc_clk_p_i
  To Clock:  adc_clk_p_i

Setup :           NA  Failing Endpoints,  Worst Slack           NA  ,  Total Violation           NA
Hold  :           NA  Failing Endpoints,  Worst Slack           NA  ,  Total Violation           NA
PW    :            0  Failing Endpoints,  Worst Slack        2.000ns,  Total Violation        0.000ns
---------------------------------------------------------------------------------------------------


Pulse Width Checks
--------------------------------------------------------------------------------------
Clock Name:         adc_clk_p_i
Waveform(ns):       { 0.000 4.000 }
Period(ns):         8.000
Sources:            { adc_clk_p_i }

Check Type        Corner  Lib Pin            Reference Pin  Required(ns)  Actual(ns)  Slack(ns)  Location         Pin
Min Period        n/a     BUFG/I             n/a            2.155         8.000       5.845      BUFGCTRL_X0Y4    design_1_i/clk_0/U0/clk_wiz_0/inst/clkin1_bufg1/I
Min Period        n/a     MMCME2_ADV/CLKIN1  n/a            1.249         8.000       6.751      MMCME2_ADV_X0Y0  design_1_i/clk_0/U0/clk_wiz_0/inst/mmcm_adv_inst/CLKIN1
Max Period        n/a     MMCME2_ADV/CLKIN1  n/a            100.000       8.000       92.000     MMCME2_ADV_X0Y0  design_1_i/clk_0/U0/clk_wiz_0/inst/mmcm_adv_inst/CLKIN1
Low Pulse Width   Slow    MMCME2_ADV/CLKIN1  n/a            2.000         4.000       2.000      MMCME2_ADV_X0Y0  design_1_i/clk_0/U0/clk_wiz_0/inst/mmcm_adv_inst/CLKIN1
Low Pulse Width   Fast    MMCME2_ADV/CLKIN1  n/a            2.000         4.000       2.000      MMCME2_ADV_X0Y0  design_1_i/clk_0/U0/clk_wiz_0/inst/mmcm_adv_inst/CLKIN1
High Pulse Width  Slow    MMCME2_ADV/CLKIN1  n/a            2.000         4.000       2.000      MMCME2_ADV_X0Y0  design_1_i/clk_0/U0/clk_wiz_0/inst/mmcm_adv_inst/CLKIN1
High Pulse Width  Fast    MMCME2_ADV/CLKIN1  n/a            2.000         4.000       2.000      MMCME2_ADV_X0Y0  design_1_i/clk_0/U0/clk_wiz_0/inst/mmcm_adv_inst/CLKIN1



---------------------------------------------------------------------------------------------------
From Clock:  clk_125_clk_bd_clk_wiz_0_0
  To Clock:  clk_125_clk_bd_clk_wiz_0_0

Setup :            0  Failing Endpoints,  Worst Slack        1.213ns,  Total Violation        0.000ns
Hold  :            0  Failing Endpoints,  Worst Slack        0.048ns,  Total Violation        0.000ns
PW    :            0  Failing Endpoints,  Worst Slack        3.020ns,  Total Violation        0.000ns
---------------------------------------------------------------------------------------------------


Max Delay Paths
--------------------------------------------------------------------------------------
Slack (MET) :             1.213ns  (required time - arrival time)
  Source:                 design_1_i/axi_smc/inst/s00_entry_pipeline/s00_mmu/inst/aw_reg_stall/m_vector_i_reg[1027]/C
                            (rising edge-triggered cell FDRE clocked by clk_125_clk_bd_clk_wiz_0_0  {rise@0.000ns fall@4.000ns period=8.000ns})
  Destination:            design_1_i/axi_smc/inst/s00_entry_pipeline/s00_si_converter/inst/gen_axilite_conv.axilite_conv_inst/aw_addr_reg[10]/D
                            (rising edge-triggered cell FDRE clocked by clk_125_clk_bd_clk_wiz_0_0  {rise@0.000ns fall@4.000ns period=8.000ns})
  Path Group:             clk_125_clk_bd_clk_wiz_0_0
  Path Type:              Setup (Max at Slow Process Corner)
  Requirement:            8.000ns  (clk_125_clk_bd_clk_wiz_0_0 rise@8.000ns - clk_125_clk_bd_clk_wiz_0_0 rise@0.000ns)
  Data Path Delay:        6.639ns  (logic 2.608ns (39.282%)  route 4.031ns (60.718%))
  Logic Levels:           9  (CARRY4=2 LUT2=1 LUT3=2 LUT4=1 LUT5=2 LUT6=1)
  Clock Path Skew:        -0.107ns (DCD - SCD + CPR)
    Destination Clock Delay (DCD):    4.418ns = ( 12.418 - 8.000 ) 
    Source Clock Delay      (SCD):    4.889ns
    Clock Pessimism Removal (CPR):    0.364ns
  Clock Uncertainty:      0.069ns  ((TSJ^2 + DJ^2)^1/2) / 2 + PE
    Total System Jitter     (TSJ):    0.071ns
    Discrete Jitter          (DJ):    0.119ns
    Phase Error              (PE):    0.000ns

    Location             Delay type                Incr(ns)  Path(ns)    Netlist Resource(s)
  -------------------------------------------------------------------    -------------------
                         (clock clk_125_clk_bd_clk_wiz_0_0 rise edge)
                                                      0.000     0.000 r  
    U18                                               0.000     0.000 r  adc_clk_p_i (IN)
                         net (fo=0)                   0.000     0.000    design_1_i/clk_0/U0/clk_wiz_0/inst/clk_in1_p
    U18                  IBUFDS (Prop_ibufds_I_O)     0.983     0.983 r  design_1_i/clk_0/U0/clk_wiz_0/inst/clkin1_ibufgds/O
                         net (fo=1, routed)           2.076     3.059    design_1_i/clk_0/U0/clk_wiz_0/inst/clk_in1_clk_bd_clk_wiz_0_0_buf
    BUFGCTRL_X0Y4        BUFG (Prop_bufg_I_O)         0.102     3.161 r  design_1_i/clk_0/U0/clk_wiz_0/inst/clkin1_bufg1/O
                         net (fo=1, routed)           1.677     4.838    design_1_i/clk_0/U0/clk_wiz_0/inst/clk_in1_clk_bd_clk_wiz_0_0
    MMCME2_ADV_X0Y0      MMCME2_ADV (Prop_mmcme2_adv_CLKIN1_CLKOUT0)
                                                     -3.538     1.300 r  design_1_i/clk_0/U0/clk_wiz_0/inst/mmcm_adv_inst/CLKOUT0
                         net (fo=1, routed)           1.760     3.060    design_1_i/clk_0/U0/clk_wiz_0/inst/clk_125_clk_bd_clk_wiz_0_0
    BUFGCTRL_X0Y0        BUFG (Prop_bufg_I_O)         0.101     3.161 r  design_1_i/clk_0/U0/clk_wiz_0/inst/clkout1_buf/O
                         net (fo=2421, routed)        1.728     4.889    design_1_i/axi_smc/inst/s00_entry_pipeline/s00_mmu/inst/aw_reg_stall/aclk
    SLICE_X2Y46          FDRE                                         r  design_1_i/axi_smc/inst/s00_entry_pipeline/s00_mmu/inst/aw_reg_stall/m_vector_i_reg[1027]/C
  -------------------------------------------------------------------    -------------------
    SLICE_X2Y46          FDRE (Prop_fdre_C_Q)         0.456     5.345 f  design_1_i/axi_smc/inst/s00_entry_pipeline/s00_mmu/inst/aw_reg_stall/m_vector_i_reg[1027]/Q
                         net (fo=20, routed)          0.663     6.008    design_1_i/axi_smc/inst/s00_entry_pipeline/s00_si_converter/inst/gen_axilite_conv.axilite_conv_inst/s_axi_awsize[1]
    SLICE_X2Y46          LUT2 (Prop_lut2_I1_O)        0.149     6.157 f  design_1_i/axi_smc/inst/s00_entry_pipeline/s00_si_converter/inst/gen_axilite_conv.axilite_conv_inst/aw_addr[6]_i_3/O
                         net (fo=2, routed)           0.661     6.818    design_1_i/axi_smc/inst/s00_entry_pipeline/s00_si_converter/inst/gen_axilite_conv.axilite_conv_inst/aw_addr[6]_i_3_n_0
    SLICE_X3Y46          LUT3 (Prop_lut3_I0_O)        0.360     7.178 r  design_1_i/axi_smc/inst/s00_entry_pipeline/s00_si_converter/inst/gen_axilite_conv.axilite_conv_inst/aw_addr[6]_i_2/O
                         net (fo=3, routed)           0.592     7.770    design_1_i/axi_smc/inst/s00_entry_pipeline/s00_si_converter/inst/gen_axilite_conv.axilite_conv_inst/wrap_awaddr[6]
    SLICE_X5Y46          LUT3 (Prop_lut3_I0_O)        0.332     8.102 r  design_1_i/axi_smc/inst/s00_entry_pipeline/s00_si_converter/inst/gen_axilite_conv.axilite_conv_inst/aw_addr[8]_i_21/O
                         net (fo=1, routed)           0.000     8.102    design_1_i/axi_smc/inst/s00_entry_pipeline/s00_si_converter/inst/gen_axilite_conv.axilite_conv_inst/aw_addr[8]_i_21_n_0
    SLICE_X5Y46          CARRY4 (Prop_carry4_S[2]_CO[3])
                                                      0.398     8.500 r  design_1_i/axi_smc/inst/s00_entry_pipeline/s00_si_converter/inst/gen_axilite_conv.axilite_conv_inst/aw_addr_reg[8]_i_14/CO[3]
                         net (fo=1, routed)           0.000     8.500    design_1_i/axi_smc/inst/s00_entry_pipeline/s00_si_converter/inst/gen_axilite_conv.axilite_conv_inst/aw_addr_reg[8]_i_14_n_0
    SLICE_X5Y47          CARRY4 (Prop_carry4_CI_O[2])
                                                      0.239     8.739 r  design_1_i/axi_smc/inst/s00_entry_pipeline/s00_si_converter/inst/gen_axilite_conv.axilite_conv_inst/aw_addr_reg[8]_i_17/O[2]
                         net (fo=1, routed)           0.432     9.170    design_1_i/axi_smc/inst/s00_entry_pipeline/s00_si_converter/inst/gen_axilite_conv.axilite_conv_inst/wrap_awaddr_limit[10]
    SLICE_X4Y48          LUT5 (Prop_lut5_I2_O)        0.302     9.472 f  design_1_i/axi_smc/inst/s00_entry_pipeline/s00_si_converter/inst/gen_axilite_conv.axilite_conv_inst/aw_addr[8]_i_19/O
                         net (fo=1, routed)           0.446     9.918    design_1_i/axi_smc/inst/s00_entry_pipeline/s00_si_converter/inst/gen_axilite_conv.axilite_conv_inst/aw_addr[8]_i_19_n_0
    SLICE_X4Y45          LUT6 (Prop_lut6_I5_O)        0.124    10.042 f  design_1_i/axi_smc/inst/s00_entry_pipeline/s00_si_converter/inst/gen_axilite_conv.axilite_conv_inst/aw_addr[8]_i_11/O
                         net (fo=1, routed)           0.607    10.649    design_1_i/axi_smc/inst/s00_entry_pipeline/s00_si_converter/inst/gen_axilite_conv.axilite_conv_inst/aw_addr[8]_i_11_n_0
    SLICE_X4Y46          LUT4 (Prop_lut4_I3_O)        0.124    10.773 r  design_1_i/axi_smc/inst/s00_entry_pipeline/s00_si_converter/inst/gen_axilite_conv.axilite_conv_inst/aw_addr[8]_i_5/O
                         net (fo=12, routed)          0.631    11.404    design_1_i/axi_smc/inst/s00_entry_pipeline/s00_si_converter/inst/gen_axilite_conv.axilite_conv_inst/aw_addr[8]_i_5_n_0
    SLICE_X7Y46          LUT5 (Prop_lut5_I1_O)        0.124    11.528 r  design_1_i/axi_smc/inst/s00_entry_pipeline/s00_si_converter/inst/gen_axilite_conv.axilite_conv_inst/aw_addr[10]_i_1/O
                         net (fo=1, routed)           0.000    11.528    design_1_i/axi_smc/inst/s00_entry_pipeline/s00_si_converter/inst/gen_axilite_conv.axilite_conv_inst/aw_addr[10]
    SLICE_X7Y46          FDRE                                         r  design_1_i/axi_smc/inst/s00_entry_pipeline/s00_si_converter/inst/gen_axilite_conv.axilite_conv_inst/aw_addr_reg[10]/D
  -------------------------------------------------------------------    -------------------

                         (clock clk_125_clk_bd_clk_wiz_0_0 rise edge)
                                                      8.000     8.000 r  
    U18                                               0.000     8.000 r  adc_clk_p_i (IN)
                         net (fo=0)                   0.000     8.000    design_1_i/clk_0/U0/clk_wiz_0/inst/clk_in1_p
    U18                  IBUFDS (Prop_ibufds_I_O)     0.940     8.940 r  design_1_i/clk_0/U0/clk_wiz_0/inst/clkin1_ibufgds/O
                         net (fo=1, routed)           1.880    10.820    design_1_i/clk_0/U0/clk_wiz_0/inst/clk_in1_clk_bd_clk_wiz_0_0_buf
    BUFGCTRL_X0Y4        BUFG (Prop_bufg_I_O)         0.092    10.912 r  design_1_i/clk_0/U0/clk_wiz_0/inst/clkin1_bufg1/O
                         net (fo=1, routed)           1.487    12.399    design_1_i/clk_0/U0/clk_wiz_0/inst/clk_in1_clk_bd_clk_wiz_0_0
    MMCME2_ADV_X0Y0      MMCME2_ADV (Prop_mmcme2_adv_CLKIN1_CLKOUT0)
                                                     -3.177     9.222 r  design_1_i/clk_0/U0/clk_wiz_0/inst/mmcm_adv_inst/CLKOUT0
                         net (fo=1, routed)           1.599    10.821    design_1_i/clk_0/U0/clk_wiz_0/inst/clk_125_clk_bd_clk_wiz_0_0
    BUFGCTRL_X0Y0        BUFG (Prop_bufg_I_O)         0.091    10.912 r  design_1_i/clk_0/U0/clk_wiz_0/inst/clkout1_buf/O
                         net (fo=2421, routed)        1.506    12.418    design_1_i/axi_smc/inst/s00_entry_pipeline/s00_si_converter/inst/gen_axilite_conv.axilite_conv_inst/aclk
    SLICE_X7Y46          FDRE                                         r  design_1_i/axi_smc/inst/s00_entry_pipeline/s00_si_converter/inst/gen_axilite_conv.axilite_conv_inst/aw_addr_reg[10]/C
                         clock pessimism              0.364    12.782    
                         clock uncertainty           -0.069    12.713    
    SLICE_X7Y46          FDRE (Setup_fdre_C_D)        0.029    12.742    design_1_i/axi_smc/inst/s00_entry_pipeline/s00_si_converter/inst/gen_axilite_conv.axilite_conv_inst/aw_addr_reg[10]
  -------------------------------------------------------------------
                         required time                         12.742    
                         arrival time                         -11.528    
  -------------------------------------------------------------------
                         slack                                  1.213    

Slack (MET) :             1.371ns  (required time - arrival time)
  Source:                 design_1_i/axi_smc/inst/switchboards/i_nodes/i_w_node/inst/inst_mi_handler/gen_normal_area.inst_fifo_node_payld/gen_reg_fifo.inst_reg_fifo/gen_single_rank.data_reg[38]/C
                            (rising edge-triggered cell FDRE clocked by clk_125_clk_bd_clk_wiz_0_0  {rise@0.000ns fall@4.000ns period=8.000ns})
  Destination:            design_1_i/axi_gpio_5/U0/gpio_core_1/Dual.gpio2_Data_Out_reg[4]/D
                            (rising edge-triggered cell FDRE clocked by clk_125_clk_bd_clk_wiz_0_0  {rise@0.000ns fall@4.000ns period=8.000ns})
  Path Group:             clk_125_clk_bd_clk_wiz_0_0
  Path Type:              Setup (Max at Slow Process Corner)
  Requirement:            8.000ns  (clk_125_clk_bd_clk_wiz_0_0 rise@8.000ns - clk_125_clk_bd_clk_wiz_0_0 rise@0.000ns)
  Data Path Delay:        6.357ns  (logic 0.518ns (8.148%)  route 5.839ns (91.852%))
  Logic Levels:           0  
  Clock Path Skew:        -0.175ns (DCD - SCD + CPR)
    Destination Clock Delay (DCD):    4.403ns = ( 12.403 - 8.000 ) 
    Source Clock Delay      (SCD):    4.841ns
    Clock Pessimism Removal (CPR):    0.263ns
  Clock Uncertainty:      0.069ns  ((TSJ^2 + DJ^2)^1/2) / 2 + PE
    Total System Jitter     (TSJ):    0.071ns
    Discrete Jitter          (DJ):    0.119ns
    Phase Error              (PE):    0.000ns

    Location             Delay type                Incr(ns)  Path(ns)    Netlist Resource(s)
  -------------------------------------------------------------------    -------------------
                         (clock clk_125_clk_bd_clk_wiz_0_0 rise edge)
                                                      0.000     0.000 r  
    U18                                               0.000     0.000 r  adc_clk_p_i (IN)
                         net (fo=0)                   0.000     0.000    design_1_i/clk_0/U0/clk_wiz_0/inst/clk_in1_p
    U18                  IBUFDS (Prop_ibufds_I_O)     0.983     0.983 r  design_1_i/clk_0/U0/clk_wiz_0/inst/clkin1_ibufgds/O
                         net (fo=1, routed)           2.076     3.059    design_1_i/clk_0/U0/clk_wiz_0/inst/clk_in1_clk_bd_clk_wiz_0_0_buf
    BUFGCTRL_X0Y4        BUFG (Prop_bufg_I_O)         0.102     3.161 r  design_1_i/clk_0/U0/clk_wiz_0/inst/clkin1_bufg1/O
                         net (fo=1, routed)           1.677     4.838    design_1_i/clk_0/U0/clk_wiz_0/inst/clk_in1_clk_bd_clk_wiz_0_0
    MMCME2_ADV_X0Y0      MMCME2_ADV (Prop_mmcme2_adv_CLKIN1_CLKOUT0)
                                                     -3.538     1.300 r  design_1_i/clk_0/U0/clk_wiz_0/inst/mmcm_adv_inst/CLKOUT0
                         net (fo=1, routed)           1.760     3.060    design_1_i/clk_0/U0/clk_wiz_0/inst/clk_125_clk_bd_clk_wiz_0_0
    BUFGCTRL_X0Y0        BUFG (Prop_bufg_I_O)         0.101     3.161 r  design_1_i/clk_0/U0/clk_wiz_0/inst/clkout1_buf/O
                         net (fo=2421, routed)        1.680     4.841    design_1_i/axi_smc/inst/switchboards/i_nodes/i_w_node/inst/inst_mi_handler/gen_normal_area.inst_fifo_node_payld/gen_reg_fifo.inst_reg_fifo/s_sc_aclk
    SLICE_X12Y41         FDRE                                         r  design_1_i/axi_smc/inst/switchboards/i_nodes/i_w_node/inst/inst_mi_handler/gen_normal_area.inst_fifo_node_payld/gen_reg_fifo.inst_reg_fifo/gen_single_rank.data_reg[38]/C
  -------------------------------------------------------------------    -------------------
    SLICE_X12Y41         FDRE (Prop_fdre_C_Q)         0.518     5.359 r  design_1_i/axi_smc/inst/switchboards/i_nodes/i_w_node/inst/inst_mi_handler/gen_normal_area.inst_fifo_node_payld/gen_reg_fifo.inst_reg_fifo/gen_single_rank.data_reg[38]/Q
                         net (fo=16, routed)          5.839    11.198    design_1_i/axi_gpio_5/U0/gpio_core_1/s_axi_wdata[11]
    SLICE_X28Y32         FDRE                                         r  design_1_i/axi_gpio_5/U0/gpio_core_1/Dual.gpio2_Data_Out_reg[4]/D
  -------------------------------------------------------------------    -------------------

                         (clock clk_125_clk_bd_clk_wiz_0_0 rise edge)
                                                      8.000     8.000 r  
    U18                                               0.000     8.000 r  adc_clk_p_i (IN)
                         net (fo=0)                   0.000     8.000    design_1_i/clk_0/U0/clk_wiz_0/inst/clk_in1_p
    U18                  IBUFDS (Prop_ibufds_I_O)     0.940     8.940 r  design_1_i/clk_0/U0/clk_wiz_0/inst/clkin1_ibufgds/O
                         net (fo=1, routed)           1.880    10.820    design_1_i/clk_0/U0/clk_wiz_0/inst/clk_in1_clk_bd_clk_wiz_0_0_buf
    BUFGCTRL_X0Y4        BUFG (Prop_bufg_I_O)         0.092    10.912 r  design_1_i/clk_0/U0/clk_wiz_0/inst/clkin1_bufg1/O
                         net (fo=1, routed)           1.487    12.399    design_1_i/clk_0/U0/clk_wiz_0/inst/clk_in1_clk_bd_clk_wiz_0_0
    MMCME2_ADV_X0Y0      MMCME2_ADV (Prop_mmcme2_adv_CLKIN1_CLKOUT0)
                                                     -3.177     9.222 r  design_1_i/clk_0/U0/clk_wiz_0/inst/mmcm_adv_inst/CLKOUT0
                         net (fo=1, routed)           1.599    10.821    design_1_i/clk_0/U0/clk_wiz_0/inst/clk_125_clk_bd_clk_wiz_0_0
    BUFGCTRL_X0Y0        BUFG (Prop_bufg_I_O)         0.091    10.912 r  design_1_i/clk_0/U0/clk_wiz_0/inst/clkout1_buf/O
                         net (fo=2421, routed)        1.491    12.403    design_1_i/axi_gpio_5/U0/gpio_core_1/s_axi_aclk
    SLICE_X28Y32         FDRE                                         r  design_1_i/axi_gpio_5/U0/gpio_core_1/Dual.gpio2_Data_Out_reg[4]/C
                         clock pessimism              0.263    12.667    
                         clock uncertainty           -0.069    12.597    
    SLICE_X28Y32         FDRE (Setup_fdre_C_D)       -0.028    12.569    design_1_i/axi_gpio_5/U0/gpio_core_1/Dual.gpio2_Data_Out_reg[4]
  -------------------------------------------------------------------
                         required time                         12.569    
                         arrival time                         -11.198    
  -------------------------------------------------------------------
                         slack                                  1.371    

Slack (MET) :             1.408ns  (required time - arrival time)
  Source:                 design_1_i/axi_smc/inst/s00_entry_pipeline/s00_mmu/inst/aw_reg_stall/m_vector_i_reg[1027]/C
                            (rising edge-triggered cell FDRE clocked by clk_125_clk_bd_clk_wiz_0_0  {rise@0.000ns fall@4.000ns period=8.000ns})
  Destination:            design_1_i/axi_smc/inst/s00_entry_pipeline/s00_si_converter/inst/gen_axilite_conv.axilite_conv_inst/aw_addr_reg[5]/D
                            (rising edge-triggered cell FDRE clocked by clk_125_clk_bd_clk_wiz_0_0  {rise@0.000ns fall@4.000ns period=8.000ns})
  Path Group:             clk_125_clk_bd_clk_wiz_0_0
  Path Type:              Setup (Max at Slow Process Corner)
  Requirement:            8.000ns  (clk_125_clk_bd_clk_wiz_0_0 rise@8.000ns - clk_125_clk_bd_clk_wiz_0_0 rise@0.000ns)
  Data Path Delay:        6.575ns  (logic 2.608ns (39.666%)  route 3.967ns (60.334%))
  Logic Levels:           9  (CARRY4=2 LUT2=1 LUT3=2 LUT4=1 LUT5=1 LUT6=2)
  Clock Path Skew:        -0.025ns (DCD - SCD + CPR)
    Destination Clock Delay (DCD):    4.463ns = ( 12.463 - 8.000 ) 
    Source Clock Delay      (SCD):    4.889ns
    Clock Pessimism Removal (CPR):    0.401ns
  Clock Uncertainty:      0.069ns  ((TSJ^2 + DJ^2)^1/2) / 2 + PE
    Total System Jitter     (TSJ):    0.071ns
    Discrete Jitter          (DJ):    0.119ns
    Phase Error              (PE):    0.000ns

    Location             Delay type                Incr(ns)  Path(ns)    Netlist Resource(s)
  -------------------------------------------------------------------    -------------------
                         (clock clk_125_clk_bd_clk_wiz_0_0 rise edge)
                                                      0.000     0.000 r  
    U18                                               0.000     0.000 r  adc_clk_p_i (IN)
                         net (fo=0)                   0.000     0.000    design_1_i/clk_0/U0/clk_wiz_0/inst/clk_in1_p
    U18                  IBUFDS (Prop_ibufds_I_O)     0.983     0.983 r  design_1_i/clk_0/U0/clk_wiz_0/inst/clkin1_ibufgds/O
                         net (fo=1, routed)           2.076     3.059    design_1_i/clk_0/U0/clk_wiz_0/inst/clk_in1_clk_bd_clk_wiz_0_0_buf
    BUFGCTRL_X0Y4        BUFG (Prop_bufg_I_O)         0.102     3.161 r  design_1_i/clk_0/U0/clk_wiz_0/inst/clkin1_bufg1/O
                         net (fo=1, routed)           1.677     4.838    design_1_i/clk_0/U0/clk_wiz_0/inst/clk_in1_clk_bd_clk_wiz_0_0
    MMCME2_ADV_X0Y0      MMCME2_ADV (Prop_mmcme2_adv_CLKIN1_CLKOUT0)
                                                     -3.538     1.300 r  design_1_i/clk_0/U0/clk_wiz_0/inst/mmcm_adv_inst/CLKOUT0
                         net (fo=1, routed)           1.760     3.060    design_1_i/clk_0/U0/clk_wiz_0/inst/clk_125_clk_bd_clk_wiz_0_0
    BUFGCTRL_X0Y0        BUFG (Prop_bufg_I_O)         0.101     3.161 r  design_1_i/clk_0/U0/clk_wiz_0/inst/clkout1_buf/O
                         net (fo=2421, routed)        1.728     4.889    design_1_i/axi_smc/inst/s00_entry_pipeline/s00_mmu/inst/aw_reg_stall/aclk
    SLICE_X2Y46          FDRE                                         r  design_1_i/axi_smc/inst/s00_entry_pipeline/s00_mmu/inst/aw_reg_stall/m_vector_i_reg[1027]/C
  -------------------------------------------------------------------    -------------------
    SLICE_X2Y46          FDRE (Prop_fdre_C_Q)         0.456     5.345 f  design_1_i/axi_smc/inst/s00_entry_pipeline/s00_mmu/inst/aw_reg_stall/m_vector_i_reg[1027]/Q
                         net (fo=20, routed)          0.663     6.008    design_1_i/axi_smc/inst/s00_entry_pipeline/s00_si_converter/inst/gen_axilite_conv.axilite_conv_inst/s_axi_awsize[1]
    SLICE_X2Y46          LUT2 (Prop_lut2_I1_O)        0.149     6.157 f  design_1_i/axi_smc/inst/s00_entry_pipeline/s00_si_converter/inst/gen_axilite_conv.axilite_conv_inst/aw_addr[6]_i_3/O
                         net (fo=2, routed)           0.661     6.818    design_1_i/axi_smc/inst/s00_entry_pipeline/s00_si_converter/inst/gen_axilite_conv.axilite_conv_inst/aw_addr[6]_i_3_n_0
    SLICE_X3Y46          LUT3 (Prop_lut3_I0_O)        0.360     7.178 r  design_1_i/axi_smc/inst/s00_entry_pipeline/s00_si_converter/inst/gen_axilite_conv.axilite_conv_inst/aw_addr[6]_i_2/O
                         net (fo=3, routed)           0.592     7.770    design_1_i/axi_smc/inst/s00_entry_pipeline/s00_si_converter/inst/gen_axilite_conv.axilite_conv_inst/wrap_awaddr[6]
    SLICE_X5Y46          LUT3 (Prop_lut3_I0_O)        0.332     8.102 r  design_1_i/axi_smc/inst/s00_entry_pipeline/s00_si_converter/inst/gen_axilite_conv.axilite_conv_inst/aw_addr[8]_i_21/O
                         net (fo=1, routed)           0.000     8.102    design_1_i/axi_smc/inst/s00_entry_pipeline/s00_si_converter/inst/gen_axilite_conv.axilite_conv_inst/aw_addr[8]_i_21_n_0
    SLICE_X5Y46          CARRY4 (Prop_carry4_S[2]_CO[3])
                                                      0.398     8.500 r  design_1_i/axi_smc/inst/s00_entry_pipeline/s00_si_converter/inst/gen_axilite_conv.axilite_conv_inst/aw_addr_reg[8]_i_14/CO[3]
                         net (fo=1, routed)           0.000     8.500    design_1_i/axi_smc/inst/s00_entry_pipeline/s00_si_converter/inst/gen_axilite_conv.axilite_conv_inst/aw_addr_reg[8]_i_14_n_0
    SLICE_X5Y47          CARRY4 (Prop_carry4_CI_O[2])
                                                      0.239     8.739 r  design_1_i/axi_smc/inst/s00_entry_pipeline/s00_si_converter/inst/gen_axilite_conv.axilite_conv_inst/aw_addr_reg[8]_i_17/O[2]
                         net (fo=1, routed)           0.432     9.170    design_1_i/axi_smc/inst/s00_entry_pipeline/s00_si_converter/inst/gen_axilite_conv.axilite_conv_inst/wrap_awaddr_limit[10]
    SLICE_X4Y48          LUT5 (Prop_lut5_I2_O)        0.302     9.472 f  design_1_i/axi_smc/inst/s00_entry_pipeline/s00_si_converter/inst/gen_axilite_conv.axilite_conv_inst/aw_addr[8]_i_19/O
                         net (fo=1, routed)           0.446     9.918    design_1_i/axi_smc/inst/s00_entry_pipeline/s00_si_converter/inst/gen_axilite_conv.axilite_conv_inst/aw_addr[8]_i_19_n_0
    SLICE_X4Y45          LUT6 (Prop_lut6_I5_O)        0.124    10.042 f  design_1_i/axi_smc/inst/s00_entry_pipeline/s00_si_converter/inst/gen_axilite_conv.axilite_conv_inst/aw_addr[8]_i_11/O
                         net (fo=1, routed)           0.607    10.649    design_1_i/axi_smc/inst/s00_entry_pipeline/s00_si_converter/inst/gen_axilite_conv.axilite_conv_inst/aw_addr[8]_i_11_n_0
    SLICE_X4Y46          LUT4 (Prop_lut4_I3_O)        0.124    10.773 r  design_1_i/axi_smc/inst/s00_entry_pipeline/s00_si_converter/inst/gen_axilite_conv.axilite_conv_inst/aw_addr[8]_i_5/O
                         net (fo=12, routed)          0.567    11.340    design_1_i/axi_smc/inst/s00_entry_pipeline/s00_si_converter/inst/gen_axilite_conv.axilite_conv_inst/aw_addr[8]_i_5_n_0
    SLICE_X4Y46          LUT6 (Prop_lut6_I1_O)        0.124    11.464 r  design_1_i/axi_smc/inst/s00_entry_pipeline/s00_si_converter/inst/gen_axilite_conv.axilite_conv_inst/aw_addr[5]_i_1/O
                         net (fo=1, routed)           0.000    11.464    design_1_i/axi_smc/inst/s00_entry_pipeline/s00_si_converter/inst/gen_axilite_conv.axilite_conv_inst/aw_addr[5]
    SLICE_X4Y46          FDRE                                         r  design_1_i/axi_smc/inst/s00_entry_pipeline/s00_si_converter/inst/gen_axilite_conv.axilite_conv_inst/aw_addr_reg[5]/D
  -------------------------------------------------------------------    -------------------

                         (clock clk_125_clk_bd_clk_wiz_0_0 rise edge)
                                                      8.000     8.000 r  
    U18                                               0.000     8.000 r  adc_clk_p_i (IN)
                         net (fo=0)                   0.000     8.000    design_1_i/clk_0/U0/clk_wiz_0/inst/clk_in1_p
    U18                  IBUFDS (Prop_ibufds_I_O)     0.940     8.940 r  design_1_i/clk_0/U0/clk_wiz_0/inst/clkin1_ibufgds/O
                         net (fo=1, routed)           1.880    10.820    design_1_i/clk_0/U0/clk_wiz_0/inst/clk_in1_clk_bd_clk_wiz_0_0_buf
    BUFGCTRL_X0Y4        BUFG (Prop_bufg_I_O)         0.092    10.912 r  design_1_i/clk_0/U0/clk_wiz_0/inst/clkin1_bufg1/O
                         net (fo=1, routed)           1.487    12.399    design_1_i/clk_0/U0/clk_wiz_0/inst/clk_in1_clk_bd_clk_wiz_0_0
    MMCME2_ADV_X0Y0      MMCME2_ADV (Prop_mmcme2_adv_CLKIN1_CLKOUT0)
                                                     -3.177     9.222 r  design_1_i/clk_0/U0/clk_wiz_0/inst/mmcm_adv_inst/CLKOUT0
                         net (fo=1, routed)           1.599    10.821    design_1_i/clk_0/U0/clk_wiz_0/inst/clk_125_clk_bd_clk_wiz_0_0
    BUFGCTRL_X0Y0        BUFG (Prop_bufg_I_O)         0.091    10.912 r  design_1_i/clk_0/U0/clk_wiz_0/inst/clkout1_buf/O
                         net (fo=2421, routed)        1.551    12.463    design_1_i/axi_smc/inst/s00_entry_pipeline/s00_si_converter/inst/gen_axilite_conv.axilite_conv_inst/aclk
    SLICE_X4Y46          FDRE                                         r  design_1_i/axi_smc/inst/s00_entry_pipeline/s00_si_converter/inst/gen_axilite_conv.axilite_conv_inst/aw_addr_reg[5]/C
                         clock pessimism              0.401    12.864    
                         clock uncertainty           -0.069    12.795    
    SLICE_X4Y46          FDRE (Setup_fdre_C_D)        0.077    12.872    design_1_i/axi_smc/inst/s00_entry_pipeline/s00_si_converter/inst/gen_axilite_conv.axilite_conv_inst/aw_addr_reg[5]
  -------------------------------------------------------------------
                         required time                         12.872    
                         arrival time                         -11.464    
  -------------------------------------------------------------------
                         slack                                  1.408    

Slack (MET) :             1.428ns  (required time - arrival time)
  Source:                 design_1_i/axi_smc/inst/s00_entry_pipeline/s00_mmu/inst/aw_reg_stall/m_vector_i_reg[1027]/C
                            (rising edge-triggered cell FDRE clocked by clk_125_clk_bd_clk_wiz_0_0  {rise@0.000ns fall@4.000ns period=8.000ns})
  Destination:            design_1_i/axi_smc/inst/s00_entry_pipeline/s00_si_converter/inst/gen_axilite_conv.axilite_conv_inst/aw_addr_reg[2]/D
                            (rising edge-triggered cell FDRE clocked by clk_125_clk_bd_clk_wiz_0_0  {rise@0.000ns fall@4.000ns period=8.000ns})
  Path Group:             clk_125_clk_bd_clk_wiz_0_0
  Path Type:              Setup (Max at Slow Process Corner)
  Requirement:            8.000ns  (clk_125_clk_bd_clk_wiz_0_0 rise@8.000ns - clk_125_clk_bd_clk_wiz_0_0 rise@0.000ns)
  Data Path Delay:        6.507ns  (logic 2.608ns (40.082%)  route 3.899ns (59.918%))
  Logic Levels:           9  (CARRY4=2 LUT2=1 LUT3=2 LUT4=1 LUT5=1 LUT6=2)
  Clock Path Skew:        -0.025ns (DCD - SCD + CPR)
    Destination Clock Delay (DCD):    4.463ns = ( 12.463 - 8.000 ) 
    Source Clock Delay      (SCD):    4.889ns
    Clock Pessimism Removal (CPR):    0.401ns
  Clock Uncertainty:      0.069ns  ((TSJ^2 + DJ^2)^1/2) / 2 + PE
    Total System Jitter     (TSJ):    0.071ns
    Discrete Jitter          (DJ):    0.119ns
    Phase Error              (PE):    0.000ns

    Location             Delay type                Incr(ns)  Path(ns)    Netlist Resource(s)
  -------------------------------------------------------------------    -------------------
                         (clock clk_125_clk_bd_clk_wiz_0_0 rise edge)
                                                      0.000     0.000 r  
    U18                                               0.000     0.000 r  adc_clk_p_i (IN)
                         net (fo=0)                   0.000     0.000    design_1_i/clk_0/U0/clk_wiz_0/inst/clk_in1_p
    U18                  IBUFDS (Prop_ibufds_I_O)     0.983     0.983 r  design_1_i/clk_0/U0/clk_wiz_0/inst/clkin1_ibufgds/O
                         net (fo=1, routed)           2.076     3.059    design_1_i/clk_0/U0/clk_wiz_0/inst/clk_in1_clk_bd_clk_wiz_0_0_buf
    BUFGCTRL_X0Y4        BUFG (Prop_bufg_I_O)         0.102     3.161 r  design_1_i/clk_0/U0/clk_wiz_0/inst/clkin1_bufg1/O
                         net (fo=1, routed)           1.677     4.838    design_1_i/clk_0/U0/clk_wiz_0/inst/clk_in1_clk_bd_clk_wiz_0_0
    MMCME2_ADV_X0Y0      MMCME2_ADV (Prop_mmcme2_adv_CLKIN1_CLKOUT0)
                                                     -3.538     1.300 r  design_1_i/clk_0/U0/clk_wiz_0/inst/mmcm_adv_inst/CLKOUT0
                         net (fo=1, routed)           1.760     3.060    design_1_i/clk_0/U0/clk_wiz_0/inst/clk_125_clk_bd_clk_wiz_0_0
    BUFGCTRL_X0Y0        BUFG (Prop_bufg_I_O)         0.101     3.161 r  design_1_i/clk_0/U0/clk_wiz_0/inst/clkout1_buf/O
                         net (fo=2421, routed)        1.728     4.889    design_1_i/axi_smc/inst/s00_entry_pipeline/s00_mmu/inst/aw_reg_stall/aclk
    SLICE_X2Y46          FDRE                                         r  design_1_i/axi_smc/inst/s00_entry_pipeline/s00_mmu/inst/aw_reg_stall/m_vector_i_reg[1027]/C
  -------------------------------------------------------------------    -------------------
    SLICE_X2Y46          FDRE (Prop_fdre_C_Q)         0.456     5.345 f  design_1_i/axi_smc/inst/s00_entry_pipeline/s00_mmu/inst/aw_reg_stall/m_vector_i_reg[1027]/Q
                         net (fo=20, routed)          0.663     6.008    design_1_i/axi_smc/inst/s00_entry_pipeline/s00_si_converter/inst/gen_axilite_conv.axilite_conv_inst/s_axi_awsize[1]
    SLICE_X2Y46          LUT2 (Prop_lut2_I1_O)        0.149     6.157 f  design_1_i/axi_smc/inst/s00_entry_pipeline/s00_si_converter/inst/gen_axilite_conv.axilite_conv_inst/aw_addr[6]_i_3/O
                         net (fo=2, routed)           0.661     6.818    design_1_i/axi_smc/inst/s00_entry_pipeline/s00_si_converter/inst/gen_axilite_conv.axilite_conv_inst/aw_addr[6]_i_3_n_0
    SLICE_X3Y46          LUT3 (Prop_lut3_I0_O)        0.360     7.178 r  design_1_i/axi_smc/inst/s00_entry_pipeline/s00_si_converter/inst/gen_axilite_conv.axilite_conv_inst/aw_addr[6]_i_2/O
                         net (fo=3, routed)           0.592     7.770    design_1_i/axi_smc/inst/s00_entry_pipeline/s00_si_converter/inst/gen_axilite_conv.axilite_conv_inst/wrap_awaddr[6]
    SLICE_X5Y46          LUT3 (Prop_lut3_I0_O)        0.332     8.102 r  design_1_i/axi_smc/inst/s00_entry_pipeline/s00_si_converter/inst/gen_axilite_conv.axilite_conv_inst/aw_addr[8]_i_21/O
                         net (fo=1, routed)           0.000     8.102    design_1_i/axi_smc/inst/s00_entry_pipeline/s00_si_converter/inst/gen_axilite_conv.axilite_conv_inst/aw_addr[8]_i_21_n_0
    SLICE_X5Y46          CARRY4 (Prop_carry4_S[2]_CO[3])
                                                      0.398     8.500 r  design_1_i/axi_smc/inst/s00_entry_pipeline/s00_si_converter/inst/gen_axilite_conv.axilite_conv_inst/aw_addr_reg[8]_i_14/CO[3]
                         net (fo=1, routed)           0.000     8.500    design_1_i/axi_smc/inst/s00_entry_pipeline/s00_si_converter/inst/gen_axilite_conv.axilite_conv_inst/aw_addr_reg[8]_i_14_n_0
    SLICE_X5Y47          CARRY4 (Prop_carry4_CI_O[2])
                                                      0.239     8.739 r  design_1_i/axi_smc/inst/s00_entry_pipeline/s00_si_converter/inst/gen_axilite_conv.axilite_conv_inst/aw_addr_reg[8]_i_17/O[2]
                         net (fo=1, routed)           0.432     9.170    design_1_i/axi_smc/inst/s00_entry_pipeline/s00_si_converter/inst/gen_axilite_conv.axilite_conv_inst/wrap_awaddr_limit[10]
    SLICE_X4Y48          LUT5 (Prop_lut5_I2_O)        0.302     9.472 f  design_1_i/axi_smc/inst/s00_entry_pipeline/s00_si_converter/inst/gen_axilite_conv.axilite_conv_inst/aw_addr[8]_i_19/O
                         net (fo=1, routed)           0.446     9.918    design_1_i/axi_smc/inst/s00_entry_pipeline/s00_si_converter/inst/gen_axilite_conv.axilite_conv_inst/aw_addr[8]_i_19_n_0
    SLICE_X4Y45          LUT6 (Prop_lut6_I5_O)        0.124    10.042 f  design_1_i/axi_smc/inst/s00_entry_pipeline/s00_si_converter/inst/gen_axilite_conv.axilite_conv_inst/aw_addr[8]_i_11/O
                         net (fo=1, routed)           0.607    10.649    design_1_i/axi_smc/inst/s00_entry_pipeline/s00_si_converter/inst/gen_axilite_conv.axilite_conv_inst/aw_addr[8]_i_11_n_0
    SLICE_X4Y46          LUT4 (Prop_lut4_I3_O)        0.124    10.773 r  design_1_i/axi_smc/inst/s00_entry_pipeline/s00_si_converter/inst/gen_axilite_conv.axilite_conv_inst/aw_addr[8]_i_5/O
                         net (fo=12, routed)          0.498    11.272    design_1_i/axi_smc/inst/s00_entry_pipeline/s00_si_converter/inst/gen_axilite_conv.axilite_conv_inst/aw_addr[8]_i_5_n_0
    SLICE_X3Y45          LUT6 (Prop_lut6_I1_O)        0.124    11.396 r  design_1_i/axi_smc/inst/s00_entry_pipeline/s00_si_converter/inst/gen_axilite_conv.axilite_conv_inst/aw_addr[2]_i_1/O
                         net (fo=1, routed)           0.000    11.396    design_1_i/axi_smc/inst/s00_entry_pipeline/s00_si_converter/inst/gen_axilite_conv.axilite_conv_inst/aw_addr[2]
    SLICE_X3Y45          FDRE                                         r  design_1_i/axi_smc/inst/s00_entry_pipeline/s00_si_converter/inst/gen_axilite_conv.axilite_conv_inst/aw_addr_reg[2]/D
  -------------------------------------------------------------------    -------------------

                         (clock clk_125_clk_bd_clk_wiz_0_0 rise edge)
                                                      8.000     8.000 r  
    U18                                               0.000     8.000 r  adc_clk_p_i (IN)
                         net (fo=0)                   0.000     8.000    design_1_i/clk_0/U0/clk_wiz_0/inst/clk_in1_p
    U18                  IBUFDS (Prop_ibufds_I_O)     0.940     8.940 r  design_1_i/clk_0/U0/clk_wiz_0/inst/clkin1_ibufgds/O
                         net (fo=1, routed)           1.880    10.820    design_1_i/clk_0/U0/clk_wiz_0/inst/clk_in1_clk_bd_clk_wiz_0_0_buf
    BUFGCTRL_X0Y4        BUFG (Prop_bufg_I_O)         0.092    10.912 r  design_1_i/clk_0/U0/clk_wiz_0/inst/clkin1_bufg1/O
                         net (fo=1, routed)           1.487    12.399    design_1_i/clk_0/U0/clk_wiz_0/inst/clk_in1_clk_bd_clk_wiz_0_0
    MMCME2_ADV_X0Y0      MMCME2_ADV (Prop_mmcme2_adv_CLKIN1_CLKOUT0)
                                                     -3.177     9.222 r  design_1_i/clk_0/U0/clk_wiz_0/inst/mmcm_adv_inst/CLKOUT0
                         net (fo=1, routed)           1.599    10.821    design_1_i/clk_0/U0/clk_wiz_0/inst/clk_125_clk_bd_clk_wiz_0_0
    BUFGCTRL_X0Y0        BUFG (Prop_bufg_I_O)         0.091    10.912 r  design_1_i/clk_0/U0/clk_wiz_0/inst/clkout1_buf/O
                         net (fo=2421, routed)        1.551    12.463    design_1_i/axi_smc/inst/s00_entry_pipeline/s00_si_converter/inst/gen_axilite_conv.axilite_conv_inst/aclk
    SLICE_X3Y45          FDRE                                         r  design_1_i/axi_smc/inst/s00_entry_pipeline/s00_si_converter/inst/gen_axilite_conv.axilite_conv_inst/aw_addr_reg[2]/C
                         clock pessimism              0.401    12.864    
                         clock uncertainty           -0.069    12.795    
    SLICE_X3Y45          FDRE (Setup_fdre_C_D)        0.029    12.824    design_1_i/axi_smc/inst/s00_entry_pipeline/s00_si_converter/inst/gen_axilite_conv.axilite_conv_inst/aw_addr_reg[2]
  -------------------------------------------------------------------
                         required time                         12.824    
                         arrival time                         -11.396    
  -------------------------------------------------------------------
                         slack                                  1.428    

Slack (MET) :             1.433ns  (required time - arrival time)
  Source:                 design_1_i/axi_smc/inst/s00_entry_pipeline/s00_mmu/inst/aw_reg_stall/m_vector_i_reg[1027]/C
                            (rising edge-triggered cell FDRE clocked by clk_125_clk_bd_clk_wiz_0_0  {rise@0.000ns fall@4.000ns period=8.000ns})
  Destination:            design_1_i/axi_smc/inst/s00_entry_pipeline/s00_si_converter/inst/gen_axilite_conv.axilite_conv_inst/aw_addr_reg[3]/D
                            (rising edge-triggered cell FDRE clocked by clk_125_clk_bd_clk_wiz_0_0  {rise@0.000ns fall@4.000ns period=8.000ns})
  Path Group:             clk_125_clk_bd_clk_wiz_0_0
  Path Type:              Setup (Max at Slow Process Corner)
  Requirement:            8.000ns  (clk_125_clk_bd_clk_wiz_0_0 rise@8.000ns - clk_125_clk_bd_clk_wiz_0_0 rise@0.000ns)
  Data Path Delay:        6.504ns  (logic 2.608ns (40.101%)  route 3.896ns (59.899%))
  Logic Levels:           9  (CARRY4=2 LUT2=1 LUT3=2 LUT4=1 LUT5=1 LUT6=2)
  Clock Path Skew:        -0.025ns (DCD - SCD + CPR)
    Destination Clock Delay (DCD):    4.463ns = ( 12.463 - 8.000 ) 
    Source Clock Delay      (SCD):    4.889ns
    Clock Pessimism Removal (CPR):    0.401ns
  Clock Uncertainty:      0.069ns  ((TSJ^2 + DJ^2)^1/2) / 2 + PE
    Total System Jitter     (TSJ):    0.071ns
    Discrete Jitter          (DJ):    0.119ns
    Phase Error              (PE):    0.000ns

    Location             Delay type                Incr(ns)  Path(ns)    Netlist Resource(s)
  -------------------------------------------------------------------    -------------------
                         (clock clk_125_clk_bd_clk_wiz_0_0 rise edge)
                                                      0.000     0.000 r  
    U18                                               0.000     0.000 r  adc_clk_p_i (IN)
                         net (fo=0)                   0.000     0.000    design_1_i/clk_0/U0/clk_wiz_0/inst/clk_in1_p
    U18                  IBUFDS (Prop_ibufds_I_O)     0.983     0.983 r  design_1_i/clk_0/U0/clk_wiz_0/inst/clkin1_ibufgds/O
                         net (fo=1, routed)           2.076     3.059    design_1_i/clk_0/U0/clk_wiz_0/inst/clk_in1_clk_bd_clk_wiz_0_0_buf
    BUFGCTRL_X0Y4        BUFG (Prop_bufg_I_O)         0.102     3.161 r  design_1_i/clk_0/U0/clk_wiz_0/inst/clkin1_bufg1/O
                         net (fo=1, routed)           1.677     4.838    design_1_i/clk_0/U0/clk_wiz_0/inst/clk_in1_clk_bd_clk_wiz_0_0
    MMCME2_ADV_X0Y0      MMCME2_ADV (Prop_mmcme2_adv_CLKIN1_CLKOUT0)
                                                     -3.538     1.300 r  design_1_i/clk_0/U0/clk_wiz_0/inst/mmcm_adv_inst/CLKOUT0
                         net (fo=1, routed)           1.760     3.060    design_1_i/clk_0/U0/clk_wiz_0/inst/clk_125_clk_bd_clk_wiz_0_0
    BUFGCTRL_X0Y0        BUFG (Prop_bufg_I_O)         0.101     3.161 r  design_1_i/clk_0/U0/clk_wiz_0/inst/clkout1_buf/O
                         net (fo=2421, routed)        1.728     4.889    design_1_i/axi_smc/inst/s00_entry_pipeline/s00_mmu/inst/aw_reg_stall/aclk
    SLICE_X2Y46          FDRE                                         r  design_1_i/axi_smc/inst/s00_entry_pipeline/s00_mmu/inst/aw_reg_stall/m_vector_i_reg[1027]/C
  -------------------------------------------------------------------    -------------------
    SLICE_X2Y46          FDRE (Prop_fdre_C_Q)         0.456     5.345 f  design_1_i/axi_smc/inst/s00_entry_pipeline/s00_mmu/inst/aw_reg_stall/m_vector_i_reg[1027]/Q
                         net (fo=20, routed)          0.663     6.008    design_1_i/axi_smc/inst/s00_entry_pipeline/s00_si_converter/inst/gen_axilite_conv.axilite_conv_inst/s_axi_awsize[1]
    SLICE_X2Y46          LUT2 (Prop_lut2_I1_O)        0.149     6.157 f  design_1_i/axi_smc/inst/s00_entry_pipeline/s00_si_converter/inst/gen_axilite_conv.axilite_conv_inst/aw_addr[6]_i_3/O
                         net (fo=2, routed)           0.661     6.818    design_1_i/axi_smc/inst/s00_entry_pipeline/s00_si_converter/inst/gen_axilite_conv.axilite_conv_inst/aw_addr[6]_i_3_n_0
    SLICE_X3Y46          LUT3 (Prop_lut3_I0_O)        0.360     7.178 r  design_1_i/axi_smc/inst/s00_entry_pipeline/s00_si_converter/inst/gen_axilite_conv.axilite_conv_inst/aw_addr[6]_i_2/O
                         net (fo=3, routed)           0.592     7.770    design_1_i/axi_smc/inst/s00_entry_pipeline/s00_si_converter/inst/gen_axilite_conv.axilite_conv_inst/wrap_awaddr[6]
    SLICE_X5Y46          LUT3 (Prop_lut3_I0_O)        0.332     8.102 r  design_1_i/axi_smc/inst/s00_entry_pipeline/s00_si_converter/inst/gen_axilite_conv.axilite_conv_inst/aw_addr[8]_i_21/O
                         net (fo=1, routed)           0.000     8.102    design_1_i/axi_smc/inst/s00_entry_pipeline/s00_si_converter/inst/gen_axilite_conv.axilite_conv_inst/aw_addr[8]_i_21_n_0
    SLICE_X5Y46          CARRY4 (Prop_carry4_S[2]_CO[3])
                                                      0.398     8.500 r  design_1_i/axi_smc/inst/s00_entry_pipeline/s00_si_converter/inst/gen_axilite_conv.axilite_conv_inst/aw_addr_reg[8]_i_14/CO[3]
                         net (fo=1, routed)           0.000     8.500    design_1_i/axi_smc/inst/s00_entry_pipeline/s00_si_converter/inst/gen_axilite_conv.axilite_conv_inst/aw_addr_reg[8]_i_14_n_0
    SLICE_X5Y47          CARRY4 (Prop_carry4_CI_O[2])
                                                      0.239     8.739 r  design_1_i/axi_smc/inst/s00_entry_pipeline/s00_si_converter/inst/gen_axilite_conv.axilite_conv_inst/aw_addr_reg[8]_i_17/O[2]
                         net (fo=1, routed)           0.432     9.170    design_1_i/axi_smc/inst/s00_entry_pipeline/s00_si_converter/inst/gen_axilite_conv.axilite_conv_inst/wrap_awaddr_limit[10]
    SLICE_X4Y48          LUT5 (Prop_lut5_I2_O)        0.302     9.472 f  design_1_i/axi_smc/inst/s00_entry_pipeline/s00_si_converter/inst/gen_axilite_conv.axilite_conv_inst/aw_addr[8]_i_19/O
                         net (fo=1, routed)           0.446     9.918    design_1_i/axi_smc/inst/s00_entry_pipeline/s00_si_converter/inst/gen_axilite_conv.axilite_conv_inst/aw_addr[8]_i_19_n_0
    SLICE_X4Y45          LUT6 (Prop_lut6_I5_O)        0.124    10.042 f  design_1_i/axi_smc/inst/s00_entry_pipeline/s00_si_converter/inst/gen_axilite_conv.axilite_conv_inst/aw_addr[8]_i_11/O
                         net (fo=1, routed)           0.607    10.649    design_1_i/axi_smc/inst/s00_entry_pipeline/s00_si_converter/inst/gen_axilite_conv.axilite_conv_inst/aw_addr[8]_i_11_n_0
    SLICE_X4Y46          LUT4 (Prop_lut4_I3_O)        0.124    10.773 r  design_1_i/axi_smc/inst/s00_entry_pipeline/s00_si_converter/inst/gen_axilite_conv.axilite_conv_inst/aw_addr[8]_i_5/O
                         net (fo=12, routed)          0.495    11.269    design_1_i/axi_smc/inst/s00_entry_pipeline/s00_si_converter/inst/gen_axilite_conv.axilite_conv_inst/aw_addr[8]_i_5_n_0
    SLICE_X3Y45          LUT6 (Prop_lut6_I1_O)        0.124    11.393 r  design_1_i/axi_smc/inst/s00_entry_pipeline/s00_si_converter/inst/gen_axilite_conv.axilite_conv_inst/aw_addr[3]_i_1/O
                         net (fo=1, routed)           0.000    11.393    design_1_i/axi_smc/inst/s00_entry_pipeline/s00_si_converter/inst/gen_axilite_conv.axilite_conv_inst/aw_addr[3]
    SLICE_X3Y45          FDRE                                         r  design_1_i/axi_smc/inst/s00_entry_pipeline/s00_si_converter/inst/gen_axilite_conv.axilite_conv_inst/aw_addr_reg[3]/D
  -------------------------------------------------------------------    -------------------

                         (clock clk_125_clk_bd_clk_wiz_0_0 rise edge)
                                                      8.000     8.000 r  
    U18                                               0.000     8.000 r  adc_clk_p_i (IN)
                         net (fo=0)                   0.000     8.000    design_1_i/clk_0/U0/clk_wiz_0/inst/clk_in1_p
    U18                  IBUFDS (Prop_ibufds_I_O)     0.940     8.940 r  design_1_i/clk_0/U0/clk_wiz_0/inst/clkin1_ibufgds/O
                         net (fo=1, routed)           1.880    10.820    design_1_i/clk_0/U0/clk_wiz_0/inst/clk_in1_clk_bd_clk_wiz_0_0_buf
    BUFGCTRL_X0Y4        BUFG (Prop_bufg_I_O)         0.092    10.912 r  design_1_i/clk_0/U0/clk_wiz_0/inst/clkin1_bufg1/O
                         net (fo=1, routed)           1.487    12.399    design_1_i/clk_0/U0/clk_wiz_0/inst/clk_in1_clk_bd_clk_wiz_0_0
    MMCME2_ADV_X0Y0      MMCME2_ADV (Prop_mmcme2_adv_CLKIN1_CLKOUT0)
                                                     -3.177     9.222 r  design_1_i/clk_0/U0/clk_wiz_0/inst/mmcm_adv_inst/CLKOUT0
                         net (fo=1, routed)           1.599    10.821    design_1_i/clk_0/U0/clk_wiz_0/inst/clk_125_clk_bd_clk_wiz_0_0
    BUFGCTRL_X0Y0        BUFG (Prop_bufg_I_O)         0.091    10.912 r  design_1_i/clk_0/U0/clk_wiz_0/inst/clkout1_buf/O
                         net (fo=2421, routed)        1.551    12.463    design_1_i/axi_smc/inst/s00_entry_pipeline/s00_si_converter/inst/gen_axilite_conv.axilite_conv_inst/aclk
    SLICE_X3Y45          FDRE                                         r  design_1_i/axi_smc/inst/s00_entry_pipeline/s00_si_converter/inst/gen_axilite_conv.axilite_conv_inst/aw_addr_reg[3]/C
                         clock pessimism              0.401    12.864    
                         clock uncertainty           -0.069    12.795    
    SLICE_X3Y45          FDRE (Setup_fdre_C_D)        0.031    12.826    design_1_i/axi_smc/inst/s00_entry_pipeline/s00_si_converter/inst/gen_axilite_conv.axilite_conv_inst/aw_addr_reg[3]
  -------------------------------------------------------------------
                         required time                         12.826    
                         arrival time                         -11.393    
  -------------------------------------------------------------------
                         slack                                  1.433    

Slack (MET) :             1.437ns  (required time - arrival time)
  Source:                 design_1_i/axi_smc/inst/s00_entry_pipeline/s00_mmu/inst/aw_reg_stall/m_vector_i_reg[1027]/C
                            (rising edge-triggered cell FDRE clocked by clk_125_clk_bd_clk_wiz_0_0  {rise@0.000ns fall@4.000ns period=8.000ns})
  Destination:            design_1_i/axi_smc/inst/s00_entry_pipeline/s00_si_converter/inst/gen_axilite_conv.axilite_conv_inst/aw_addr_reg[8]/D
                            (rising edge-triggered cell FDRE clocked by clk_125_clk_bd_clk_wiz_0_0  {rise@0.000ns fall@4.000ns period=8.000ns})
  Path Group:             clk_125_clk_bd_clk_wiz_0_0
  Path Type:              Setup (Max at Slow Process Corner)
  Requirement:            8.000ns  (clk_125_clk_bd_clk_wiz_0_0 rise@8.000ns - clk_125_clk_bd_clk_wiz_0_0 rise@0.000ns)
  Data Path Delay:        6.500ns  (logic 2.608ns (40.121%)  route 3.892ns (59.879%))
  Logic Levels:           9  (CARRY4=2 LUT2=1 LUT3=2 LUT4=1 LUT5=2 LUT6=1)
  Clock Path Skew:        -0.024ns (DCD - SCD + CPR)
    Destination Clock Delay (DCD):    4.464ns = ( 12.464 - 8.000 ) 
    Source Clock Delay      (SCD):    4.889ns
    Clock Pessimism Removal (CPR):    0.401ns
  Clock Uncertainty:      0.069ns  ((TSJ^2 + DJ^2)^1/2) / 2 + PE
    Total System Jitter     (TSJ):    0.071ns
    Discrete Jitter          (DJ):    0.119ns
    Phase Error              (PE):    0.000ns

    Location             Delay type                Incr(ns)  Path(ns)    Netlist Resource(s)
  -------------------------------------------------------------------    -------------------
                         (clock clk_125_clk_bd_clk_wiz_0_0 rise edge)
                                                      0.000     0.000 r  
    U18                                               0.000     0.000 r  adc_clk_p_i (IN)
                         net (fo=0)                   0.000     0.000    design_1_i/clk_0/U0/clk_wiz_0/inst/clk_in1_p
    U18                  IBUFDS (Prop_ibufds_I_O)     0.983     0.983 r  design_1_i/clk_0/U0/clk_wiz_0/inst/clkin1_ibufgds/O
                         net (fo=1, routed)           2.076     3.059    design_1_i/clk_0/U0/clk_wiz_0/inst/clk_in1_clk_bd_clk_wiz_0_0_buf
    BUFGCTRL_X0Y4        BUFG (Prop_bufg_I_O)         0.102     3.161 r  design_1_i/clk_0/U0/clk_wiz_0/inst/clkin1_bufg1/O
                         net (fo=1, routed)           1.677     4.838    design_1_i/clk_0/U0/clk_wiz_0/inst/clk_in1_clk_bd_clk_wiz_0_0
    MMCME2_ADV_X0Y0      MMCME2_ADV (Prop_mmcme2_adv_CLKIN1_CLKOUT0)
                                                     -3.538     1.300 r  design_1_i/clk_0/U0/clk_wiz_0/inst/mmcm_adv_inst/CLKOUT0
                         net (fo=1, routed)           1.760     3.060    design_1_i/clk_0/U0/clk_wiz_0/inst/clk_125_clk_bd_clk_wiz_0_0
    BUFGCTRL_X0Y0        BUFG (Prop_bufg_I_O)         0.101     3.161 r  design_1_i/clk_0/U0/clk_wiz_0/inst/clkout1_buf/O
                         net (fo=2421, routed)        1.728     4.889    design_1_i/axi_smc/inst/s00_entry_pipeline/s00_mmu/inst/aw_reg_stall/aclk
    SLICE_X2Y46          FDRE                                         r  design_1_i/axi_smc/inst/s00_entry_pipeline/s00_mmu/inst/aw_reg_stall/m_vector_i_reg[1027]/C
  -------------------------------------------------------------------    -------------------
    SLICE_X2Y46          FDRE (Prop_fdre_C_Q)         0.456     5.345 f  design_1_i/axi_smc/inst/s00_entry_pipeline/s00_mmu/inst/aw_reg_stall/m_vector_i_reg[1027]/Q
                         net (fo=20, routed)          0.663     6.008    design_1_i/axi_smc/inst/s00_entry_pipeline/s00_si_converter/inst/gen_axilite_conv.axilite_conv_inst/s_axi_awsize[1]
    SLICE_X2Y46          LUT2 (Prop_lut2_I1_O)        0.149     6.157 f  design_1_i/axi_smc/inst/s00_entry_pipeline/s00_si_converter/inst/gen_axilite_conv.axilite_conv_inst/aw_addr[6]_i_3/O
                         net (fo=2, routed)           0.661     6.818    design_1_i/axi_smc/inst/s00_entry_pipeline/s00_si_converter/inst/gen_axilite_conv.axilite_conv_inst/aw_addr[6]_i_3_n_0
    SLICE_X3Y46          LUT3 (Prop_lut3_I0_O)        0.360     7.178 r  design_1_i/axi_smc/inst/s00_entry_pipeline/s00_si_converter/inst/gen_axilite_conv.axilite_conv_inst/aw_addr[6]_i_2/O
                         net (fo=3, routed)           0.592     7.770    design_1_i/axi_smc/inst/s00_entry_pipeline/s00_si_converter/inst/gen_axilite_conv.axilite_conv_inst/wrap_awaddr[6]
    SLICE_X5Y46          LUT3 (Prop_lut3_I0_O)        0.332     8.102 r  design_1_i/axi_smc/inst/s00_entry_pipeline/s00_si_converter/inst/gen_axilite_conv.axilite_conv_inst/aw_addr[8]_i_21/O
                         net (fo=1, routed)           0.000     8.102    design_1_i/axi_smc/inst/s00_entry_pipeline/s00_si_converter/inst/gen_axilite_conv.axilite_conv_inst/aw_addr[8]_i_21_n_0
    SLICE_X5Y46          CARRY4 (Prop_carry4_S[2]_CO[3])
                                                      0.398     8.500 r  design_1_i/axi_smc/inst/s00_entry_pipeline/s00_si_converter/inst/gen_axilite_conv.axilite_conv_inst/aw_addr_reg[8]_i_14/CO[3]
                         net (fo=1, routed)           0.000     8.500    design_1_i/axi_smc/inst/s00_entry_pipeline/s00_si_converter/inst/gen_axilite_conv.axilite_conv_inst/aw_addr_reg[8]_i_14_n_0
    SLICE_X5Y47          CARRY4 (Prop_carry4_CI_O[2])
                                                      0.239     8.739 r  design_1_i/axi_smc/inst/s00_entry_pipeline/s00_si_converter/inst/gen_axilite_conv.axilite_conv_inst/aw_addr_reg[8]_i_17/O[2]
                         net (fo=1, routed)           0.432     9.170    design_1_i/axi_smc/inst/s00_entry_pipeline/s00_si_converter/inst/gen_axilite_conv.axilite_conv_inst/wrap_awaddr_limit[10]
    SLICE_X4Y48          LUT5 (Prop_lut5_I2_O)        0.302     9.472 f  design_1_i/axi_smc/inst/s00_entry_pipeline/s00_si_converter/inst/gen_axilite_conv.axilite_conv_inst/aw_addr[8]_i_19/O
                         net (fo=1, routed)           0.446     9.918    design_1_i/axi_smc/inst/s00_entry_pipeline/s00_si_converter/inst/gen_axilite_conv.axilite_conv_inst/aw_addr[8]_i_19_n_0
    SLICE_X4Y45          LUT6 (Prop_lut6_I5_O)        0.124    10.042 f  design_1_i/axi_smc/inst/s00_entry_pipeline/s00_si_converter/inst/gen_axilite_conv.axilite_conv_inst/aw_addr[8]_i_11/O
                         net (fo=1, routed)           0.607    10.649    design_1_i/axi_smc/inst/s00_entry_pipeline/s00_si_converter/inst/gen_axilite_conv.axilite_conv_inst/aw_addr[8]_i_11_n_0
    SLICE_X4Y46          LUT4 (Prop_lut4_I3_O)        0.124    10.773 r  design_1_i/axi_smc/inst/s00_entry_pipeline/s00_si_converter/inst/gen_axilite_conv.axilite_conv_inst/aw_addr[8]_i_5/O
                         net (fo=12, routed)          0.492    11.265    design_1_i/axi_smc/inst/s00_entry_pipeline/s00_si_converter/inst/gen_axilite_conv.axilite_conv_inst/aw_addr[8]_i_5_n_0
    SLICE_X3Y47          LUT5 (Prop_lut5_I1_O)        0.124    11.389 r  design_1_i/axi_smc/inst/s00_entry_pipeline/s00_si_converter/inst/gen_axilite_conv.axilite_conv_inst/aw_addr[8]_i_2/O
                         net (fo=1, routed)           0.000    11.389    design_1_i/axi_smc/inst/s00_entry_pipeline/s00_si_converter/inst/gen_axilite_conv.axilite_conv_inst/aw_addr[8]
    SLICE_X3Y47          FDRE                                         r  design_1_i/axi_smc/inst/s00_entry_pipeline/s00_si_converter/inst/gen_axilite_conv.axilite_conv_inst/aw_addr_reg[8]/D
  -------------------------------------------------------------------    -------------------

                         (clock clk_125_clk_bd_clk_wiz_0_0 rise edge)
                                                      8.000     8.000 r  
    U18                                               0.000     8.000 r  adc_clk_p_i (IN)
                         net (fo=0)                   0.000     8.000    design_1_i/clk_0/U0/clk_wiz_0/inst/clk_in1_p
    U18                  IBUFDS (Prop_ibufds_I_O)     0.940     8.940 r  design_1_i/clk_0/U0/clk_wiz_0/inst/clkin1_ibufgds/O
                         net (fo=1, routed)           1.880    10.820    design_1_i/clk_0/U0/clk_wiz_0/inst/clk_in1_clk_bd_clk_wiz_0_0_buf
    BUFGCTRL_X0Y4        BUFG (Prop_bufg_I_O)         0.092    10.912 r  design_1_i/clk_0/U0/clk_wiz_0/inst/clkin1_bufg1/O
                         net (fo=1, routed)           1.487    12.399    design_1_i/clk_0/U0/clk_wiz_0/inst/clk_in1_clk_bd_clk_wiz_0_0
    MMCME2_ADV_X0Y0      MMCME2_ADV (Prop_mmcme2_adv_CLKIN1_CLKOUT0)
                                                     -3.177     9.222 r  design_1_i/clk_0/U0/clk_wiz_0/inst/mmcm_adv_inst/CLKOUT0
                         net (fo=1, routed)           1.599    10.821    design_1_i/clk_0/U0/clk_wiz_0/inst/clk_125_clk_bd_clk_wiz_0_0
    BUFGCTRL_X0Y0        BUFG (Prop_bufg_I_O)         0.091    10.912 r  design_1_i/clk_0/U0/clk_wiz_0/inst/clkout1_buf/O
                         net (fo=2421, routed)        1.552    12.464    design_1_i/axi_smc/inst/s00_entry_pipeline/s00_si_converter/inst/gen_axilite_conv.axilite_conv_inst/aclk
    SLICE_X3Y47          FDRE                                         r  design_1_i/axi_smc/inst/s00_entry_pipeline/s00_si_converter/inst/gen_axilite_conv.axilite_conv_inst/aw_addr_reg[8]/C
                         clock pessimism              0.401    12.865    
                         clock uncertainty           -0.069    12.796    
    SLICE_X3Y47          FDRE (Setup_fdre_C_D)        0.031    12.827    design_1_i/axi_smc/inst/s00_entry_pipeline/s00_si_converter/inst/gen_axilite_conv.axilite_conv_inst/aw_addr_reg[8]
  -------------------------------------------------------------------
                         required time                         12.827    
                         arrival time                         -11.389    
  -------------------------------------------------------------------
                         slack                                  1.437    

Slack (MET) :             1.447ns  (required time - arrival time)
  Source:                 design_1_i/axi_smc/inst/s00_entry_pipeline/s00_mmu/inst/aw_reg_stall/m_vector_i_reg[1027]/C
                            (rising edge-triggered cell FDRE clocked by clk_125_clk_bd_clk_wiz_0_0  {rise@0.000ns fall@4.000ns period=8.000ns})
  Destination:            design_1_i/axi_smc/inst/s00_entry_pipeline/s00_si_converter/inst/gen_axilite_conv.axilite_conv_inst/aw_addr_reg[1]/D
                            (rising edge-triggered cell FDRE clocked by clk_125_clk_bd_clk_wiz_0_0  {rise@0.000ns fall@4.000ns period=8.000ns})
  Path Group:             clk_125_clk_bd_clk_wiz_0_0
  Path Type:              Setup (Max at Slow Process Corner)
  Requirement:            8.000ns  (clk_125_clk_bd_clk_wiz_0_0 rise@8.000ns - clk_125_clk_bd_clk_wiz_0_0 rise@0.000ns)
  Data Path Delay:        6.536ns  (logic 2.608ns (39.905%)  route 3.928ns (60.095%))
  Logic Levels:           9  (CARRY4=2 LUT2=1 LUT3=2 LUT4=1 LUT5=1 LUT6=2)
  Clock Path Skew:        -0.025ns (DCD - SCD + CPR)
    Destination Clock Delay (DCD):    4.463ns = ( 12.463 - 8.000 ) 
    Source Clock Delay      (SCD):    4.889ns
    Clock Pessimism Removal (CPR):    0.401ns
  Clock Uncertainty:      0.069ns  ((TSJ^2 + DJ^2)^1/2) / 2 + PE
    Total System Jitter     (TSJ):    0.071ns
    Discrete Jitter          (DJ):    0.119ns
    Phase Error              (PE):    0.000ns

    Location             Delay type                Incr(ns)  Path(ns)    Netlist Resource(s)
  -------------------------------------------------------------------    -------------------
                         (clock clk_125_clk_bd_clk_wiz_0_0 rise edge)
                                                      0.000     0.000 r  
    U18                                               0.000     0.000 r  adc_clk_p_i (IN)
                         net (fo=0)                   0.000     0.000    design_1_i/clk_0/U0/clk_wiz_0/inst/clk_in1_p
    U18                  IBUFDS (Prop_ibufds_I_O)     0.983     0.983 r  design_1_i/clk_0/U0/clk_wiz_0/inst/clkin1_ibufgds/O
                         net (fo=1, routed)           2.076     3.059    design_1_i/clk_0/U0/clk_wiz_0/inst/clk_in1_clk_bd_clk_wiz_0_0_buf
    BUFGCTRL_X0Y4        BUFG (Prop_bufg_I_O)         0.102     3.161 r  design_1_i/clk_0/U0/clk_wiz_0/inst/clkin1_bufg1/O
                         net (fo=1, routed)           1.677     4.838    design_1_i/clk_0/U0/clk_wiz_0/inst/clk_in1_clk_bd_clk_wiz_0_0
    MMCME2_ADV_X0Y0      MMCME2_ADV (Prop_mmcme2_adv_CLKIN1_CLKOUT0)
                                                     -3.538     1.300 r  design_1_i/clk_0/U0/clk_wiz_0/inst/mmcm_adv_inst/CLKOUT0
                         net (fo=1, routed)           1.760     3.060    design_1_i/clk_0/U0/clk_wiz_0/inst/clk_125_clk_bd_clk_wiz_0_0
    BUFGCTRL_X0Y0        BUFG (Prop_bufg_I_O)         0.101     3.161 r  design_1_i/clk_0/U0/clk_wiz_0/inst/clkout1_buf/O
                         net (fo=2421, routed)        1.728     4.889    design_1_i/axi_smc/inst/s00_entry_pipeline/s00_mmu/inst/aw_reg_stall/aclk
    SLICE_X2Y46          FDRE                                         r  design_1_i/axi_smc/inst/s00_entry_pipeline/s00_mmu/inst/aw_reg_stall/m_vector_i_reg[1027]/C
  -------------------------------------------------------------------    -------------------
    SLICE_X2Y46          FDRE (Prop_fdre_C_Q)         0.456     5.345 f  design_1_i/axi_smc/inst/s00_entry_pipeline/s00_mmu/inst/aw_reg_stall/m_vector_i_reg[1027]/Q
                         net (fo=20, routed)          0.663     6.008    design_1_i/axi_smc/inst/s00_entry_pipeline/s00_si_converter/inst/gen_axilite_conv.axilite_conv_inst/s_axi_awsize[1]
    SLICE_X2Y46          LUT2 (Prop_lut2_I1_O)        0.149     6.157 f  design_1_i/axi_smc/inst/s00_entry_pipeline/s00_si_converter/inst/gen_axilite_conv.axilite_conv_inst/aw_addr[6]_i_3/O
                         net (fo=2, routed)           0.661     6.818    design_1_i/axi_smc/inst/s00_entry_pipeline/s00_si_converter/inst/gen_axilite_conv.axilite_conv_inst/aw_addr[6]_i_3_n_0
    SLICE_X3Y46          LUT3 (Prop_lut3_I0_O)        0.360     7.178 r  design_1_i/axi_smc/inst/s00_entry_pipeline/s00_si_converter/inst/gen_axilite_conv.axilite_conv_inst/aw_addr[6]_i_2/O
                         net (fo=3, routed)           0.592     7.770    design_1_i/axi_smc/inst/s00_entry_pipeline/s00_si_converter/inst/gen_axilite_conv.axilite_conv_inst/wrap_awaddr[6]
    SLICE_X5Y46          LUT3 (Prop_lut3_I0_O)        0.332     8.102 r  design_1_i/axi_smc/inst/s00_entry_pipeline/s00_si_converter/inst/gen_axilite_conv.axilite_conv_inst/aw_addr[8]_i_21/O
                         net (fo=1, routed)           0.000     8.102    design_1_i/axi_smc/inst/s00_entry_pipeline/s00_si_converter/inst/gen_axilite_conv.axilite_conv_inst/aw_addr[8]_i_21_n_0
    SLICE_X5Y46          CARRY4 (Prop_carry4_S[2]_CO[3])
                                                      0.398     8.500 r  design_1_i/axi_smc/inst/s00_entry_pipeline/s00_si_converter/inst/gen_axilite_conv.axilite_conv_inst/aw_addr_reg[8]_i_14/CO[3]
                         net (fo=1, routed)           0.000     8.500    design_1_i/axi_smc/inst/s00_entry_pipeline/s00_si_converter/inst/gen_axilite_conv.axilite_conv_inst/aw_addr_reg[8]_i_14_n_0
    SLICE_X5Y47          CARRY4 (Prop_carry4_CI_O[2])
                                                      0.239     8.739 r  design_1_i/axi_smc/inst/s00_entry_pipeline/s00_si_converter/inst/gen_axilite_conv.axilite_conv_inst/aw_addr_reg[8]_i_17/O[2]
                         net (fo=1, routed)           0.432     9.170    design_1_i/axi_smc/inst/s00_entry_pipeline/s00_si_converter/inst/gen_axilite_conv.axilite_conv_inst/wrap_awaddr_limit[10]
    SLICE_X4Y48          LUT5 (Prop_lut5_I2_O)        0.302     9.472 f  design_1_i/axi_smc/inst/s00_entry_pipeline/s00_si_converter/inst/gen_axilite_conv.axilite_conv_inst/aw_addr[8]_i_19/O
                         net (fo=1, routed)           0.446     9.918    design_1_i/axi_smc/inst/s00_entry_pipeline/s00_si_converter/inst/gen_axilite_conv.axilite_conv_inst/aw_addr[8]_i_19_n_0
    SLICE_X4Y45          LUT6 (Prop_lut6_I5_O)        0.124    10.042 f  design_1_i/axi_smc/inst/s00_entry_pipeline/s00_si_converter/inst/gen_axilite_conv.axilite_conv_inst/aw_addr[8]_i_11/O
                         net (fo=1, routed)           0.607    10.649    design_1_i/axi_smc/inst/s00_entry_pipeline/s00_si_converter/inst/gen_axilite_conv.axilite_conv_inst/aw_addr[8]_i_11_n_0
    SLICE_X4Y46          LUT4 (Prop_lut4_I3_O)        0.124    10.773 r  design_1_i/axi_smc/inst/s00_entry_pipeline/s00_si_converter/inst/gen_axilite_conv.axilite_conv_inst/aw_addr[8]_i_5/O
                         net (fo=12, routed)          0.527    11.301    design_1_i/axi_smc/inst/s00_entry_pipeline/s00_si_converter/inst/gen_axilite_conv.axilite_conv_inst/aw_addr[8]_i_5_n_0
    SLICE_X4Y45          LUT6 (Prop_lut6_I1_O)        0.124    11.425 r  design_1_i/axi_smc/inst/s00_entry_pipeline/s00_si_converter/inst/gen_axilite_conv.axilite_conv_inst/aw_addr[1]_i_1/O
                         net (fo=1, routed)           0.000    11.425    design_1_i/axi_smc/inst/s00_entry_pipeline/s00_si_converter/inst/gen_axilite_conv.axilite_conv_inst/aw_addr[1]
    SLICE_X4Y45          FDRE                                         r  design_1_i/axi_smc/inst/s00_entry_pipeline/s00_si_converter/inst/gen_axilite_conv.axilite_conv_inst/aw_addr_reg[1]/D
  -------------------------------------------------------------------    -------------------

                         (clock clk_125_clk_bd_clk_wiz_0_0 rise edge)
                                                      8.000     8.000 r  
    U18                                               0.000     8.000 r  adc_clk_p_i (IN)
                         net (fo=0)                   0.000     8.000    design_1_i/clk_0/U0/clk_wiz_0/inst/clk_in1_p
    U18                  IBUFDS (Prop_ibufds_I_O)     0.940     8.940 r  design_1_i/clk_0/U0/clk_wiz_0/inst/clkin1_ibufgds/O
                         net (fo=1, routed)           1.880    10.820    design_1_i/clk_0/U0/clk_wiz_0/inst/clk_in1_clk_bd_clk_wiz_0_0_buf
    BUFGCTRL_X0Y4        BUFG (Prop_bufg_I_O)         0.092    10.912 r  design_1_i/clk_0/U0/clk_wiz_0/inst/clkin1_bufg1/O
                         net (fo=1, routed)           1.487    12.399    design_1_i/clk_0/U0/clk_wiz_0/inst/clk_in1_clk_bd_clk_wiz_0_0
    MMCME2_ADV_X0Y0      MMCME2_ADV (Prop_mmcme2_adv_CLKIN1_CLKOUT0)
                                                     -3.177     9.222 r  design_1_i/clk_0/U0/clk_wiz_0/inst/mmcm_adv_inst/CLKOUT0
                         net (fo=1, routed)           1.599    10.821    design_1_i/clk_0/U0/clk_wiz_0/inst/clk_125_clk_bd_clk_wiz_0_0
    BUFGCTRL_X0Y0        BUFG (Prop_bufg_I_O)         0.091    10.912 r  design_1_i/clk_0/U0/clk_wiz_0/inst/clkout1_buf/O
                         net (fo=2421, routed)        1.551    12.463    design_1_i/axi_smc/inst/s00_entry_pipeline/s00_si_converter/inst/gen_axilite_conv.axilite_conv_inst/aclk
    SLICE_X4Y45          FDRE                                         r  design_1_i/axi_smc/inst/s00_entry_pipeline/s00_si_converter/inst/gen_axilite_conv.axilite_conv_inst/aw_addr_reg[1]/C
                         clock pessimism              0.401    12.864    
                         clock uncertainty           -0.069    12.795    
    SLICE_X4Y45          FDRE (Setup_fdre_C_D)        0.077    12.872    design_1_i/axi_smc/inst/s00_entry_pipeline/s00_si_converter/inst/gen_axilite_conv.axilite_conv_inst/aw_addr_reg[1]
  -------------------------------------------------------------------
                         required time                         12.872    
                         arrival time                         -11.425    
  -------------------------------------------------------------------
                         slack                                  1.447    

Slack (MET) :             1.454ns  (required time - arrival time)
  Source:                 design_1_i/axi_smc/inst/s00_entry_pipeline/s00_mmu/inst/aw_reg_stall/m_vector_i_reg[1027]/C
                            (rising edge-triggered cell FDRE clocked by clk_125_clk_bd_clk_wiz_0_0  {rise@0.000ns fall@4.000ns period=8.000ns})
  Destination:            design_1_i/axi_smc/inst/s00_entry_pipeline/s00_si_converter/inst/gen_axilite_conv.axilite_conv_inst/aw_addr_reg[0]/D
                            (rising edge-triggered cell FDRE clocked by clk_125_clk_bd_clk_wiz_0_0  {rise@0.000ns fall@4.000ns period=8.000ns})
  Path Group:             clk_125_clk_bd_clk_wiz_0_0
  Path Type:              Setup (Max at Slow Process Corner)
  Requirement:            8.000ns  (clk_125_clk_bd_clk_wiz_0_0 rise@8.000ns - clk_125_clk_bd_clk_wiz_0_0 rise@0.000ns)
  Data Path Delay:        6.533ns  (logic 2.608ns (39.923%)  route 3.925ns (60.077%))
  Logic Levels:           9  (CARRY4=2 LUT2=1 LUT3=2 LUT4=1 LUT5=1 LUT6=2)
  Clock Path Skew:        -0.025ns (DCD - SCD + CPR)
    Destination Clock Delay (DCD):    4.463ns = ( 12.463 - 8.000 ) 
    Source Clock Delay      (SCD):    4.889ns
    Clock Pessimism Removal (CPR):    0.401ns
  Clock Uncertainty:      0.069ns  ((TSJ^2 + DJ^2)^1/2) / 2 + PE
    Total System Jitter     (TSJ):    0.071ns
    Discrete Jitter          (DJ):    0.119ns
    Phase Error              (PE):    0.000ns

    Location             Delay type                Incr(ns)  Path(ns)    Netlist Resource(s)
  -------------------------------------------------------------------    -------------------
                         (clock clk_125_clk_bd_clk_wiz_0_0 rise edge)
                                                      0.000     0.000 r  
    U18                                               0.000     0.000 r  adc_clk_p_i (IN)
                         net (fo=0)                   0.000     0.000    design_1_i/clk_0/U0/clk_wiz_0/inst/clk_in1_p
    U18                  IBUFDS (Prop_ibufds_I_O)     0.983     0.983 r  design_1_i/clk_0/U0/clk_wiz_0/inst/clkin1_ibufgds/O
                         net (fo=1, routed)           2.076     3.059    design_1_i/clk_0/U0/clk_wiz_0/inst/clk_in1_clk_bd_clk_wiz_0_0_buf
    BUFGCTRL_X0Y4        BUFG (Prop_bufg_I_O)         0.102     3.161 r  design_1_i/clk_0/U0/clk_wiz_0/inst/clkin1_bufg1/O
                         net (fo=1, routed)           1.677     4.838    design_1_i/clk_0/U0/clk_wiz_0/inst/clk_in1_clk_bd_clk_wiz_0_0
    MMCME2_ADV_X0Y0      MMCME2_ADV (Prop_mmcme2_adv_CLKIN1_CLKOUT0)
                                                     -3.538     1.300 r  design_1_i/clk_0/U0/clk_wiz_0/inst/mmcm_adv_inst/CLKOUT0
                         net (fo=1, routed)           1.760     3.060    design_1_i/clk_0/U0/clk_wiz_0/inst/clk_125_clk_bd_clk_wiz_0_0
    BUFGCTRL_X0Y0        BUFG (Prop_bufg_I_O)         0.101     3.161 r  design_1_i/clk_0/U0/clk_wiz_0/inst/clkout1_buf/O
                         net (fo=2421, routed)        1.728     4.889    design_1_i/axi_smc/inst/s00_entry_pipeline/s00_mmu/inst/aw_reg_stall/aclk
    SLICE_X2Y46          FDRE                                         r  design_1_i/axi_smc/inst/s00_entry_pipeline/s00_mmu/inst/aw_reg_stall/m_vector_i_reg[1027]/C
  -------------------------------------------------------------------    -------------------
    SLICE_X2Y46          FDRE (Prop_fdre_C_Q)         0.456     5.345 f  design_1_i/axi_smc/inst/s00_entry_pipeline/s00_mmu/inst/aw_reg_stall/m_vector_i_reg[1027]/Q
                         net (fo=20, routed)          0.663     6.008    design_1_i/axi_smc/inst/s00_entry_pipeline/s00_si_converter/inst/gen_axilite_conv.axilite_conv_inst/s_axi_awsize[1]
    SLICE_X2Y46          LUT2 (Prop_lut2_I1_O)        0.149     6.157 f  design_1_i/axi_smc/inst/s00_entry_pipeline/s00_si_converter/inst/gen_axilite_conv.axilite_conv_inst/aw_addr[6]_i_3/O
                         net (fo=2, routed)           0.661     6.818    design_1_i/axi_smc/inst/s00_entry_pipeline/s00_si_converter/inst/gen_axilite_conv.axilite_conv_inst/aw_addr[6]_i_3_n_0
    SLICE_X3Y46          LUT3 (Prop_lut3_I0_O)        0.360     7.178 r  design_1_i/axi_smc/inst/s00_entry_pipeline/s00_si_converter/inst/gen_axilite_conv.axilite_conv_inst/aw_addr[6]_i_2/O
                         net (fo=3, routed)           0.592     7.770    design_1_i/axi_smc/inst/s00_entry_pipeline/s00_si_converter/inst/gen_axilite_conv.axilite_conv_inst/wrap_awaddr[6]
    SLICE_X5Y46          LUT3 (Prop_lut3_I0_O)        0.332     8.102 r  design_1_i/axi_smc/inst/s00_entry_pipeline/s00_si_converter/inst/gen_axilite_conv.axilite_conv_inst/aw_addr[8]_i_21/O
                         net (fo=1, routed)           0.000     8.102    design_1_i/axi_smc/inst/s00_entry_pipeline/s00_si_converter/inst/gen_axilite_conv.axilite_conv_inst/aw_addr[8]_i_21_n_0
    SLICE_X5Y46          CARRY4 (Prop_carry4_S[2]_CO[3])
                                                      0.398     8.500 r  design_1_i/axi_smc/inst/s00_entry_pipeline/s00_si_converter/inst/gen_axilite_conv.axilite_conv_inst/aw_addr_reg[8]_i_14/CO[3]
                         net (fo=1, routed)           0.000     8.500    design_1_i/axi_smc/inst/s00_entry_pipeline/s00_si_converter/inst/gen_axilite_conv.axilite_conv_inst/aw_addr_reg[8]_i_14_n_0
    SLICE_X5Y47          CARRY4 (Prop_carry4_CI_O[2])
                                                      0.239     8.739 r  design_1_i/axi_smc/inst/s00_entry_pipeline/s00_si_converter/inst/gen_axilite_conv.axilite_conv_inst/aw_addr_reg[8]_i_17/O[2]
                         net (fo=1, routed)           0.432     9.170    design_1_i/axi_smc/inst/s00_entry_pipeline/s00_si_converter/inst/gen_axilite_conv.axilite_conv_inst/wrap_awaddr_limit[10]
    SLICE_X4Y48          LUT5 (Prop_lut5_I2_O)        0.302     9.472 f  design_1_i/axi_smc/inst/s00_entry_pipeline/s00_si_converter/inst/gen_axilite_conv.axilite_conv_inst/aw_addr[8]_i_19/O
                         net (fo=1, routed)           0.446     9.918    design_1_i/axi_smc/inst/s00_entry_pipeline/s00_si_converter/inst/gen_axilite_conv.axilite_conv_inst/aw_addr[8]_i_19_n_0
    SLICE_X4Y45          LUT6 (Prop_lut6_I5_O)        0.124    10.042 f  design_1_i/axi_smc/inst/s00_entry_pipeline/s00_si_converter/inst/gen_axilite_conv.axilite_conv_inst/aw_addr[8]_i_11/O
                         net (fo=1, routed)           0.607    10.649    design_1_i/axi_smc/inst/s00_entry_pipeline/s00_si_converter/inst/gen_axilite_conv.axilite_conv_inst/aw_addr[8]_i_11_n_0
    SLICE_X4Y46          LUT4 (Prop_lut4_I3_O)        0.124    10.773 r  design_1_i/axi_smc/inst/s00_entry_pipeline/s00_si_converter/inst/gen_axilite_conv.axilite_conv_inst/aw_addr[8]_i_5/O
                         net (fo=12, routed)          0.524    11.298    design_1_i/axi_smc/inst/s00_entry_pipeline/s00_si_converter/inst/gen_axilite_conv.axilite_conv_inst/aw_addr[8]_i_5_n_0
    SLICE_X4Y45          LUT6 (Prop_lut6_I1_O)        0.124    11.422 r  design_1_i/axi_smc/inst/s00_entry_pipeline/s00_si_converter/inst/gen_axilite_conv.axilite_conv_inst/aw_addr[0]_i_1/O
                         net (fo=1, routed)           0.000    11.422    design_1_i/axi_smc/inst/s00_entry_pipeline/s00_si_converter/inst/gen_axilite_conv.axilite_conv_inst/aw_addr[0]
    SLICE_X4Y45          FDRE                                         r  design_1_i/axi_smc/inst/s00_entry_pipeline/s00_si_converter/inst/gen_axilite_conv.axilite_conv_inst/aw_addr_reg[0]/D
  -------------------------------------------------------------------    -------------------

                         (clock clk_125_clk_bd_clk_wiz_0_0 rise edge)
                                                      8.000     8.000 r  
    U18                                               0.000     8.000 r  adc_clk_p_i (IN)
                         net (fo=0)                   0.000     8.000    design_1_i/clk_0/U0/clk_wiz_0/inst/clk_in1_p
    U18                  IBUFDS (Prop_ibufds_I_O)     0.940     8.940 r  design_1_i/clk_0/U0/clk_wiz_0/inst/clkin1_ibufgds/O
                         net (fo=1, routed)           1.880    10.820    design_1_i/clk_0/U0/clk_wiz_0/inst/clk_in1_clk_bd_clk_wiz_0_0_buf
    BUFGCTRL_X0Y4        BUFG (Prop_bufg_I_O)         0.092    10.912 r  design_1_i/clk_0/U0/clk_wiz_0/inst/clkin1_bufg1/O
                         net (fo=1, routed)           1.487    12.399    design_1_i/clk_0/U0/clk_wiz_0/inst/clk_in1_clk_bd_clk_wiz_0_0
    MMCME2_ADV_X0Y0      MMCME2_ADV (Prop_mmcme2_adv_CLKIN1_CLKOUT0)
                                                     -3.177     9.222 r  design_1_i/clk_0/U0/clk_wiz_0/inst/mmcm_adv_inst/CLKOUT0
                         net (fo=1, routed)           1.599    10.821    design_1_i/clk_0/U0/clk_wiz_0/inst/clk_125_clk_bd_clk_wiz_0_0
    BUFGCTRL_X0Y0        BUFG (Prop_bufg_I_O)         0.091    10.912 r  design_1_i/clk_0/U0/clk_wiz_0/inst/clkout1_buf/O
                         net (fo=2421, routed)        1.551    12.463    design_1_i/axi_smc/inst/s00_entry_pipeline/s00_si_converter/inst/gen_axilite_conv.axilite_conv_inst/aclk
    SLICE_X4Y45          FDRE                                         r  design_1_i/axi_smc/inst/s00_entry_pipeline/s00_si_converter/inst/gen_axilite_conv.axilite_conv_inst/aw_addr_reg[0]/C
                         clock pessimism              0.401    12.864    
                         clock uncertainty           -0.069    12.795    
    SLICE_X4Y45          FDRE (Setup_fdre_C_D)        0.081    12.876    design_1_i/axi_smc/inst/s00_entry_pipeline/s00_si_converter/inst/gen_axilite_conv.axilite_conv_inst/aw_addr_reg[0]
  -------------------------------------------------------------------
                         required time                         12.876    
                         arrival time                         -11.422    
  -------------------------------------------------------------------
                         slack                                  1.454    

Slack (MET) :             1.458ns  (required time - arrival time)
  Source:                 design_1_i/axi_smc/inst/s00_entry_pipeline/s00_mmu/inst/aw_reg_stall/m_vector_i_reg[1027]/C
                            (rising edge-triggered cell FDRE clocked by clk_125_clk_bd_clk_wiz_0_0  {rise@0.000ns fall@4.000ns period=8.000ns})
  Destination:            design_1_i/axi_smc/inst/s00_entry_pipeline/s00_si_converter/inst/gen_axilite_conv.axilite_conv_inst/aw_addr_reg[4]/D
                            (rising edge-triggered cell FDRE clocked by clk_125_clk_bd_clk_wiz_0_0  {rise@0.000ns fall@4.000ns period=8.000ns})
  Path Group:             clk_125_clk_bd_clk_wiz_0_0
  Path Type:              Setup (Max at Slow Process Corner)
  Requirement:            8.000ns  (clk_125_clk_bd_clk_wiz_0_0 rise@8.000ns - clk_125_clk_bd_clk_wiz_0_0 rise@0.000ns)
  Data Path Delay:        6.479ns  (logic 2.608ns (40.254%)  route 3.871ns (59.746%))
  Logic Levels:           9  (CARRY4=2 LUT2=1 LUT3=2 LUT4=1 LUT5=1 LUT6=2)
  Clock Path Skew:        -0.025ns (DCD - SCD + CPR)
    Destination Clock Delay (DCD):    4.463ns = ( 12.463 - 8.000 ) 
    Source Clock Delay      (SCD):    4.889ns
    Clock Pessimism Removal (CPR):    0.401ns
  Clock Uncertainty:      0.069ns  ((TSJ^2 + DJ^2)^1/2) / 2 + PE
    Total System Jitter     (TSJ):    0.071ns
    Discrete Jitter          (DJ):    0.119ns
    Phase Error              (PE):    0.000ns

    Location             Delay type                Incr(ns)  Path(ns)    Netlist Resource(s)
  -------------------------------------------------------------------    -------------------
                         (clock clk_125_clk_bd_clk_wiz_0_0 rise edge)
                                                      0.000     0.000 r  
    U18                                               0.000     0.000 r  adc_clk_p_i (IN)
                         net (fo=0)                   0.000     0.000    design_1_i/clk_0/U0/clk_wiz_0/inst/clk_in1_p
    U18                  IBUFDS (Prop_ibufds_I_O)     0.983     0.983 r  design_1_i/clk_0/U0/clk_wiz_0/inst/clkin1_ibufgds/O
                         net (fo=1, routed)           2.076     3.059    design_1_i/clk_0/U0/clk_wiz_0/inst/clk_in1_clk_bd_clk_wiz_0_0_buf
    BUFGCTRL_X0Y4        BUFG (Prop_bufg_I_O)         0.102     3.161 r  design_1_i/clk_0/U0/clk_wiz_0/inst/clkin1_bufg1/O
                         net (fo=1, routed)           1.677     4.838    design_1_i/clk_0/U0/clk_wiz_0/inst/clk_in1_clk_bd_clk_wiz_0_0
    MMCME2_ADV_X0Y0      MMCME2_ADV (Prop_mmcme2_adv_CLKIN1_CLKOUT0)
                                                     -3.538     1.300 r  design_1_i/clk_0/U0/clk_wiz_0/inst/mmcm_adv_inst/CLKOUT0
                         net (fo=1, routed)           1.760     3.060    design_1_i/clk_0/U0/clk_wiz_0/inst/clk_125_clk_bd_clk_wiz_0_0
    BUFGCTRL_X0Y0        BUFG (Prop_bufg_I_O)         0.101     3.161 r  design_1_i/clk_0/U0/clk_wiz_0/inst/clkout1_buf/O
                         net (fo=2421, routed)        1.728     4.889    design_1_i/axi_smc/inst/s00_entry_pipeline/s00_mmu/inst/aw_reg_stall/aclk
    SLICE_X2Y46          FDRE                                         r  design_1_i/axi_smc/inst/s00_entry_pipeline/s00_mmu/inst/aw_reg_stall/m_vector_i_reg[1027]/C
  -------------------------------------------------------------------    -------------------
    SLICE_X2Y46          FDRE (Prop_fdre_C_Q)         0.456     5.345 f  design_1_i/axi_smc/inst/s00_entry_pipeline/s00_mmu/inst/aw_reg_stall/m_vector_i_reg[1027]/Q
                         net (fo=20, routed)          0.663     6.008    design_1_i/axi_smc/inst/s00_entry_pipeline/s00_si_converter/inst/gen_axilite_conv.axilite_conv_inst/s_axi_awsize[1]
    SLICE_X2Y46          LUT2 (Prop_lut2_I1_O)        0.149     6.157 f  design_1_i/axi_smc/inst/s00_entry_pipeline/s00_si_converter/inst/gen_axilite_conv.axilite_conv_inst/aw_addr[6]_i_3/O
                         net (fo=2, routed)           0.661     6.818    design_1_i/axi_smc/inst/s00_entry_pipeline/s00_si_converter/inst/gen_axilite_conv.axilite_conv_inst/aw_addr[6]_i_3_n_0
    SLICE_X3Y46          LUT3 (Prop_lut3_I0_O)        0.360     7.178 r  design_1_i/axi_smc/inst/s00_entry_pipeline/s00_si_converter/inst/gen_axilite_conv.axilite_conv_inst/aw_addr[6]_i_2/O
                         net (fo=3, routed)           0.592     7.770    design_1_i/axi_smc/inst/s00_entry_pipeline/s00_si_converter/inst/gen_axilite_conv.axilite_conv_inst/wrap_awaddr[6]
    SLICE_X5Y46          LUT3 (Prop_lut3_I0_O)        0.332     8.102 r  design_1_i/axi_smc/inst/s00_entry_pipeline/s00_si_converter/inst/gen_axilite_conv.axilite_conv_inst/aw_addr[8]_i_21/O
                         net (fo=1, routed)           0.000     8.102    design_1_i/axi_smc/inst/s00_entry_pipeline/s00_si_converter/inst/gen_axilite_conv.axilite_conv_inst/aw_addr[8]_i_21_n_0
    SLICE_X5Y46          CARRY4 (Prop_carry4_S[2]_CO[3])
                                                      0.398     8.500 r  design_1_i/axi_smc/inst/s00_entry_pipeline/s00_si_converter/inst/gen_axilite_conv.axilite_conv_inst/aw_addr_reg[8]_i_14/CO[3]
                         net (fo=1, routed)           0.000     8.500    design_1_i/axi_smc/inst/s00_entry_pipeline/s00_si_converter/inst/gen_axilite_conv.axilite_conv_inst/aw_addr_reg[8]_i_14_n_0
    SLICE_X5Y47          CARRY4 (Prop_carry4_CI_O[2])
                                                      0.239     8.739 r  design_1_i/axi_smc/inst/s00_entry_pipeline/s00_si_converter/inst/gen_axilite_conv.axilite_conv_inst/aw_addr_reg[8]_i_17/O[2]
                         net (fo=1, routed)           0.432     9.170    design_1_i/axi_smc/inst/s00_entry_pipeline/s00_si_converter/inst/gen_axilite_conv.axilite_conv_inst/wrap_awaddr_limit[10]
    SLICE_X4Y48          LUT5 (Prop_lut5_I2_O)        0.302     9.472 f  design_1_i/axi_smc/inst/s00_entry_pipeline/s00_si_converter/inst/gen_axilite_conv.axilite_conv_inst/aw_addr[8]_i_19/O
                         net (fo=1, routed)           0.446     9.918    design_1_i/axi_smc/inst/s00_entry_pipeline/s00_si_converter/inst/gen_axilite_conv.axilite_conv_inst/aw_addr[8]_i_19_n_0
    SLICE_X4Y45          LUT6 (Prop_lut6_I5_O)        0.124    10.042 f  design_1_i/axi_smc/inst/s00_entry_pipeline/s00_si_converter/inst/gen_axilite_conv.axilite_conv_inst/aw_addr[8]_i_11/O
                         net (fo=1, routed)           0.607    10.649    design_1_i/axi_smc/inst/s00_entry_pipeline/s00_si_converter/inst/gen_axilite_conv.axilite_conv_inst/aw_addr[8]_i_11_n_0
    SLICE_X4Y46          LUT4 (Prop_lut4_I3_O)        0.124    10.773 r  design_1_i/axi_smc/inst/s00_entry_pipeline/s00_si_converter/inst/gen_axilite_conv.axilite_conv_inst/aw_addr[8]_i_5/O
                         net (fo=12, routed)          0.471    11.244    design_1_i/axi_smc/inst/s00_entry_pipeline/s00_si_converter/inst/gen_axilite_conv.axilite_conv_inst/aw_addr[8]_i_5_n_0
    SLICE_X3Y45          LUT6 (Prop_lut6_I1_O)        0.124    11.368 r  design_1_i/axi_smc/inst/s00_entry_pipeline/s00_si_converter/inst/gen_axilite_conv.axilite_conv_inst/aw_addr[4]_i_1/O
                         net (fo=1, routed)           0.000    11.368    design_1_i/axi_smc/inst/s00_entry_pipeline/s00_si_converter/inst/gen_axilite_conv.axilite_conv_inst/aw_addr[4]
    SLICE_X3Y45          FDRE                                         r  design_1_i/axi_smc/inst/s00_entry_pipeline/s00_si_converter/inst/gen_axilite_conv.axilite_conv_inst/aw_addr_reg[4]/D
  -------------------------------------------------------------------    -------------------

                         (clock clk_125_clk_bd_clk_wiz_0_0 rise edge)
                                                      8.000     8.000 r  
    U18                                               0.000     8.000 r  adc_clk_p_i (IN)
                         net (fo=0)                   0.000     8.000    design_1_i/clk_0/U0/clk_wiz_0/inst/clk_in1_p
    U18                  IBUFDS (Prop_ibufds_I_O)     0.940     8.940 r  design_1_i/clk_0/U0/clk_wiz_0/inst/clkin1_ibufgds/O
                         net (fo=1, routed)           1.880    10.820    design_1_i/clk_0/U0/clk_wiz_0/inst/clk_in1_clk_bd_clk_wiz_0_0_buf
    BUFGCTRL_X0Y4        BUFG (Prop_bufg_I_O)         0.092    10.912 r  design_1_i/clk_0/U0/clk_wiz_0/inst/clkin1_bufg1/O
                         net (fo=1, routed)           1.487    12.399    design_1_i/clk_0/U0/clk_wiz_0/inst/clk_in1_clk_bd_clk_wiz_0_0
    MMCME2_ADV_X0Y0      MMCME2_ADV (Prop_mmcme2_adv_CLKIN1_CLKOUT0)
                                                     -3.177     9.222 r  design_1_i/clk_0/U0/clk_wiz_0/inst/mmcm_adv_inst/CLKOUT0
                         net (fo=1, routed)           1.599    10.821    design_1_i/clk_0/U0/clk_wiz_0/inst/clk_125_clk_bd_clk_wiz_0_0
    BUFGCTRL_X0Y0        BUFG (Prop_bufg_I_O)         0.091    10.912 r  design_1_i/clk_0/U0/clk_wiz_0/inst/clkout1_buf/O
                         net (fo=2421, routed)        1.551    12.463    design_1_i/axi_smc/inst/s00_entry_pipeline/s00_si_converter/inst/gen_axilite_conv.axilite_conv_inst/aclk
    SLICE_X3Y45          FDRE                                         r  design_1_i/axi_smc/inst/s00_entry_pipeline/s00_si_converter/inst/gen_axilite_conv.axilite_conv_inst/aw_addr_reg[4]/C
                         clock pessimism              0.401    12.864    
                         clock uncertainty           -0.069    12.795    
    SLICE_X3Y45          FDRE (Setup_fdre_C_D)        0.031    12.826    design_1_i/axi_smc/inst/s00_entry_pipeline/s00_si_converter/inst/gen_axilite_conv.axilite_conv_inst/aw_addr_reg[4]
  -------------------------------------------------------------------
                         required time                         12.826    
                         arrival time                         -11.368    
  -------------------------------------------------------------------
                         slack                                  1.458    

Slack (MET) :             1.544ns  (required time - arrival time)
  Source:                 design_1_i/axi_smc/inst/s00_entry_pipeline/s00_mmu/inst/aw_reg_stall/m_vector_i_reg[1027]/C
                            (rising edge-triggered cell FDRE clocked by clk_125_clk_bd_clk_wiz_0_0  {rise@0.000ns fall@4.000ns period=8.000ns})
  Destination:            design_1_i/axi_smc/inst/s00_entry_pipeline/s00_si_converter/inst/gen_axilite_conv.axilite_conv_inst/aw_addr_reg[11]/D
                            (rising edge-triggered cell FDRE clocked by clk_125_clk_bd_clk_wiz_0_0  {rise@0.000ns fall@4.000ns period=8.000ns})
  Path Group:             clk_125_clk_bd_clk_wiz_0_0
  Path Type:              Setup (Max at Slow Process Corner)
  Requirement:            8.000ns  (clk_125_clk_bd_clk_wiz_0_0 rise@8.000ns - clk_125_clk_bd_clk_wiz_0_0 rise@0.000ns)
  Data Path Delay:        6.391ns  (logic 2.608ns (40.805%)  route 3.783ns (59.195%))
  Logic Levels:           9  (CARRY4=2 LUT2=1 LUT3=2 LUT4=1 LUT5=2 LUT6=1)
  Clock Path Skew:        -0.024ns (DCD - SCD + CPR)
    Destination Clock Delay (DCD):    4.464ns = ( 12.464 - 8.000 ) 
    Source Clock Delay      (SCD):    4.889ns
    Clock Pessimism Removal (CPR):    0.401ns
  Clock Uncertainty:      0.069ns  ((TSJ^2 + DJ^2)^1/2) / 2 + PE
    Total System Jitter     (TSJ):    0.071ns
    Discrete Jitter          (DJ):    0.119ns
    Phase Error              (PE):    0.000ns

    Location             Delay type                Incr(ns)  Path(ns)    Netlist Resource(s)
  -------------------------------------------------------------------    -------------------
                         (clock clk_125_clk_bd_clk_wiz_0_0 rise edge)
                                                      0.000     0.000 r  
    U18                                               0.000     0.000 r  adc_clk_p_i (IN)
                         net (fo=0)                   0.000     0.000    design_1_i/clk_0/U0/clk_wiz_0/inst/clk_in1_p
    U18                  IBUFDS (Prop_ibufds_I_O)     0.983     0.983 r  design_1_i/clk_0/U0/clk_wiz_0/inst/clkin1_ibufgds/O
                         net (fo=1, routed)           2.076     3.059    design_1_i/clk_0/U0/clk_wiz_0/inst/clk_in1_clk_bd_clk_wiz_0_0_buf
    BUFGCTRL_X0Y4        BUFG (Prop_bufg_I_O)         0.102     3.161 r  design_1_i/clk_0/U0/clk_wiz_0/inst/clkin1_bufg1/O
                         net (fo=1, routed)           1.677     4.838    design_1_i/clk_0/U0/clk_wiz_0/inst/clk_in1_clk_bd_clk_wiz_0_0
    MMCME2_ADV_X0Y0      MMCME2_ADV (Prop_mmcme2_adv_CLKIN1_CLKOUT0)
                                                     -3.538     1.300 r  design_1_i/clk_0/U0/clk_wiz_0/inst/mmcm_adv_inst/CLKOUT0
                         net (fo=1, routed)           1.760     3.060    design_1_i/clk_0/U0/clk_wiz_0/inst/clk_125_clk_bd_clk_wiz_0_0
    BUFGCTRL_X0Y0        BUFG (Prop_bufg_I_O)         0.101     3.161 r  design_1_i/clk_0/U0/clk_wiz_0/inst/clkout1_buf/O
                         net (fo=2421, routed)        1.728     4.889    design_1_i/axi_smc/inst/s00_entry_pipeline/s00_mmu/inst/aw_reg_stall/aclk
    SLICE_X2Y46          FDRE                                         r  design_1_i/axi_smc/inst/s00_entry_pipeline/s00_mmu/inst/aw_reg_stall/m_vector_i_reg[1027]/C
  -------------------------------------------------------------------    -------------------
    SLICE_X2Y46          FDRE (Prop_fdre_C_Q)         0.456     5.345 f  design_1_i/axi_smc/inst/s00_entry_pipeline/s00_mmu/inst/aw_reg_stall/m_vector_i_reg[1027]/Q
                         net (fo=20, routed)          0.663     6.008    design_1_i/axi_smc/inst/s00_entry_pipeline/s00_si_converter/inst/gen_axilite_conv.axilite_conv_inst/s_axi_awsize[1]
    SLICE_X2Y46          LUT2 (Prop_lut2_I1_O)        0.149     6.157 f  design_1_i/axi_smc/inst/s00_entry_pipeline/s00_si_converter/inst/gen_axilite_conv.axilite_conv_inst/aw_addr[6]_i_3/O
                         net (fo=2, routed)           0.661     6.818    design_1_i/axi_smc/inst/s00_entry_pipeline/s00_si_converter/inst/gen_axilite_conv.axilite_conv_inst/aw_addr[6]_i_3_n_0
    SLICE_X3Y46          LUT3 (Prop_lut3_I0_O)        0.360     7.178 r  design_1_i/axi_smc/inst/s00_entry_pipeline/s00_si_converter/inst/gen_axilite_conv.axilite_conv_inst/aw_addr[6]_i_2/O
                         net (fo=3, routed)           0.592     7.770    design_1_i/axi_smc/inst/s00_entry_pipeline/s00_si_converter/inst/gen_axilite_conv.axilite_conv_inst/wrap_awaddr[6]
    SLICE_X5Y46          LUT3 (Prop_lut3_I0_O)        0.332     8.102 r  design_1_i/axi_smc/inst/s00_entry_pipeline/s00_si_converter/inst/gen_axilite_conv.axilite_conv_inst/aw_addr[8]_i_21/O
                         net (fo=1, routed)           0.000     8.102    design_1_i/axi_smc/inst/s00_entry_pipeline/s00_si_converter/inst/gen_axilite_conv.axilite_conv_inst/aw_addr[8]_i_21_n_0
    SLICE_X5Y46          CARRY4 (Prop_carry4_S[2]_CO[3])
                                                      0.398     8.500 r  design_1_i/axi_smc/inst/s00_entry_pipeline/s00_si_converter/inst/gen_axilite_conv.axilite_conv_inst/aw_addr_reg[8]_i_14/CO[3]
                         net (fo=1, routed)           0.000     8.500    design_1_i/axi_smc/inst/s00_entry_pipeline/s00_si_converter/inst/gen_axilite_conv.axilite_conv_inst/aw_addr_reg[8]_i_14_n_0
    SLICE_X5Y47          CARRY4 (Prop_carry4_CI_O[2])
                                                      0.239     8.739 r  design_1_i/axi_smc/inst/s00_entry_pipeline/s00_si_converter/inst/gen_axilite_conv.axilite_conv_inst/aw_addr_reg[8]_i_17/O[2]
                         net (fo=1, routed)           0.432     9.170    design_1_i/axi_smc/inst/s00_entry_pipeline/s00_si_converter/inst/gen_axilite_conv.axilite_conv_inst/wrap_awaddr_limit[10]
    SLICE_X4Y48          LUT5 (Prop_lut5_I2_O)        0.302     9.472 f  design_1_i/axi_smc/inst/s00_entry_pipeline/s00_si_converter/inst/gen_axilite_conv.axilite_conv_inst/aw_addr[8]_i_19/O
                         net (fo=1, routed)           0.446     9.918    design_1_i/axi_smc/inst/s00_entry_pipeline/s00_si_converter/inst/gen_axilite_conv.axilite_conv_inst/aw_addr[8]_i_19_n_0
    SLICE_X4Y45          LUT6 (Prop_lut6_I5_O)        0.124    10.042 f  design_1_i/axi_smc/inst/s00_entry_pipeline/s00_si_converter/inst/gen_axilite_conv.axilite_conv_inst/aw_addr[8]_i_11/O
                         net (fo=1, routed)           0.607    10.649    design_1_i/axi_smc/inst/s00_entry_pipeline/s00_si_converter/inst/gen_axilite_conv.axilite_conv_inst/aw_addr[8]_i_11_n_0
    SLICE_X4Y46          LUT4 (Prop_lut4_I3_O)        0.124    10.773 r  design_1_i/axi_smc/inst/s00_entry_pipeline/s00_si_converter/inst/gen_axilite_conv.axilite_conv_inst/aw_addr[8]_i_5/O
                         net (fo=12, routed)          0.383    11.156    design_1_i/axi_smc/inst/s00_entry_pipeline/s00_si_converter/inst/gen_axilite_conv.axilite_conv_inst/aw_addr[8]_i_5_n_0
    SLICE_X3Y47          LUT5 (Prop_lut5_I0_O)        0.124    11.280 r  design_1_i/axi_smc/inst/s00_entry_pipeline/s00_si_converter/inst/gen_axilite_conv.axilite_conv_inst/aw_addr[11]_i_1/O
                         net (fo=1, routed)           0.000    11.280    design_1_i/axi_smc/inst/s00_entry_pipeline/s00_si_converter/inst/gen_axilite_conv.axilite_conv_inst/aw_addr[11]
    SLICE_X3Y47          FDRE                                         r  design_1_i/axi_smc/inst/s00_entry_pipeline/s00_si_converter/inst/gen_axilite_conv.axilite_conv_inst/aw_addr_reg[11]/D
  -------------------------------------------------------------------    -------------------

                         (clock clk_125_clk_bd_clk_wiz_0_0 rise edge)
                                                      8.000     8.000 r  
    U18                                               0.000     8.000 r  adc_clk_p_i (IN)
                         net (fo=0)                   0.000     8.000    design_1_i/clk_0/U0/clk_wiz_0/inst/clk_in1_p
    U18                  IBUFDS (Prop_ibufds_I_O)     0.940     8.940 r  design_1_i/clk_0/U0/clk_wiz_0/inst/clkin1_ibufgds/O
                         net (fo=1, routed)           1.880    10.820    design_1_i/clk_0/U0/clk_wiz_0/inst/clk_in1_clk_bd_clk_wiz_0_0_buf
    BUFGCTRL_X0Y4        BUFG (Prop_bufg_I_O)         0.092    10.912 r  design_1_i/clk_0/U0/clk_wiz_0/inst/clkin1_bufg1/O
                         net (fo=1, routed)           1.487    12.399    design_1_i/clk_0/U0/clk_wiz_0/inst/clk_in1_clk_bd_clk_wiz_0_0
    MMCME2_ADV_X0Y0      MMCME2_ADV (Prop_mmcme2_adv_CLKIN1_CLKOUT0)
                                                     -3.177     9.222 r  design_1_i/clk_0/U0/clk_wiz_0/inst/mmcm_adv_inst/CLKOUT0
                         net (fo=1, routed)           1.599    10.821    design_1_i/clk_0/U0/clk_wiz_0/inst/clk_125_clk_bd_clk_wiz_0_0
    BUFGCTRL_X0Y0        BUFG (Prop_bufg_I_O)         0.091    10.912 r  design_1_i/clk_0/U0/clk_wiz_0/inst/clkout1_buf/O
                         net (fo=2421, routed)        1.552    12.464    design_1_i/axi_smc/inst/s00_entry_pipeline/s00_si_converter/inst/gen_axilite_conv.axilite_conv_inst/aclk
    SLICE_X3Y47          FDRE                                         r  design_1_i/axi_smc/inst/s00_entry_pipeline/s00_si_converter/inst/gen_axilite_conv.axilite_conv_inst/aw_addr_reg[11]/C
                         clock pessimism              0.401    12.865    
                         clock uncertainty           -0.069    12.796    
    SLICE_X3Y47          FDRE (Setup_fdre_C_D)        0.029    12.825    design_1_i/axi_smc/inst/s00_entry_pipeline/s00_si_converter/inst/gen_axilite_conv.axilite_conv_inst/aw_addr_reg[11]
  -------------------------------------------------------------------
                         required time                         12.825    
                         arrival time                         -11.280    
  -------------------------------------------------------------------
                         slack                                  1.544    

Slack (MET) :             1.549ns  (required time - arrival time)
  Source:                 design_1_i/axi_smc/inst/s00_entry_pipeline/s00_mmu/inst/aw_reg_stall/m_vector_i_reg[1027]/C
                            (rising edge-triggered cell FDRE clocked by clk_125_clk_bd_clk_wiz_0_0  {rise@0.000ns fall@4.000ns period=8.000ns})
  Destination:            design_1_i/axi_smc/inst/s00_entry_pipeline/s00_si_converter/inst/gen_axilite_conv.axilite_conv_inst/aw_addr_reg[6]/D
                            (rising edge-triggered cell FDRE clocked by clk_125_clk_bd_clk_wiz_0_0  {rise@0.000ns fall@4.000ns period=8.000ns})
  Path Group:             clk_125_clk_bd_clk_wiz_0_0
  Path Type:              Setup (Max at Slow Process Corner)
  Requirement:            8.000ns  (clk_125_clk_bd_clk_wiz_0_0 rise@8.000ns - clk_125_clk_bd_clk_wiz_0_0 rise@0.000ns)
  Data Path Delay:        6.388ns  (logic 2.608ns (40.824%)  route 3.780ns (59.176%))
  Logic Levels:           9  (CARRY4=2 LUT2=1 LUT3=2 LUT4=1 LUT5=1 LUT6=2)
  Clock Path Skew:        -0.024ns (DCD - SCD + CPR)
    Destination Clock Delay (DCD):    4.464ns = ( 12.464 - 8.000 ) 
    Source Clock Delay      (SCD):    4.889ns
    Clock Pessimism Removal (CPR):    0.401ns
  Clock Uncertainty:      0.069ns  ((TSJ^2 + DJ^2)^1/2) / 2 + PE
    Total System Jitter     (TSJ):    0.071ns
    Discrete Jitter          (DJ):    0.119ns
    Phase Error              (PE):    0.000ns

    Location             Delay type                Incr(ns)  Path(ns)    Netlist Resource(s)
  -------------------------------------------------------------------    -------------------
                         (clock clk_125_clk_bd_clk_wiz_0_0 rise edge)
                                                      0.000     0.000 r  
    U18                                               0.000     0.000 r  adc_clk_p_i (IN)
                         net (fo=0)                   0.000     0.000    design_1_i/clk_0/U0/clk_wiz_0/inst/clk_in1_p
    U18                  IBUFDS (Prop_ibufds_I_O)     0.983     0.983 r  design_1_i/clk_0/U0/clk_wiz_0/inst/clkin1_ibufgds/O
                         net (fo=1, routed)           2.076     3.059    design_1_i/clk_0/U0/clk_wiz_0/inst/clk_in1_clk_bd_clk_wiz_0_0_buf
    BUFGCTRL_X0Y4        BUFG (Prop_bufg_I_O)         0.102     3.161 r  design_1_i/clk_0/U0/clk_wiz_0/inst/clkin1_bufg1/O
                         net (fo=1, routed)           1.677     4.838    design_1_i/clk_0/U0/clk_wiz_0/inst/clk_in1_clk_bd_clk_wiz_0_0
    MMCME2_ADV_X0Y0      MMCME2_ADV (Prop_mmcme2_adv_CLKIN1_CLKOUT0)
                                                     -3.538     1.300 r  design_1_i/clk_0/U0/clk_wiz_0/inst/mmcm_adv_inst/CLKOUT0
                         net (fo=1, routed)           1.760     3.060    design_1_i/clk_0/U0/clk_wiz_0/inst/clk_125_clk_bd_clk_wiz_0_0
    BUFGCTRL_X0Y0        BUFG (Prop_bufg_I_O)         0.101     3.161 r  design_1_i/clk_0/U0/clk_wiz_0/inst/clkout1_buf/O
                         net (fo=2421, routed)        1.728     4.889    design_1_i/axi_smc/inst/s00_entry_pipeline/s00_mmu/inst/aw_reg_stall/aclk
    SLICE_X2Y46          FDRE                                         r  design_1_i/axi_smc/inst/s00_entry_pipeline/s00_mmu/inst/aw_reg_stall/m_vector_i_reg[1027]/C
  -------------------------------------------------------------------    -------------------
    SLICE_X2Y46          FDRE (Prop_fdre_C_Q)         0.456     5.345 f  design_1_i/axi_smc/inst/s00_entry_pipeline/s00_mmu/inst/aw_reg_stall/m_vector_i_reg[1027]/Q
                         net (fo=20, routed)          0.663     6.008    design_1_i/axi_smc/inst/s00_entry_pipeline/s00_si_converter/inst/gen_axilite_conv.axilite_conv_inst/s_axi_awsize[1]
    SLICE_X2Y46          LUT2 (Prop_lut2_I1_O)        0.149     6.157 f  design_1_i/axi_smc/inst/s00_entry_pipeline/s00_si_converter/inst/gen_axilite_conv.axilite_conv_inst/aw_addr[6]_i_3/O
                         net (fo=2, routed)           0.661     6.818    design_1_i/axi_smc/inst/s00_entry_pipeline/s00_si_converter/inst/gen_axilite_conv.axilite_conv_inst/aw_addr[6]_i_3_n_0
    SLICE_X3Y46          LUT3 (Prop_lut3_I0_O)        0.360     7.178 r  design_1_i/axi_smc/inst/s00_entry_pipeline/s00_si_converter/inst/gen_axilite_conv.axilite_conv_inst/aw_addr[6]_i_2/O
                         net (fo=3, routed)           0.592     7.770    design_1_i/axi_smc/inst/s00_entry_pipeline/s00_si_converter/inst/gen_axilite_conv.axilite_conv_inst/wrap_awaddr[6]
    SLICE_X5Y46          LUT3 (Prop_lut3_I0_O)        0.332     8.102 r  design_1_i/axi_smc/inst/s00_entry_pipeline/s00_si_converter/inst/gen_axilite_conv.axilite_conv_inst/aw_addr[8]_i_21/O
                         net (fo=1, routed)           0.000     8.102    design_1_i/axi_smc/inst/s00_entry_pipeline/s00_si_converter/inst/gen_axilite_conv.axilite_conv_inst/aw_addr[8]_i_21_n_0
    SLICE_X5Y46          CARRY4 (Prop_carry4_S[2]_CO[3])
                                                      0.398     8.500 r  design_1_i/axi_smc/inst/s00_entry_pipeline/s00_si_converter/inst/gen_axilite_conv.axilite_conv_inst/aw_addr_reg[8]_i_14/CO[3]
                         net (fo=1, routed)           0.000     8.500    design_1_i/axi_smc/inst/s00_entry_pipeline/s00_si_converter/inst/gen_axilite_conv.axilite_conv_inst/aw_addr_reg[8]_i_14_n_0
    SLICE_X5Y47          CARRY4 (Prop_carry4_CI_O[2])
                                                      0.239     8.739 r  design_1_i/axi_smc/inst/s00_entry_pipeline/s00_si_converter/inst/gen_axilite_conv.axilite_conv_inst/aw_addr_reg[8]_i_17/O[2]
                         net (fo=1, routed)           0.432     9.170    design_1_i/axi_smc/inst/s00_entry_pipeline/s00_si_converter/inst/gen_axilite_conv.axilite_conv_inst/wrap_awaddr_limit[10]
    SLICE_X4Y48          LUT5 (Prop_lut5_I2_O)        0.302     9.472 f  design_1_i/axi_smc/inst/s00_entry_pipeline/s00_si_converter/inst/gen_axilite_conv.axilite_conv_inst/aw_addr[8]_i_19/O
                         net (fo=1, routed)           0.446     9.918    design_1_i/axi_smc/inst/s00_entry_pipeline/s00_si_converter/inst/gen_axilite_conv.axilite_conv_inst/aw_addr[8]_i_19_n_0
    SLICE_X4Y45          LUT6 (Prop_lut6_I5_O)        0.124    10.042 f  design_1_i/axi_smc/inst/s00_entry_pipeline/s00_si_converter/inst/gen_axilite_conv.axilite_conv_inst/aw_addr[8]_i_11/O
                         net (fo=1, routed)           0.607    10.649    design_1_i/axi_smc/inst/s00_entry_pipeline/s00_si_converter/inst/gen_axilite_conv.axilite_conv_inst/aw_addr[8]_i_11_n_0
    SLICE_X4Y46          LUT4 (Prop_lut4_I3_O)        0.124    10.773 r  design_1_i/axi_smc/inst/s00_entry_pipeline/s00_si_converter/inst/gen_axilite_conv.axilite_conv_inst/aw_addr[8]_i_5/O
                         net (fo=12, routed)          0.380    11.153    design_1_i/axi_smc/inst/s00_entry_pipeline/s00_si_converter/inst/gen_axilite_conv.axilite_conv_inst/aw_addr[8]_i_5_n_0
    SLICE_X3Y47          LUT6 (Prop_lut6_I1_O)        0.124    11.277 r  design_1_i/axi_smc/inst/s00_entry_pipeline/s00_si_converter/inst/gen_axilite_conv.axilite_conv_inst/aw_addr[6]_i_1/O
                         net (fo=1, routed)           0.000    11.277    design_1_i/axi_smc/inst/s00_entry_pipeline/s00_si_converter/inst/gen_axilite_conv.axilite_conv_inst/aw_addr[6]
    SLICE_X3Y47          FDRE                                         r  design_1_i/axi_smc/inst/s00_entry_pipeline/s00_si_converter/inst/gen_axilite_conv.axilite_conv_inst/aw_addr_reg[6]/D
  -------------------------------------------------------------------    -------------------

                         (clock clk_125_clk_bd_clk_wiz_0_0 rise edge)
                                                      8.000     8.000 r  
    U18                                               0.000     8.000 r  adc_clk_p_i (IN)
                         net (fo=0)                   0.000     8.000    design_1_i/clk_0/U0/clk_wiz_0/inst/clk_in1_p
    U18                  IBUFDS (Prop_ibufds_I_O)     0.940     8.940 r  design_1_i/clk_0/U0/clk_wiz_0/inst/clkin1_ibufgds/O
                         net (fo=1, routed)           1.880    10.820    design_1_i/clk_0/U0/clk_wiz_0/inst/clk_in1_clk_bd_clk_wiz_0_0_buf
    BUFGCTRL_X0Y4        BUFG (Prop_bufg_I_O)         0.092    10.912 r  design_1_i/clk_0/U0/clk_wiz_0/inst/clkin1_bufg1/O
                         net (fo=1, routed)           1.487    12.399    design_1_i/clk_0/U0/clk_wiz_0/inst/clk_in1_clk_bd_clk_wiz_0_0
    MMCME2_ADV_X0Y0      MMCME2_ADV (Prop_mmcme2_adv_CLKIN1_CLKOUT0)
                                                     -3.177     9.222 r  design_1_i/clk_0/U0/clk_wiz_0/inst/mmcm_adv_inst/CLKOUT0
                         net (fo=1, routed)           1.599    10.821    design_1_i/clk_0/U0/clk_wiz_0/inst/clk_125_clk_bd_clk_wiz_0_0
    BUFGCTRL_X0Y0        BUFG (Prop_bufg_I_O)         0.091    10.912 r  design_1_i/clk_0/U0/clk_wiz_0/inst/clkout1_buf/O
                         net (fo=2421, routed)        1.552    12.464    design_1_i/axi_smc/inst/s00_entry_pipeline/s00_si_converter/inst/gen_axilite_conv.axilite_conv_inst/aclk
    SLICE_X3Y47          FDRE                                         r  design_1_i/axi_smc/inst/s00_entry_pipeline/s00_si_converter/inst/gen_axilite_conv.axilite_conv_inst/aw_addr_reg[6]/C
                         clock pessimism              0.401    12.865    
                         clock uncertainty           -0.069    12.796    
    SLICE_X3Y47          FDRE (Setup_fdre_C_D)        0.031    12.827    design_1_i/axi_smc/inst/s00_entry_pipeline/s00_si_converter/inst/gen_axilite_conv.axilite_conv_inst/aw_addr_reg[6]
  -------------------------------------------------------------------
                         required time                         12.827    
                         arrival time                         -11.277    
  -------------------------------------------------------------------
                         slack                                  1.549    

Slack (MET) :             1.600ns  (required time - arrival time)
  Source:                 design_1_i/axi_smc/inst/s00_entry_pipeline/s00_mmu/inst/aw_reg_stall/m_vector_i_reg[1027]/C
                            (rising edge-triggered cell FDRE clocked by clk_125_clk_bd_clk_wiz_0_0  {rise@0.000ns fall@4.000ns period=8.000ns})
  Destination:            design_1_i/axi_smc/inst/s00_entry_pipeline/s00_si_converter/inst/gen_axilite_conv.axilite_conv_inst/aw_addr_reg[7]/D
                            (rising edge-triggered cell FDRE clocked by clk_125_clk_bd_clk_wiz_0_0  {rise@0.000ns fall@4.000ns period=8.000ns})
  Path Group:             clk_125_clk_bd_clk_wiz_0_0
  Path Type:              Setup (Max at Slow Process Corner)
  Requirement:            8.000ns  (clk_125_clk_bd_clk_wiz_0_0 rise@8.000ns - clk_125_clk_bd_clk_wiz_0_0 rise@0.000ns)
  Data Path Delay:        6.384ns  (logic 2.608ns (40.854%)  route 3.776ns (59.146%))
  Logic Levels:           9  (CARRY4=2 LUT2=1 LUT3=2 LUT4=1 LUT5=2 LUT6=1)
  Clock Path Skew:        -0.024ns (DCD - SCD + CPR)
    Destination Clock Delay (DCD):    4.464ns = ( 12.464 - 8.000 ) 
    Source Clock Delay      (SCD):    4.889ns
    Clock Pessimism Removal (CPR):    0.401ns
  Clock Uncertainty:      0.069ns  ((TSJ^2 + DJ^2)^1/2) / 2 + PE
    Total System Jitter     (TSJ):    0.071ns
    Discrete Jitter          (DJ):    0.119ns
    Phase Error              (PE):    0.000ns

    Location             Delay type                Incr(ns)  Path(ns)    Netlist Resource(s)
  -------------------------------------------------------------------    -------------------
                         (clock clk_125_clk_bd_clk_wiz_0_0 rise edge)
                                                      0.000     0.000 r  
    U18                                               0.000     0.000 r  adc_clk_p_i (IN)
                         net (fo=0)                   0.000     0.000    design_1_i/clk_0/U0/clk_wiz_0/inst/clk_in1_p
    U18                  IBUFDS (Prop_ibufds_I_O)     0.983     0.983 r  design_1_i/clk_0/U0/clk_wiz_0/inst/clkin1_ibufgds/O
                         net (fo=1, routed)           2.076     3.059    design_1_i/clk_0/U0/clk_wiz_0/inst/clk_in1_clk_bd_clk_wiz_0_0_buf
    BUFGCTRL_X0Y4        BUFG (Prop_bufg_I_O)         0.102     3.161 r  design_1_i/clk_0/U0/clk_wiz_0/inst/clkin1_bufg1/O
                         net (fo=1, routed)           1.677     4.838    design_1_i/clk_0/U0/clk_wiz_0/inst/clk_in1_clk_bd_clk_wiz_0_0
    MMCME2_ADV_X0Y0      MMCME2_ADV (Prop_mmcme2_adv_CLKIN1_CLKOUT0)
                                                     -3.538     1.300 r  design_1_i/clk_0/U0/clk_wiz_0/inst/mmcm_adv_inst/CLKOUT0
                         net (fo=1, routed)           1.760     3.060    design_1_i/clk_0/U0/clk_wiz_0/inst/clk_125_clk_bd_clk_wiz_0_0
    BUFGCTRL_X0Y0        BUFG (Prop_bufg_I_O)         0.101     3.161 r  design_1_i/clk_0/U0/clk_wiz_0/inst/clkout1_buf/O
                         net (fo=2421, routed)        1.728     4.889    design_1_i/axi_smc/inst/s00_entry_pipeline/s00_mmu/inst/aw_reg_stall/aclk
    SLICE_X2Y46          FDRE                                         r  design_1_i/axi_smc/inst/s00_entry_pipeline/s00_mmu/inst/aw_reg_stall/m_vector_i_reg[1027]/C
  -------------------------------------------------------------------    -------------------
    SLICE_X2Y46          FDRE (Prop_fdre_C_Q)         0.456     5.345 f  design_1_i/axi_smc/inst/s00_entry_pipeline/s00_mmu/inst/aw_reg_stall/m_vector_i_reg[1027]/Q
                         net (fo=20, routed)          0.663     6.008    design_1_i/axi_smc/inst/s00_entry_pipeline/s00_si_converter/inst/gen_axilite_conv.axilite_conv_inst/s_axi_awsize[1]
    SLICE_X2Y46          LUT2 (Prop_lut2_I1_O)        0.149     6.157 f  design_1_i/axi_smc/inst/s00_entry_pipeline/s00_si_converter/inst/gen_axilite_conv.axilite_conv_inst/aw_addr[6]_i_3/O
                         net (fo=2, routed)           0.661     6.818    design_1_i/axi_smc/inst/s00_entry_pipeline/s00_si_converter/inst/gen_axilite_conv.axilite_conv_inst/aw_addr[6]_i_3_n_0
    SLICE_X3Y46          LUT3 (Prop_lut3_I0_O)        0.360     7.178 r  design_1_i/axi_smc/inst/s00_entry_pipeline/s00_si_converter/inst/gen_axilite_conv.axilite_conv_inst/aw_addr[6]_i_2/O
                         net (fo=3, routed)           0.592     7.770    design_1_i/axi_smc/inst/s00_entry_pipeline/s00_si_converter/inst/gen_axilite_conv.axilite_conv_inst/wrap_awaddr[6]
    SLICE_X5Y46          LUT3 (Prop_lut3_I0_O)        0.332     8.102 r  design_1_i/axi_smc/inst/s00_entry_pipeline/s00_si_converter/inst/gen_axilite_conv.axilite_conv_inst/aw_addr[8]_i_21/O
                         net (fo=1, routed)           0.000     8.102    design_1_i/axi_smc/inst/s00_entry_pipeline/s00_si_converter/inst/gen_axilite_conv.axilite_conv_inst/aw_addr[8]_i_21_n_0
    SLICE_X5Y46          CARRY4 (Prop_carry4_S[2]_CO[3])
                                                      0.398     8.500 r  design_1_i/axi_smc/inst/s00_entry_pipeline/s00_si_converter/inst/gen_axilite_conv.axilite_conv_inst/aw_addr_reg[8]_i_14/CO[3]
                         net (fo=1, routed)           0.000     8.500    design_1_i/axi_smc/inst/s00_entry_pipeline/s00_si_converter/inst/gen_axilite_conv.axilite_conv_inst/aw_addr_reg[8]_i_14_n_0
    SLICE_X5Y47          CARRY4 (Prop_carry4_CI_O[2])
                                                      0.239     8.739 r  design_1_i/axi_smc/inst/s00_entry_pipeline/s00_si_converter/inst/gen_axilite_conv.axilite_conv_inst/aw_addr_reg[8]_i_17/O[2]
                         net (fo=1, routed)           0.432     9.170    design_1_i/axi_smc/inst/s00_entry_pipeline/s00_si_converter/inst/gen_axilite_conv.axilite_conv_inst/wrap_awaddr_limit[10]
    SLICE_X4Y48          LUT5 (Prop_lut5_I2_O)        0.302     9.472 f  design_1_i/axi_smc/inst/s00_entry_pipeline/s00_si_converter/inst/gen_axilite_conv.axilite_conv_inst/aw_addr[8]_i_19/O
                         net (fo=1, routed)           0.446     9.918    design_1_i/axi_smc/inst/s00_entry_pipeline/s00_si_converter/inst/gen_axilite_conv.axilite_conv_inst/aw_addr[8]_i_19_n_0
    SLICE_X4Y45          LUT6 (Prop_lut6_I5_O)        0.124    10.042 f  design_1_i/axi_smc/inst/s00_entry_pipeline/s00_si_converter/inst/gen_axilite_conv.axilite_conv_inst/aw_addr[8]_i_11/O
                         net (fo=1, routed)           0.607    10.649    design_1_i/axi_smc/inst/s00_entry_pipeline/s00_si_converter/inst/gen_axilite_conv.axilite_conv_inst/aw_addr[8]_i_11_n_0
    SLICE_X4Y46          LUT4 (Prop_lut4_I3_O)        0.124    10.773 r  design_1_i/axi_smc/inst/s00_entry_pipeline/s00_si_converter/inst/gen_axilite_conv.axilite_conv_inst/aw_addr[8]_i_5/O
                         net (fo=12, routed)          0.376    11.149    design_1_i/axi_smc/inst/s00_entry_pipeline/s00_si_converter/inst/gen_axilite_conv.axilite_conv_inst/aw_addr[8]_i_5_n_0
    SLICE_X4Y47          LUT5 (Prop_lut5_I1_O)        0.124    11.273 r  design_1_i/axi_smc/inst/s00_entry_pipeline/s00_si_converter/inst/gen_axilite_conv.axilite_conv_inst/aw_addr[7]_i_1/O
                         net (fo=1, routed)           0.000    11.273    design_1_i/axi_smc/inst/s00_entry_pipeline/s00_si_converter/inst/gen_axilite_conv.axilite_conv_inst/aw_addr[7]
    SLICE_X4Y47          FDRE                                         r  design_1_i/axi_smc/inst/s00_entry_pipeline/s00_si_converter/inst/gen_axilite_conv.axilite_conv_inst/aw_addr_reg[7]/D
  -------------------------------------------------------------------    -------------------

                         (clock clk_125_clk_bd_clk_wiz_0_0 rise edge)
                                                      8.000     8.000 r  
    U18                                               0.000     8.000 r  adc_clk_p_i (IN)
                         net (fo=0)                   0.000     8.000    design_1_i/clk_0/U0/clk_wiz_0/inst/clk_in1_p
    U18                  IBUFDS (Prop_ibufds_I_O)     0.940     8.940 r  design_1_i/clk_0/U0/clk_wiz_0/inst/clkin1_ibufgds/O
                         net (fo=1, routed)           1.880    10.820    design_1_i/clk_0/U0/clk_wiz_0/inst/clk_in1_clk_bd_clk_wiz_0_0_buf
    BUFGCTRL_X0Y4        BUFG (Prop_bufg_I_O)         0.092    10.912 r  design_1_i/clk_0/U0/clk_wiz_0/inst/clkin1_bufg1/O
                         net (fo=1, routed)           1.487    12.399    design_1_i/clk_0/U0/clk_wiz_0/inst/clk_in1_clk_bd_clk_wiz_0_0
    MMCME2_ADV_X0Y0      MMCME2_ADV (Prop_mmcme2_adv_CLKIN1_CLKOUT0)
                                                     -3.177     9.222 r  design_1_i/clk_0/U0/clk_wiz_0/inst/mmcm_adv_inst/CLKOUT0
                         net (fo=1, routed)           1.599    10.821    design_1_i/clk_0/U0/clk_wiz_0/inst/clk_125_clk_bd_clk_wiz_0_0
    BUFGCTRL_X0Y0        BUFG (Prop_bufg_I_O)         0.091    10.912 r  design_1_i/clk_0/U0/clk_wiz_0/inst/clkout1_buf/O
                         net (fo=2421, routed)        1.552    12.464    design_1_i/axi_smc/inst/s00_entry_pipeline/s00_si_converter/inst/gen_axilite_conv.axilite_conv_inst/aclk
    SLICE_X4Y47          FDRE                                         r  design_1_i/axi_smc/inst/s00_entry_pipeline/s00_si_converter/inst/gen_axilite_conv.axilite_conv_inst/aw_addr_reg[7]/C
                         clock pessimism              0.401    12.865    
                         clock uncertainty           -0.069    12.796    
    SLICE_X4Y47          FDRE (Setup_fdre_C_D)        0.077    12.873    design_1_i/axi_smc/inst/s00_entry_pipeline/s00_si_converter/inst/gen_axilite_conv.axilite_conv_inst/aw_addr_reg[7]
  -------------------------------------------------------------------
                         required time                         12.873    
                         arrival time                         -11.273    
  -------------------------------------------------------------------
                         slack                                  1.600    

Slack (MET) :             1.607ns  (required time - arrival time)
  Source:                 design_1_i/axi_smc/inst/s00_entry_pipeline/s00_mmu/inst/aw_reg_stall/m_vector_i_reg[1027]/C
                            (rising edge-triggered cell FDRE clocked by clk_125_clk_bd_clk_wiz_0_0  {rise@0.000ns fall@4.000ns period=8.000ns})
  Destination:            design_1_i/axi_smc/inst/s00_entry_pipeline/s00_si_converter/inst/gen_axilite_conv.axilite_conv_inst/aw_addr_reg[9]/D
                            (rising edge-triggered cell FDRE clocked by clk_125_clk_bd_clk_wiz_0_0  {rise@0.000ns fall@4.000ns period=8.000ns})
  Path Group:             clk_125_clk_bd_clk_wiz_0_0
  Path Type:              Setup (Max at Slow Process Corner)
  Requirement:            8.000ns  (clk_125_clk_bd_clk_wiz_0_0 rise@8.000ns - clk_125_clk_bd_clk_wiz_0_0 rise@0.000ns)
  Data Path Delay:        6.381ns  (logic 2.608ns (40.873%)  route 3.773ns (59.127%))
  Logic Levels:           9  (CARRY4=2 LUT2=1 LUT3=2 LUT4=1 LUT5=2 LUT6=1)
  Clock Path Skew:        -0.024ns (DCD - SCD + CPR)
    Destination Clock Delay (DCD):    4.464ns = ( 12.464 - 8.000 ) 
    Source Clock Delay      (SCD):    4.889ns
    Clock Pessimism Removal (CPR):    0.401ns
  Clock Uncertainty:      0.069ns  ((TSJ^2 + DJ^2)^1/2) / 2 + PE
    Total System Jitter     (TSJ):    0.071ns
    Discrete Jitter          (DJ):    0.119ns
    Phase Error              (PE):    0.000ns

    Location             Delay type                Incr(ns)  Path(ns)    Netlist Resource(s)
  -------------------------------------------------------------------    -------------------
                         (clock clk_125_clk_bd_clk_wiz_0_0 rise edge)
                                                      0.000     0.000 r  
    U18                                               0.000     0.000 r  adc_clk_p_i (IN)
                         net (fo=0)                   0.000     0.000    design_1_i/clk_0/U0/clk_wiz_0/inst/clk_in1_p
    U18                  IBUFDS (Prop_ibufds_I_O)     0.983     0.983 r  design_1_i/clk_0/U0/clk_wiz_0/inst/clkin1_ibufgds/O
                         net (fo=1, routed)           2.076     3.059    design_1_i/clk_0/U0/clk_wiz_0/inst/clk_in1_clk_bd_clk_wiz_0_0_buf
    BUFGCTRL_X0Y4        BUFG (Prop_bufg_I_O)         0.102     3.161 r  design_1_i/clk_0/U0/clk_wiz_0/inst/clkin1_bufg1/O
                         net (fo=1, routed)           1.677     4.838    design_1_i/clk_0/U0/clk_wiz_0/inst/clk_in1_clk_bd_clk_wiz_0_0
    MMCME2_ADV_X0Y0      MMCME2_ADV (Prop_mmcme2_adv_CLKIN1_CLKOUT0)
                                                     -3.538     1.300 r  design_1_i/clk_0/U0/clk_wiz_0/inst/mmcm_adv_inst/CLKOUT0
                         net (fo=1, routed)           1.760     3.060    design_1_i/clk_0/U0/clk_wiz_0/inst/clk_125_clk_bd_clk_wiz_0_0
    BUFGCTRL_X0Y0        BUFG (Prop_bufg_I_O)         0.101     3.161 r  design_1_i/clk_0/U0/clk_wiz_0/inst/clkout1_buf/O
                         net (fo=2421, routed)        1.728     4.889    design_1_i/axi_smc/inst/s00_entry_pipeline/s00_mmu/inst/aw_reg_stall/aclk
    SLICE_X2Y46          FDRE                                         r  design_1_i/axi_smc/inst/s00_entry_pipeline/s00_mmu/inst/aw_reg_stall/m_vector_i_reg[1027]/C
  -------------------------------------------------------------------    -------------------
    SLICE_X2Y46          FDRE (Prop_fdre_C_Q)         0.456     5.345 f  design_1_i/axi_smc/inst/s00_entry_pipeline/s00_mmu/inst/aw_reg_stall/m_vector_i_reg[1027]/Q
                         net (fo=20, routed)          0.663     6.008    design_1_i/axi_smc/inst/s00_entry_pipeline/s00_si_converter/inst/gen_axilite_conv.axilite_conv_inst/s_axi_awsize[1]
    SLICE_X2Y46          LUT2 (Prop_lut2_I1_O)        0.149     6.157 f  design_1_i/axi_smc/inst/s00_entry_pipeline/s00_si_converter/inst/gen_axilite_conv.axilite_conv_inst/aw_addr[6]_i_3/O
                         net (fo=2, routed)           0.661     6.818    design_1_i/axi_smc/inst/s00_entry_pipeline/s00_si_converter/inst/gen_axilite_conv.axilite_conv_inst/aw_addr[6]_i_3_n_0
    SLICE_X3Y46          LUT3 (Prop_lut3_I0_O)        0.360     7.178 r  design_1_i/axi_smc/inst/s00_entry_pipeline/s00_si_converter/inst/gen_axilite_conv.axilite_conv_inst/aw_addr[6]_i_2/O
                         net (fo=3, routed)           0.592     7.770    design_1_i/axi_smc/inst/s00_entry_pipeline/s00_si_converter/inst/gen_axilite_conv.axilite_conv_inst/wrap_awaddr[6]
    SLICE_X5Y46          LUT3 (Prop_lut3_I0_O)        0.332     8.102 r  design_1_i/axi_smc/inst/s00_entry_pipeline/s00_si_converter/inst/gen_axilite_conv.axilite_conv_inst/aw_addr[8]_i_21/O
                         net (fo=1, routed)           0.000     8.102    design_1_i/axi_smc/inst/s00_entry_pipeline/s00_si_converter/inst/gen_axilite_conv.axilite_conv_inst/aw_addr[8]_i_21_n_0
    SLICE_X5Y46          CARRY4 (Prop_carry4_S[2]_CO[3])
                                                      0.398     8.500 r  design_1_i/axi_smc/inst/s00_entry_pipeline/s00_si_converter/inst/gen_axilite_conv.axilite_conv_inst/aw_addr_reg[8]_i_14/CO[3]
                         net (fo=1, routed)           0.000     8.500    design_1_i/axi_smc/inst/s00_entry_pipeline/s00_si_converter/inst/gen_axilite_conv.axilite_conv_inst/aw_addr_reg[8]_i_14_n_0
    SLICE_X5Y47          CARRY4 (Prop_carry4_CI_O[2])
                                                      0.239     8.739 r  design_1_i/axi_smc/inst/s00_entry_pipeline/s00_si_converter/inst/gen_axilite_conv.axilite_conv_inst/aw_addr_reg[8]_i_17/O[2]
                         net (fo=1, routed)           0.432     9.170    design_1_i/axi_smc/inst/s00_entry_pipeline/s00_si_converter/inst/gen_axilite_conv.axilite_conv_inst/wrap_awaddr_limit[10]
    SLICE_X4Y48          LUT5 (Prop_lut5_I2_O)        0.302     9.472 f  design_1_i/axi_smc/inst/s00_entry_pipeline/s00_si_converter/inst/gen_axilite_conv.axilite_conv_inst/aw_addr[8]_i_19/O
                         net (fo=1, routed)           0.446     9.918    design_1_i/axi_smc/inst/s00_entry_pipeline/s00_si_converter/inst/gen_axilite_conv.axilite_conv_inst/aw_addr[8]_i_19_n_0
    SLICE_X4Y45          LUT6 (Prop_lut6_I5_O)        0.124    10.042 f  design_1_i/axi_smc/inst/s00_entry_pipeline/s00_si_converter/inst/gen_axilite_conv.axilite_conv_inst/aw_addr[8]_i_11/O
                         net (fo=1, routed)           0.607    10.649    design_1_i/axi_smc/inst/s00_entry_pipeline/s00_si_converter/inst/gen_axilite_conv.axilite_conv_inst/aw_addr[8]_i_11_n_0
    SLICE_X4Y46          LUT4 (Prop_lut4_I3_O)        0.124    10.773 r  design_1_i/axi_smc/inst/s00_entry_pipeline/s00_si_converter/inst/gen_axilite_conv.axilite_conv_inst/aw_addr[8]_i_5/O
                         net (fo=12, routed)          0.373    11.146    design_1_i/axi_smc/inst/s00_entry_pipeline/s00_si_converter/inst/gen_axilite_conv.axilite_conv_inst/aw_addr[8]_i_5_n_0
    SLICE_X4Y47          LUT5 (Prop_lut5_I1_O)        0.124    11.270 r  design_1_i/axi_smc/inst/s00_entry_pipeline/s00_si_converter/inst/gen_axilite_conv.axilite_conv_inst/aw_addr[9]_i_1/O
                         net (fo=1, routed)           0.000    11.270    design_1_i/axi_smc/inst/s00_entry_pipeline/s00_si_converter/inst/gen_axilite_conv.axilite_conv_inst/aw_addr[9]
    SLICE_X4Y47          FDRE                                         r  design_1_i/axi_smc/inst/s00_entry_pipeline/s00_si_converter/inst/gen_axilite_conv.axilite_conv_inst/aw_addr_reg[9]/D
  -------------------------------------------------------------------    -------------------

                         (clock clk_125_clk_bd_clk_wiz_0_0 rise edge)
                                                      8.000     8.000 r  
    U18                                               0.000     8.000 r  adc_clk_p_i (IN)
                         net (fo=0)                   0.000     8.000    design_1_i/clk_0/U0/clk_wiz_0/inst/clk_in1_p
    U18                  IBUFDS (Prop_ibufds_I_O)     0.940     8.940 r  design_1_i/clk_0/U0/clk_wiz_0/inst/clkin1_ibufgds/O
                         net (fo=1, routed)           1.880    10.820    design_1_i/clk_0/U0/clk_wiz_0/inst/clk_in1_clk_bd_clk_wiz_0_0_buf
    BUFGCTRL_X0Y4        BUFG (Prop_bufg_I_O)         0.092    10.912 r  design_1_i/clk_0/U0/clk_wiz_0/inst/clkin1_bufg1/O
                         net (fo=1, routed)           1.487    12.399    design_1_i/clk_0/U0/clk_wiz_0/inst/clk_in1_clk_bd_clk_wiz_0_0
    MMCME2_ADV_X0Y0      MMCME2_ADV (Prop_mmcme2_adv_CLKIN1_CLKOUT0)
                                                     -3.177     9.222 r  design_1_i/clk_0/U0/clk_wiz_0/inst/mmcm_adv_inst/CLKOUT0
                         net (fo=1, routed)           1.599    10.821    design_1_i/clk_0/U0/clk_wiz_0/inst/clk_125_clk_bd_clk_wiz_0_0
    BUFGCTRL_X0Y0        BUFG (Prop_bufg_I_O)         0.091    10.912 r  design_1_i/clk_0/U0/clk_wiz_0/inst/clkout1_buf/O
                         net (fo=2421, routed)        1.552    12.464    design_1_i/axi_smc/inst/s00_entry_pipeline/s00_si_converter/inst/gen_axilite_conv.axilite_conv_inst/aclk
    SLICE_X4Y47          FDRE                                         r  design_1_i/axi_smc/inst/s00_entry_pipeline/s00_si_converter/inst/gen_axilite_conv.axilite_conv_inst/aw_addr_reg[9]/C
                         clock pessimism              0.401    12.865    
                         clock uncertainty           -0.069    12.796    
    SLICE_X4Y47          FDRE (Setup_fdre_C_D)        0.081    12.877    design_1_i/axi_smc/inst/s00_entry_pipeline/s00_si_converter/inst/gen_axilite_conv.axilite_conv_inst/aw_addr_reg[9]
  -------------------------------------------------------------------
                         required time                         12.877    
                         arrival time                         -11.270    
  -------------------------------------------------------------------
                         slack                                  1.607    

Slack (MET) :             1.696ns  (required time - arrival time)
  Source:                 design_1_i/axi_smc/inst/switchboards/i_nodes/i_w_node/inst/inst_mi_handler/gen_normal_area.inst_fifo_node_payld/gen_reg_fifo.inst_reg_fifo/gen_single_rank.data_reg[38]/C
                            (rising edge-triggered cell FDRE clocked by clk_125_clk_bd_clk_wiz_0_0  {rise@0.000ns fall@4.000ns period=8.000ns})
  Destination:            design_1_i/axi_gpio_5/U0/gpio_core_1/Dual.gpio_Data_Out_reg[4]/D
                            (rising edge-triggered cell FDRE clocked by clk_125_clk_bd_clk_wiz_0_0  {rise@0.000ns fall@4.000ns period=8.000ns})
  Path Group:             clk_125_clk_bd_clk_wiz_0_0
  Path Type:              Setup (Max at Slow Process Corner)
  Requirement:            8.000ns  (clk_125_clk_bd_clk_wiz_0_0 rise@8.000ns - clk_125_clk_bd_clk_wiz_0_0 rise@0.000ns)
  Data Path Delay:        5.979ns  (logic 0.518ns (8.664%)  route 5.461ns (91.336%))
  Logic Levels:           0  
  Clock Path Skew:        -0.175ns (DCD - SCD + CPR)
    Destination Clock Delay (DCD):    4.403ns = ( 12.403 - 8.000 ) 
    Source Clock Delay      (SCD):    4.841ns
    Clock Pessimism Removal (CPR):    0.263ns
  Clock Uncertainty:      0.069ns  ((TSJ^2 + DJ^2)^1/2) / 2 + PE
    Total System Jitter     (TSJ):    0.071ns
    Discrete Jitter          (DJ):    0.119ns
    Phase Error              (PE):    0.000ns

    Location             Delay type                Incr(ns)  Path(ns)    Netlist Resource(s)
  -------------------------------------------------------------------    -------------------
                         (clock clk_125_clk_bd_clk_wiz_0_0 rise edge)
                                                      0.000     0.000 r  
    U18                                               0.000     0.000 r  adc_clk_p_i (IN)
                         net (fo=0)                   0.000     0.000    design_1_i/clk_0/U0/clk_wiz_0/inst/clk_in1_p
    U18                  IBUFDS (Prop_ibufds_I_O)     0.983     0.983 r  design_1_i/clk_0/U0/clk_wiz_0/inst/clkin1_ibufgds/O
                         net (fo=1, routed)           2.076     3.059    design_1_i/clk_0/U0/clk_wiz_0/inst/clk_in1_clk_bd_clk_wiz_0_0_buf
    BUFGCTRL_X0Y4        BUFG (Prop_bufg_I_O)         0.102     3.161 r  design_1_i/clk_0/U0/clk_wiz_0/inst/clkin1_bufg1/O
                         net (fo=1, routed)           1.677     4.838    design_1_i/clk_0/U0/clk_wiz_0/inst/clk_in1_clk_bd_clk_wiz_0_0
    MMCME2_ADV_X0Y0      MMCME2_ADV (Prop_mmcme2_adv_CLKIN1_CLKOUT0)
                                                     -3.538     1.300 r  design_1_i/clk_0/U0/clk_wiz_0/inst/mmcm_adv_inst/CLKOUT0
                         net (fo=1, routed)           1.760     3.060    design_1_i/clk_0/U0/clk_wiz_0/inst/clk_125_clk_bd_clk_wiz_0_0
    BUFGCTRL_X0Y0        BUFG (Prop_bufg_I_O)         0.101     3.161 r  design_1_i/clk_0/U0/clk_wiz_0/inst/clkout1_buf/O
                         net (fo=2421, routed)        1.680     4.841    design_1_i/axi_smc/inst/switchboards/i_nodes/i_w_node/inst/inst_mi_handler/gen_normal_area.inst_fifo_node_payld/gen_reg_fifo.inst_reg_fifo/s_sc_aclk
    SLICE_X12Y41         FDRE                                         r  design_1_i/axi_smc/inst/switchboards/i_nodes/i_w_node/inst/inst_mi_handler/gen_normal_area.inst_fifo_node_payld/gen_reg_fifo.inst_reg_fifo/gen_single_rank.data_reg[38]/C
  -------------------------------------------------------------------    -------------------
    SLICE_X12Y41         FDRE (Prop_fdre_C_Q)         0.518     5.359 r  design_1_i/axi_smc/inst/switchboards/i_nodes/i_w_node/inst/inst_mi_handler/gen_normal_area.inst_fifo_node_payld/gen_reg_fifo.inst_reg_fifo/gen_single_rank.data_reg[38]/Q
                         net (fo=16, routed)          5.461    10.820    design_1_i/axi_gpio_5/U0/gpio_core_1/s_axi_wdata[11]
    SLICE_X29Y32         FDRE                                         r  design_1_i/axi_gpio_5/U0/gpio_core_1/Dual.gpio_Data_Out_reg[4]/D
  -------------------------------------------------------------------    -------------------

                         (clock clk_125_clk_bd_clk_wiz_0_0 rise edge)
                                                      8.000     8.000 r  
    U18                                               0.000     8.000 r  adc_clk_p_i (IN)
                         net (fo=0)                   0.000     8.000    design_1_i/clk_0/U0/clk_wiz_0/inst/clk_in1_p
    U18                  IBUFDS (Prop_ibufds_I_O)     0.940     8.940 r  design_1_i/clk_0/U0/clk_wiz_0/inst/clkin1_ibufgds/O
                         net (fo=1, routed)           1.880    10.820    design_1_i/clk_0/U0/clk_wiz_0/inst/clk_in1_clk_bd_clk_wiz_0_0_buf
    BUFGCTRL_X0Y4        BUFG (Prop_bufg_I_O)         0.092    10.912 r  design_1_i/clk_0/U0/clk_wiz_0/inst/clkin1_bufg1/O
                         net (fo=1, routed)           1.487    12.399    design_1_i/clk_0/U0/clk_wiz_0/inst/clk_in1_clk_bd_clk_wiz_0_0
    MMCME2_ADV_X0Y0      MMCME2_ADV (Prop_mmcme2_adv_CLKIN1_CLKOUT0)
                                                     -3.177     9.222 r  design_1_i/clk_0/U0/clk_wiz_0/inst/mmcm_adv_inst/CLKOUT0
                         net (fo=1, routed)           1.599    10.821    design_1_i/clk_0/U0/clk_wiz_0/inst/clk_125_clk_bd_clk_wiz_0_0
    BUFGCTRL_X0Y0        BUFG (Prop_bufg_I_O)         0.091    10.912 r  design_1_i/clk_0/U0/clk_wiz_0/inst/clkout1_buf/O
                         net (fo=2421, routed)        1.491    12.403    design_1_i/axi_gpio_5/U0/gpio_core_1/s_axi_aclk
    SLICE_X29Y32         FDRE                                         r  design_1_i/axi_gpio_5/U0/gpio_core_1/Dual.gpio_Data_Out_reg[4]/C
                         clock pessimism              0.263    12.667    
                         clock uncertainty           -0.069    12.597    
    SLICE_X29Y32         FDRE (Setup_fdre_C_D)       -0.081    12.516    design_1_i/axi_gpio_5/U0/gpio_core_1/Dual.gpio_Data_Out_reg[4]
  -------------------------------------------------------------------
                         required time                         12.516    
                         arrival time                         -10.820    
  -------------------------------------------------------------------
                         slack                                  1.696    

Slack (MET) :             1.705ns  (required time - arrival time)
  Source:                 design_1_i/offset_scale_ctrl_0/inst/i_accumulator_reg[1]/C
                            (rising edge-triggered cell FDRE clocked by clk_125_clk_bd_clk_wiz_0_0  {rise@0.000ns fall@4.000ns period=8.000ns})
  Destination:            design_1_i/offset_scale_ctrl_0/inst/i_accumulator_reg[0]/D
                            (rising edge-triggered cell FDRE clocked by clk_125_clk_bd_clk_wiz_0_0  {rise@0.000ns fall@4.000ns period=8.000ns})
  Path Group:             clk_125_clk_bd_clk_wiz_0_0
  Path Type:              Setup (Max at Slow Process Corner)
  Requirement:            8.000ns  (clk_125_clk_bd_clk_wiz_0_0 rise@8.000ns - clk_125_clk_bd_clk_wiz_0_0 rise@0.000ns)
  Data Path Delay:        6.255ns  (logic 3.572ns (57.109%)  route 2.683ns (42.891%))
  Logic Levels:           13  (CARRY4=10 LUT2=2 LUT3=1)
  Clock Path Skew:        0.000ns (DCD - SCD + CPR)
    Destination Clock Delay (DCD):    4.412ns = ( 12.412 - 8.000 ) 
    Source Clock Delay      (SCD):    4.834ns
    Clock Pessimism Removal (CPR):    0.422ns
  Clock Uncertainty:      0.069ns  ((TSJ^2 + DJ^2)^1/2) / 2 + PE
    Total System Jitter     (TSJ):    0.071ns
    Discrete Jitter          (DJ):    0.119ns
    Phase Error              (PE):    0.000ns

    Location             Delay type                Incr(ns)  Path(ns)    Netlist Resource(s)
  -------------------------------------------------------------------    -------------------
                         (clock clk_125_clk_bd_clk_wiz_0_0 rise edge)
                                                      0.000     0.000 r  
    U18                                               0.000     0.000 r  adc_clk_p_i (IN)
                         net (fo=0)                   0.000     0.000    design_1_i/clk_0/U0/clk_wiz_0/inst/clk_in1_p
    U18                  IBUFDS (Prop_ibufds_I_O)     0.983     0.983 r  design_1_i/clk_0/U0/clk_wiz_0/inst/clkin1_ibufgds/O
                         net (fo=1, routed)           2.076     3.059    design_1_i/clk_0/U0/clk_wiz_0/inst/clk_in1_clk_bd_clk_wiz_0_0_buf
    BUFGCTRL_X0Y4        BUFG (Prop_bufg_I_O)         0.102     3.161 r  design_1_i/clk_0/U0/clk_wiz_0/inst/clkin1_bufg1/O
                         net (fo=1, routed)           1.677     4.838    design_1_i/clk_0/U0/clk_wiz_0/inst/clk_in1_clk_bd_clk_wiz_0_0
    MMCME2_ADV_X0Y0      MMCME2_ADV (Prop_mmcme2_adv_CLKIN1_CLKOUT0)
                                                     -3.538     1.300 r  design_1_i/clk_0/U0/clk_wiz_0/inst/mmcm_adv_inst/CLKOUT0
                         net (fo=1, routed)           1.760     3.060    design_1_i/clk_0/U0/clk_wiz_0/inst/clk_125_clk_bd_clk_wiz_0_0
    BUFGCTRL_X0Y0        BUFG (Prop_bufg_I_O)         0.101     3.161 r  design_1_i/clk_0/U0/clk_wiz_0/inst/clkout1_buf/O
                         net (fo=2421, routed)        1.673     4.834    design_1_i/offset_scale_ctrl_0/inst/clk
    SLICE_X9Y16          FDRE                                         r  design_1_i/offset_scale_ctrl_0/inst/i_accumulator_reg[1]/C
  -------------------------------------------------------------------    -------------------
    SLICE_X9Y16          FDRE (Prop_fdre_C_Q)         0.419     5.253 r  design_1_i/offset_scale_ctrl_0/inst/i_accumulator_reg[1]/Q
                         net (fo=2, routed)           0.816     6.069    design_1_i/offset_scale_ctrl_0/inst/i_accumulator_reg_n_0_[1]
    SLICE_X8Y14          LUT2 (Prop_lut2_I0_O)        0.299     6.368 r  design_1_i/offset_scale_ctrl_0/inst/accumulator_next_carry_i_3/O
                         net (fo=1, routed)           0.000     6.368    design_1_i/offset_scale_ctrl_0/inst/accumulator_next_carry_i_3_n_0
    SLICE_X8Y14          CARRY4 (Prop_carry4_S[1]_CO[3])
                                                      0.533     6.901 r  design_1_i/offset_scale_ctrl_0/inst/accumulator_next_carry/CO[3]
                         net (fo=1, routed)           0.000     6.901    design_1_i/offset_scale_ctrl_0/inst/accumulator_next_carry_n_0
    SLICE_X8Y15          CARRY4 (Prop_carry4_CI_CO[3])
                                                      0.117     7.018 r  design_1_i/offset_scale_ctrl_0/inst/accumulator_next_carry__0/CO[3]
                         net (fo=1, routed)           0.000     7.018    design_1_i/offset_scale_ctrl_0/inst/accumulator_next_carry__0_n_0
    SLICE_X8Y16          CARRY4 (Prop_carry4_CI_CO[3])
                                                      0.117     7.135 r  design_1_i/offset_scale_ctrl_0/inst/accumulator_next_carry__1/CO[3]
                         net (fo=1, routed)           0.000     7.135    design_1_i/offset_scale_ctrl_0/inst/accumulator_next_carry__1_n_0
    SLICE_X8Y17          CARRY4 (Prop_carry4_CI_CO[3])
                                                      0.117     7.252 r  design_1_i/offset_scale_ctrl_0/inst/accumulator_next_carry__2/CO[3]
                         net (fo=1, routed)           0.000     7.252    design_1_i/offset_scale_ctrl_0/inst/accumulator_next_carry__2_n_0
    SLICE_X8Y18          CARRY4 (Prop_carry4_CI_CO[3])
                                                      0.117     7.369 r  design_1_i/offset_scale_ctrl_0/inst/accumulator_next_carry__3/CO[3]
                         net (fo=1, routed)           0.000     7.369    design_1_i/offset_scale_ctrl_0/inst/accumulator_next_carry__3_n_0
    SLICE_X8Y19          CARRY4 (Prop_carry4_CI_CO[3])
                                                      0.117     7.486 r  design_1_i/offset_scale_ctrl_0/inst/accumulator_next_carry__4/CO[3]
                         net (fo=1, routed)           0.000     7.486    design_1_i/offset_scale_ctrl_0/inst/accumulator_next_carry__4_n_0
    SLICE_X8Y20          CARRY4 (Prop_carry4_CI_CO[3])
                                                      0.117     7.603 r  design_1_i/offset_scale_ctrl_0/inst/accumulator_next_carry__5/CO[3]
                         net (fo=1, routed)           0.000     7.603    design_1_i/offset_scale_ctrl_0/inst/accumulator_next_carry__5_n_0
    SLICE_X8Y21          CARRY4 (Prop_carry4_CI_O[3])
                                                      0.315     7.918 f  design_1_i/offset_scale_ctrl_0/inst/accumulator_next_carry__6/O[3]
                         net (fo=5, routed)           0.808     8.725    design_1_i/offset_scale_ctrl_0/inst/p_0_in[31]
    SLICE_X6Y19          LUT2 (Prop_lut2_I1_O)        0.307     9.032 r  design_1_i/offset_scale_ctrl_0/inst/i__carry__2_i_3/O
                         net (fo=1, routed)           0.000     9.032    design_1_i/offset_scale_ctrl_0/inst/i__carry__2_i_3_n_0
    SLICE_X6Y19          CARRY4 (Prop_carry4_S[3]_CO[3])
                                                      0.376     9.408 r  design_1_i/offset_scale_ctrl_0/inst/i_accumulator1_inferred__0/i__carry__2/CO[3]
                         net (fo=1, routed)           0.000     9.408    design_1_i/offset_scale_ctrl_0/inst/i_accumulator1_inferred__0/i__carry__2_n_0
    SLICE_X6Y20          CARRY4 (Prop_carry4_CI_CO[0])
                                                      0.254     9.662 f  design_1_i/offset_scale_ctrl_0/inst/i_accumulator1_inferred__0/i__carry__3/CO[0]
                         net (fo=32, routed)          1.059    10.722    design_1_i/offset_scale_ctrl_0/inst/i_accumulator10_in
    SLICE_X9Y16          LUT3 (Prop_lut3_I2_O)        0.367    11.089 r  design_1_i/offset_scale_ctrl_0/inst/i_accumulator[0]_i_1/O
                         net (fo=1, routed)           0.000    11.089    design_1_i/offset_scale_ctrl_0/inst/i_accumulator[0]_i_1_n_0
    SLICE_X9Y16          FDRE                                         r  design_1_i/offset_scale_ctrl_0/inst/i_accumulator_reg[0]/D
  -------------------------------------------------------------------    -------------------

                         (clock clk_125_clk_bd_clk_wiz_0_0 rise edge)
                                                      8.000     8.000 r  
    U18                                               0.000     8.000 r  adc_clk_p_i (IN)
                         net (fo=0)                   0.000     8.000    design_1_i/clk_0/U0/clk_wiz_0/inst/clk_in1_p
    U18                  IBUFDS (Prop_ibufds_I_O)     0.940     8.940 r  design_1_i/clk_0/U0/clk_wiz_0/inst/clkin1_ibufgds/O
                         net (fo=1, routed)           1.880    10.820    design_1_i/clk_0/U0/clk_wiz_0/inst/clk_in1_clk_bd_clk_wiz_0_0_buf
    BUFGCTRL_X0Y4        BUFG (Prop_bufg_I_O)         0.092    10.912 r  design_1_i/clk_0/U0/clk_wiz_0/inst/clkin1_bufg1/O
                         net (fo=1, routed)           1.487    12.399    design_1_i/clk_0/U0/clk_wiz_0/inst/clk_in1_clk_bd_clk_wiz_0_0
    MMCME2_ADV_X0Y0      MMCME2_ADV (Prop_mmcme2_adv_CLKIN1_CLKOUT0)
                                                     -3.177     9.222 r  design_1_i/clk_0/U0/clk_wiz_0/inst/mmcm_adv_inst/CLKOUT0
                         net (fo=1, routed)           1.599    10.821    design_1_i/clk_0/U0/clk_wiz_0/inst/clk_125_clk_bd_clk_wiz_0_0
    BUFGCTRL_X0Y0        BUFG (Prop_bufg_I_O)         0.091    10.912 r  design_1_i/clk_0/U0/clk_wiz_0/inst/clkout1_buf/O
                         net (fo=2421, routed)        1.500    12.412    design_1_i/offset_scale_ctrl_0/inst/clk
    SLICE_X9Y16          FDRE                                         r  design_1_i/offset_scale_ctrl_0/inst/i_accumulator_reg[0]/C
                         clock pessimism              0.422    12.834    
                         clock uncertainty           -0.069    12.765    
    SLICE_X9Y16          FDRE (Setup_fdre_C_D)        0.029    12.794    design_1_i/offset_scale_ctrl_0/inst/i_accumulator_reg[0]
  -------------------------------------------------------------------
                         required time                         12.794    
                         arrival time                         -11.089    
  -------------------------------------------------------------------
                         slack                                  1.705    

Slack (MET) :             1.723ns  (required time - arrival time)
  Source:                 design_1_i/offset_scale_ctrl_0/inst/i_accumulator_reg[1]/C
                            (rising edge-triggered cell FDRE clocked by clk_125_clk_bd_clk_wiz_0_0  {rise@0.000ns fall@4.000ns period=8.000ns})
  Destination:            design_1_i/offset_scale_ctrl_0/inst/i_accumulator_reg[1]/D
                            (rising edge-triggered cell FDRE clocked by clk_125_clk_bd_clk_wiz_0_0  {rise@0.000ns fall@4.000ns period=8.000ns})
  Path Group:             clk_125_clk_bd_clk_wiz_0_0
  Path Type:              Setup (Max at Slow Process Corner)
  Requirement:            8.000ns  (clk_125_clk_bd_clk_wiz_0_0 rise@8.000ns - clk_125_clk_bd_clk_wiz_0_0 rise@0.000ns)
  Data Path Delay:        6.283ns  (logic 3.600ns (57.300%)  route 2.683ns (42.700%))
  Logic Levels:           13  (CARRY4=10 LUT2=2 LUT3=1)
  Clock Path Skew:        0.000ns (DCD - SCD + CPR)
    Destination Clock Delay (DCD):    4.412ns = ( 12.412 - 8.000 ) 
    Source Clock Delay      (SCD):    4.834ns
    Clock Pessimism Removal (CPR):    0.422ns
  Clock Uncertainty:      0.069ns  ((TSJ^2 + DJ^2)^1/2) / 2 + PE
    Total System Jitter     (TSJ):    0.071ns
    Discrete Jitter          (DJ):    0.119ns
    Phase Error              (PE):    0.000ns

    Location             Delay type                Incr(ns)  Path(ns)    Netlist Resource(s)
  -------------------------------------------------------------------    -------------------
                         (clock clk_125_clk_bd_clk_wiz_0_0 rise edge)
                                                      0.000     0.000 r  
    U18                                               0.000     0.000 r  adc_clk_p_i (IN)
                         net (fo=0)                   0.000     0.000    design_1_i/clk_0/U0/clk_wiz_0/inst/clk_in1_p
    U18                  IBUFDS (Prop_ibufds_I_O)     0.983     0.983 r  design_1_i/clk_0/U0/clk_wiz_0/inst/clkin1_ibufgds/O
                         net (fo=1, routed)           2.076     3.059    design_1_i/clk_0/U0/clk_wiz_0/inst/clk_in1_clk_bd_clk_wiz_0_0_buf
    BUFGCTRL_X0Y4        BUFG (Prop_bufg_I_O)         0.102     3.161 r  design_1_i/clk_0/U0/clk_wiz_0/inst/clkin1_bufg1/O
                         net (fo=1, routed)           1.677     4.838    design_1_i/clk_0/U0/clk_wiz_0/inst/clk_in1_clk_bd_clk_wiz_0_0
    MMCME2_ADV_X0Y0      MMCME2_ADV (Prop_mmcme2_adv_CLKIN1_CLKOUT0)
                                                     -3.538     1.300 r  design_1_i/clk_0/U0/clk_wiz_0/inst/mmcm_adv_inst/CLKOUT0
                         net (fo=1, routed)           1.760     3.060    design_1_i/clk_0/U0/clk_wiz_0/inst/clk_125_clk_bd_clk_wiz_0_0
    BUFGCTRL_X0Y0        BUFG (Prop_bufg_I_O)         0.101     3.161 r  design_1_i/clk_0/U0/clk_wiz_0/inst/clkout1_buf/O
                         net (fo=2421, routed)        1.673     4.834    design_1_i/offset_scale_ctrl_0/inst/clk
    SLICE_X9Y16          FDRE                                         r  design_1_i/offset_scale_ctrl_0/inst/i_accumulator_reg[1]/C
  -------------------------------------------------------------------    -------------------
    SLICE_X9Y16          FDRE (Prop_fdre_C_Q)         0.419     5.253 r  design_1_i/offset_scale_ctrl_0/inst/i_accumulator_reg[1]/Q
                         net (fo=2, routed)           0.816     6.069    design_1_i/offset_scale_ctrl_0/inst/i_accumulator_reg_n_0_[1]
    SLICE_X8Y14          LUT2 (Prop_lut2_I0_O)        0.299     6.368 r  design_1_i/offset_scale_ctrl_0/inst/accumulator_next_carry_i_3/O
                         net (fo=1, routed)           0.000     6.368    design_1_i/offset_scale_ctrl_0/inst/accumulator_next_carry_i_3_n_0
    SLICE_X8Y14          CARRY4 (Prop_carry4_S[1]_CO[3])
                                                      0.533     6.901 r  design_1_i/offset_scale_ctrl_0/inst/accumulator_next_carry/CO[3]
                         net (fo=1, routed)           0.000     6.901    design_1_i/offset_scale_ctrl_0/inst/accumulator_next_carry_n_0
    SLICE_X8Y15          CARRY4 (Prop_carry4_CI_CO[3])
                                                      0.117     7.018 r  design_1_i/offset_scale_ctrl_0/inst/accumulator_next_carry__0/CO[3]
                         net (fo=1, routed)           0.000     7.018    design_1_i/offset_scale_ctrl_0/inst/accumulator_next_carry__0_n_0
    SLICE_X8Y16          CARRY4 (Prop_carry4_CI_CO[3])
                                                      0.117     7.135 r  design_1_i/offset_scale_ctrl_0/inst/accumulator_next_carry__1/CO[3]
                         net (fo=1, routed)           0.000     7.135    design_1_i/offset_scale_ctrl_0/inst/accumulator_next_carry__1_n_0
    SLICE_X8Y17          CARRY4 (Prop_carry4_CI_CO[3])
                                                      0.117     7.252 r  design_1_i/offset_scale_ctrl_0/inst/accumulator_next_carry__2/CO[3]
                         net (fo=1, routed)           0.000     7.252    design_1_i/offset_scale_ctrl_0/inst/accumulator_next_carry__2_n_0
    SLICE_X8Y18          CARRY4 (Prop_carry4_CI_CO[3])
                                                      0.117     7.369 r  design_1_i/offset_scale_ctrl_0/inst/accumulator_next_carry__3/CO[3]
                         net (fo=1, routed)           0.000     7.369    design_1_i/offset_scale_ctrl_0/inst/accumulator_next_carry__3_n_0
    SLICE_X8Y19          CARRY4 (Prop_carry4_CI_CO[3])
                                                      0.117     7.486 r  design_1_i/offset_scale_ctrl_0/inst/accumulator_next_carry__4/CO[3]
                         net (fo=1, routed)           0.000     7.486    design_1_i/offset_scale_ctrl_0/inst/accumulator_next_carry__4_n_0
    SLICE_X8Y20          CARRY4 (Prop_carry4_CI_CO[3])
                                                      0.117     7.603 r  design_1_i/offset_scale_ctrl_0/inst/accumulator_next_carry__5/CO[3]
                         net (fo=1, routed)           0.000     7.603    design_1_i/offset_scale_ctrl_0/inst/accumulator_next_carry__5_n_0
    SLICE_X8Y21          CARRY4 (Prop_carry4_CI_O[3])
                                                      0.315     7.918 f  design_1_i/offset_scale_ctrl_0/inst/accumulator_next_carry__6/O[3]
                         net (fo=5, routed)           0.808     8.725    design_1_i/offset_scale_ctrl_0/inst/p_0_in[31]
    SLICE_X6Y19          LUT2 (Prop_lut2_I1_O)        0.307     9.032 r  design_1_i/offset_scale_ctrl_0/inst/i__carry__2_i_3/O
                         net (fo=1, routed)           0.000     9.032    design_1_i/offset_scale_ctrl_0/inst/i__carry__2_i_3_n_0
    SLICE_X6Y19          CARRY4 (Prop_carry4_S[3]_CO[3])
                                                      0.376     9.408 r  design_1_i/offset_scale_ctrl_0/inst/i_accumulator1_inferred__0/i__carry__2/CO[3]
                         net (fo=1, routed)           0.000     9.408    design_1_i/offset_scale_ctrl_0/inst/i_accumulator1_inferred__0/i__carry__2_n_0
    SLICE_X6Y20          CARRY4 (Prop_carry4_CI_CO[0])
                                                      0.254     9.662 f  design_1_i/offset_scale_ctrl_0/inst/i_accumulator1_inferred__0/i__carry__3/CO[0]
                         net (fo=32, routed)          1.059    10.722    design_1_i/offset_scale_ctrl_0/inst/i_accumulator10_in
    SLICE_X9Y16          LUT3 (Prop_lut3_I2_O)        0.395    11.117 r  design_1_i/offset_scale_ctrl_0/inst/i_accumulator[1]_i_1/O
                         net (fo=1, routed)           0.000    11.117    design_1_i/offset_scale_ctrl_0/inst/i_accumulator[1]_i_1_n_0
    SLICE_X9Y16          FDRE                                         r  design_1_i/offset_scale_ctrl_0/inst/i_accumulator_reg[1]/D
  -------------------------------------------------------------------    -------------------

                         (clock clk_125_clk_bd_clk_wiz_0_0 rise edge)
                                                      8.000     8.000 r  
    U18                                               0.000     8.000 r  adc_clk_p_i (IN)
                         net (fo=0)                   0.000     8.000    design_1_i/clk_0/U0/clk_wiz_0/inst/clk_in1_p
    U18                  IBUFDS (Prop_ibufds_I_O)     0.940     8.940 r  design_1_i/clk_0/U0/clk_wiz_0/inst/clkin1_ibufgds/O
                         net (fo=1, routed)           1.880    10.820    design_1_i/clk_0/U0/clk_wiz_0/inst/clk_in1_clk_bd_clk_wiz_0_0_buf
    BUFGCTRL_X0Y4        BUFG (Prop_bufg_I_O)         0.092    10.912 r  design_1_i/clk_0/U0/clk_wiz_0/inst/clkin1_bufg1/O
                         net (fo=1, routed)           1.487    12.399    design_1_i/clk_0/U0/clk_wiz_0/inst/clk_in1_clk_bd_clk_wiz_0_0
    MMCME2_ADV_X0Y0      MMCME2_ADV (Prop_mmcme2_adv_CLKIN1_CLKOUT0)
                                                     -3.177     9.222 r  design_1_i/clk_0/U0/clk_wiz_0/inst/mmcm_adv_inst/CLKOUT0
                         net (fo=1, routed)           1.599    10.821    design_1_i/clk_0/U0/clk_wiz_0/inst/clk_125_clk_bd_clk_wiz_0_0
    BUFGCTRL_X0Y0        BUFG (Prop_bufg_I_O)         0.091    10.912 r  design_1_i/clk_0/U0/clk_wiz_0/inst/clkout1_buf/O
                         net (fo=2421, routed)        1.500    12.412    design_1_i/offset_scale_ctrl_0/inst/clk
    SLICE_X9Y16          FDRE                                         r  design_1_i/offset_scale_ctrl_0/inst/i_accumulator_reg[1]/C
                         clock pessimism              0.422    12.834    
                         clock uncertainty           -0.069    12.765    
    SLICE_X9Y16          FDRE (Setup_fdre_C_D)        0.075    12.840    design_1_i/offset_scale_ctrl_0/inst/i_accumulator_reg[1]
  -------------------------------------------------------------------
                         required time                         12.840    
                         arrival time                         -11.117    
  -------------------------------------------------------------------
                         slack                                  1.723    

Slack (MET) :             1.725ns  (required time - arrival time)
  Source:                 design_1_i/proc_sys_reset_0/U0/ACTIVE_LOW_PR_OUT_DFF[0].FDRE_PER_N/C
                            (rising edge-triggered cell FDRE clocked by clk_125_clk_bd_clk_wiz_0_0  {rise@0.000ns fall@4.000ns period=8.000ns})
  Destination:            design_1_i/offset_scale_ctrl_1/inst/i_product_s3_reg/RSTP
                            (rising edge-triggered cell DSP48E1 clocked by clk_125_clk_bd_clk_wiz_0_0  {rise@0.000ns fall@4.000ns period=8.000ns})
  Path Group:             clk_125_clk_bd_clk_wiz_0_0
  Path Type:              Setup (Max at Slow Process Corner)
  Requirement:            8.000ns  (clk_125_clk_bd_clk_wiz_0_0 rise@8.000ns - clk_125_clk_bd_clk_wiz_0_0 rise@0.000ns)
  Data Path Delay:        5.605ns  (logic 0.605ns (10.795%)  route 5.000ns (89.205%))
  Logic Levels:           1  (LUT1=1)
  Clock Path Skew:        -0.046ns (DCD - SCD + CPR)
    Destination Clock Delay (DCD):    4.506ns = ( 12.506 - 8.000 ) 
    Source Clock Delay      (SCD):    4.815ns
    Clock Pessimism Removal (CPR):    0.263ns
  Clock Uncertainty:      0.069ns  ((TSJ^2 + DJ^2)^1/2) / 2 + PE
    Total System Jitter     (TSJ):    0.071ns
    Discrete Jitter          (DJ):    0.119ns
    Phase Error              (PE):    0.000ns

    Location             Delay type                Incr(ns)  Path(ns)    Netlist Resource(s)
  -------------------------------------------------------------------    -------------------
                         (clock clk_125_clk_bd_clk_wiz_0_0 rise edge)
                                                      0.000     0.000 r  
    U18                                               0.000     0.000 r  adc_clk_p_i (IN)
                         net (fo=0)                   0.000     0.000    design_1_i/clk_0/U0/clk_wiz_0/inst/clk_in1_p
    U18                  IBUFDS (Prop_ibufds_I_O)     0.983     0.983 r  design_1_i/clk_0/U0/clk_wiz_0/inst/clkin1_ibufgds/O
                         net (fo=1, routed)           2.076     3.059    design_1_i/clk_0/U0/clk_wiz_0/inst/clk_in1_clk_bd_clk_wiz_0_0_buf
    BUFGCTRL_X0Y4        BUFG (Prop_bufg_I_O)         0.102     3.161 r  design_1_i/clk_0/U0/clk_wiz_0/inst/clkin1_bufg1/O
                         net (fo=1, routed)           1.677     4.838    design_1_i/clk_0/U0/clk_wiz_0/inst/clk_in1_clk_bd_clk_wiz_0_0
    MMCME2_ADV_X0Y0      MMCME2_ADV (Prop_mmcme2_adv_CLKIN1_CLKOUT0)
                                                     -3.538     1.300 r  design_1_i/clk_0/U0/clk_wiz_0/inst/mmcm_adv_inst/CLKOUT0
                         net (fo=1, routed)           1.760     3.060    design_1_i/clk_0/U0/clk_wiz_0/inst/clk_125_clk_bd_clk_wiz_0_0
    BUFGCTRL_X0Y0        BUFG (Prop_bufg_I_O)         0.101     3.161 r  design_1_i/clk_0/U0/clk_wiz_0/inst/clkout1_buf/O
                         net (fo=2421, routed)        1.654     4.815    design_1_i/proc_sys_reset_0/U0/slowest_sync_clk
    SLICE_X33Y25         FDRE                                         r  design_1_i/proc_sys_reset_0/U0/ACTIVE_LOW_PR_OUT_DFF[0].FDRE_PER_N/C
  -------------------------------------------------------------------    -------------------
    SLICE_X33Y25         FDRE (Prop_fdre_C_Q)         0.456     5.271 f  design_1_i/proc_sys_reset_0/U0/ACTIVE_LOW_PR_OUT_DFF[0].FDRE_PER_N/Q
                         net (fo=42, routed)          1.398     6.669    design_1_i/offset_scale_ctrl_1/inst/resetn
    SLICE_X26Y19         LUT1 (Prop_lut1_I0_O)        0.149     6.818 r  design_1_i/offset_scale_ctrl_1/inst/data_o_tdata[15]_i_1/O
                         net (fo=96, routed)          3.601    10.420    design_1_i/offset_scale_ctrl_1/inst/RSTD
    DSP48_X0Y4           DSP48E1                                      r  design_1_i/offset_scale_ctrl_1/inst/i_product_s3_reg/RSTP
  -------------------------------------------------------------------    -------------------

                         (clock clk_125_clk_bd_clk_wiz_0_0 rise edge)
                                                      8.000     8.000 r  
    U18                                               0.000     8.000 r  adc_clk_p_i (IN)
                         net (fo=0)                   0.000     8.000    design_1_i/clk_0/U0/clk_wiz_0/inst/clk_in1_p
    U18                  IBUFDS (Prop_ibufds_I_O)     0.940     8.940 r  design_1_i/clk_0/U0/clk_wiz_0/inst/clkin1_ibufgds/O
                         net (fo=1, routed)           1.880    10.820    design_1_i/clk_0/U0/clk_wiz_0/inst/clk_in1_clk_bd_clk_wiz_0_0_buf
    BUFGCTRL_X0Y4        BUFG (Prop_bufg_I_O)         0.092    10.912 r  design_1_i/clk_0/U0/clk_wiz_0/inst/clkin1_bufg1/O
                         net (fo=1, routed)           1.487    12.399    design_1_i/clk_0/U0/clk_wiz_0/inst/clk_in1_clk_bd_clk_wiz_0_0
    MMCME2_ADV_X0Y0      MMCME2_ADV (Prop_mmcme2_adv_CLKIN1_CLKOUT0)
                                                     -3.177     9.222 r  design_1_i/clk_0/U0/clk_wiz_0/inst/mmcm_adv_inst/CLKOUT0
                         net (fo=1, routed)           1.599    10.821    design_1_i/clk_0/U0/clk_wiz_0/inst/clk_125_clk_bd_clk_wiz_0_0
    BUFGCTRL_X0Y0        BUFG (Prop_bufg_I_O)         0.091    10.912 r  design_1_i/clk_0/U0/clk_wiz_0/inst/clkout1_buf/O
                         net (fo=2421, routed)        1.594    12.506    design_1_i/offset_scale_ctrl_1/inst/clk
    DSP48_X0Y4           DSP48E1                                      r  design_1_i/offset_scale_ctrl_1/inst/i_product_s3_reg/CLK
                         clock pessimism              0.263    12.769    
                         clock uncertainty           -0.069    12.700    
    DSP48_X0Y4           DSP48E1 (Setup_dsp48e1_CLK_RSTP)
                                                     -0.555    12.145    design_1_i/offset_scale_ctrl_1/inst/i_product_s3_reg
  -------------------------------------------------------------------
                         required time                         12.145    
                         arrival time                         -10.420    
  -------------------------------------------------------------------
                         slack                                  1.725    

Slack (MET) :             1.745ns  (required time - arrival time)
  Source:                 design_1_i/dac_calibrator_0/inst/gain_product_reg_reg/CLK
                            (rising edge-triggered cell DSP48E1 clocked by clk_125_clk_bd_clk_wiz_0_0  {rise@0.000ns fall@4.000ns period=8.000ns})
  Destination:            design_1_i/dac_calibrator_0/inst/data_o_tdata_reg[13]/D
                            (rising edge-triggered cell FDRE clocked by clk_125_clk_bd_clk_wiz_0_0  {rise@0.000ns fall@4.000ns period=8.000ns})
  Path Group:             clk_125_clk_bd_clk_wiz_0_0
  Path Type:              Setup (Max at Slow Process Corner)
  Requirement:            8.000ns  (clk_125_clk_bd_clk_wiz_0_0 rise@8.000ns - clk_125_clk_bd_clk_wiz_0_0 rise@0.000ns)
  Data Path Delay:        6.129ns  (logic 2.446ns (39.909%)  route 3.683ns (60.091%))
  Logic Levels:           9  (CARRY4=6 LUT2=2 LUT3=1)
  Clock Path Skew:        -0.134ns (DCD - SCD + CPR)
    Destination Clock Delay (DCD):    4.409ns = ( 12.409 - 8.000 ) 
    Source Clock Delay      (SCD):    4.907ns
    Clock Pessimism Removal (CPR):    0.364ns
  Clock Uncertainty:      0.069ns  ((TSJ^2 + DJ^2)^1/2) / 2 + PE
    Total System Jitter     (TSJ):    0.071ns
    Discrete Jitter          (DJ):    0.119ns
    Phase Error              (PE):    0.000ns

    Location             Delay type                Incr(ns)  Path(ns)    Netlist Resource(s)
  -------------------------------------------------------------------    -------------------
                         (clock clk_125_clk_bd_clk_wiz_0_0 rise edge)
                                                      0.000     0.000 r  
    U18                                               0.000     0.000 r  adc_clk_p_i (IN)
                         net (fo=0)                   0.000     0.000    design_1_i/clk_0/U0/clk_wiz_0/inst/clk_in1_p
    U18                  IBUFDS (Prop_ibufds_I_O)     0.983     0.983 r  design_1_i/clk_0/U0/clk_wiz_0/inst/clkin1_ibufgds/O
                         net (fo=1, routed)           2.076     3.059    design_1_i/clk_0/U0/clk_wiz_0/inst/clk_in1_clk_bd_clk_wiz_0_0_buf
    BUFGCTRL_X0Y4        BUFG (Prop_bufg_I_O)         0.102     3.161 r  design_1_i/clk_0/U0/clk_wiz_0/inst/clkin1_bufg1/O
                         net (fo=1, routed)           1.677     4.838    design_1_i/clk_0/U0/clk_wiz_0/inst/clk_in1_clk_bd_clk_wiz_0_0
    MMCME2_ADV_X0Y0      MMCME2_ADV (Prop_mmcme2_adv_CLKIN1_CLKOUT0)
                                                     -3.538     1.300 r  design_1_i/clk_0/U0/clk_wiz_0/inst/mmcm_adv_inst/CLKOUT0
                         net (fo=1, routed)           1.760     3.060    design_1_i/clk_0/U0/clk_wiz_0/inst/clk_125_clk_bd_clk_wiz_0_0
    BUFGCTRL_X0Y0        BUFG (Prop_bufg_I_O)         0.101     3.161 r  design_1_i/clk_0/U0/clk_wiz_0/inst/clkout1_buf/O
                         net (fo=2421, routed)        1.746     4.907    design_1_i/dac_calibrator_0/inst/clk
    DSP48_X1Y10          DSP48E1                                      r  design_1_i/dac_calibrator_0/inst/gain_product_reg_reg/CLK
  -------------------------------------------------------------------    -------------------
    DSP48_X1Y10          DSP48E1 (Prop_dsp48e1_CLK_P[22])
                                                      0.434     5.341 r  design_1_i/dac_calibrator_0/inst/gain_product_reg_reg/P[22]
                         net (fo=2, routed)           1.361     6.702    design_1_i/dac_calibrator_0/inst/gain_product_reg_reg_n_83
    SLICE_X33Y32         LUT2 (Prop_lut2_I0_O)        0.124     6.826 r  design_1_i/dac_calibrator_0/inst/calibrated_value_carry__1_i_3/O
                         net (fo=1, routed)           0.000     6.826    design_1_i/dac_calibrator_0/inst/calibrated_value_carry__1_i_3_n_0
    SLICE_X33Y32         CARRY4 (Prop_carry4_S[1]_CO[3])
                                                      0.550     7.376 r  design_1_i/dac_calibrator_0/inst/calibrated_value_carry__1/CO[3]
                         net (fo=1, routed)           0.000     7.376    design_1_i/dac_calibrator_0/inst/calibrated_value_carry__1_n_0
    SLICE_X33Y33         CARRY4 (Prop_carry4_CI_CO[3])
                                                      0.114     7.490 r  design_1_i/dac_calibrator_0/inst/calibrated_value_carry__2/CO[3]
                         net (fo=1, routed)           0.000     7.490    design_1_i/dac_calibrator_0/inst/calibrated_value_carry__2_n_0
    SLICE_X33Y34         CARRY4 (Prop_carry4_CI_CO[3])
                                                      0.114     7.604 r  design_1_i/dac_calibrator_0/inst/calibrated_value_carry__3/CO[3]
                         net (fo=30, routed)          1.363     8.967    design_1_i/dac_calibrator_0/inst/calibrated_value_carry__3_n_0
    SLICE_X32Y38         LUT2 (Prop_lut2_I0_O)        0.124     9.091 r  design_1_i/dac_calibrator_0/inst/i__carry_i_4/O
                         net (fo=1, routed)           0.000     9.091    design_1_i/dac_calibrator_0/inst/i__carry_i_4_n_0
    SLICE_X32Y38         CARRY4 (Prop_carry4_S[2]_CO[3])
                                                      0.380     9.471 r  design_1_i/dac_calibrator_0/inst/data_o_tdata1_inferred__0/i__carry/CO[3]
                         net (fo=1, routed)           0.000     9.471    design_1_i/dac_calibrator_0/inst/data_o_tdata1_inferred__0/i__carry_n_0
    SLICE_X32Y39         CARRY4 (Prop_carry4_CI_CO[3])
                                                      0.117     9.588 r  design_1_i/dac_calibrator_0/inst/data_o_tdata1_inferred__0/i__carry__0/CO[3]
                         net (fo=1, routed)           0.000     9.588    design_1_i/dac_calibrator_0/inst/data_o_tdata1_inferred__0/i__carry__0_n_0
    SLICE_X32Y40         CARRY4 (Prop_carry4_CI_CO[1])
                                                      0.157     9.745 r  design_1_i/dac_calibrator_0/inst/data_o_tdata1_inferred__0/i__carry__1/CO[1]
                         net (fo=14, routed)          0.959    10.704    design_1_i/dac_calibrator_0/inst/data_o_tdata10_in
    SLICE_X34Y38         LUT3 (Prop_lut3_I0_O)        0.332    11.036 r  design_1_i/dac_calibrator_0/inst/data_o_tdata[13]_i_1/O
                         net (fo=1, routed)           0.000    11.036    design_1_i/dac_calibrator_0/inst/data_o_tdata[13]_i_1_n_0
    SLICE_X34Y38         FDRE                                         r  design_1_i/dac_calibrator_0/inst/data_o_tdata_reg[13]/D
  -------------------------------------------------------------------    -------------------

                         (clock clk_125_clk_bd_clk_wiz_0_0 rise edge)
                                                      8.000     8.000 r  
    U18                                               0.000     8.000 r  adc_clk_p_i (IN)
                         net (fo=0)                   0.000     8.000    design_1_i/clk_0/U0/clk_wiz_0/inst/clk_in1_p
    U18                  IBUFDS (Prop_ibufds_I_O)     0.940     8.940 r  design_1_i/clk_0/U0/clk_wiz_0/inst/clkin1_ibufgds/O
                         net (fo=1, routed)           1.880    10.820    design_1_i/clk_0/U0/clk_wiz_0/inst/clk_in1_clk_bd_clk_wiz_0_0_buf
    BUFGCTRL_X0Y4        BUFG (Prop_bufg_I_O)         0.092    10.912 r  design_1_i/clk_0/U0/clk_wiz_0/inst/clkin1_bufg1/O
                         net (fo=1, routed)           1.487    12.399    design_1_i/clk_0/U0/clk_wiz_0/inst/clk_in1_clk_bd_clk_wiz_0_0
    MMCME2_ADV_X0Y0      MMCME2_ADV (Prop_mmcme2_adv_CLKIN1_CLKOUT0)
                                                     -3.177     9.222 r  design_1_i/clk_0/U0/clk_wiz_0/inst/mmcm_adv_inst/CLKOUT0
                         net (fo=1, routed)           1.599    10.821    design_1_i/clk_0/U0/clk_wiz_0/inst/clk_125_clk_bd_clk_wiz_0_0
    BUFGCTRL_X0Y0        BUFG (Prop_bufg_I_O)         0.091    10.912 r  design_1_i/clk_0/U0/clk_wiz_0/inst/clkout1_buf/O
                         net (fo=2421, routed)        1.497    12.409    design_1_i/dac_calibrator_0/inst/clk
    SLICE_X34Y38         FDRE                                         r  design_1_i/dac_calibrator_0/inst/data_o_tdata_reg[13]/C
                         clock pessimism              0.364    12.773    
                         clock uncertainty           -0.069    12.704    
    SLICE_X34Y38         FDRE (Setup_fdre_C_D)        0.077    12.781    design_1_i/dac_calibrator_0/inst/data_o_tdata_reg[13]
  -------------------------------------------------------------------
                         required time                         12.781    
                         arrival time                         -11.036    
  -------------------------------------------------------------------
                         slack                                  1.745    

Slack (MET) :             1.760ns  (required time - arrival time)
  Source:                 design_1_i/dac_calibrator_0/inst/gain_product_reg_reg/CLK
                            (rising edge-triggered cell DSP48E1 clocked by clk_125_clk_bd_clk_wiz_0_0  {rise@0.000ns fall@4.000ns period=8.000ns})
  Destination:            design_1_i/dac_calibrator_0/inst/data_o_tdata_reg[14]/D
                            (rising edge-triggered cell FDRE clocked by clk_125_clk_bd_clk_wiz_0_0  {rise@0.000ns fall@4.000ns period=8.000ns})
  Path Group:             clk_125_clk_bd_clk_wiz_0_0
  Path Type:              Setup (Max at Slow Process Corner)
  Requirement:            8.000ns  (clk_125_clk_bd_clk_wiz_0_0 rise@8.000ns - clk_125_clk_bd_clk_wiz_0_0 rise@0.000ns)
  Data Path Delay:        6.155ns  (logic 2.472ns (40.163%)  route 3.683ns (59.837%))
  Logic Levels:           9  (CARRY4=6 LUT2=2 LUT3=1)
  Clock Path Skew:        -0.134ns (DCD - SCD + CPR)
    Destination Clock Delay (DCD):    4.409ns = ( 12.409 - 8.000 ) 
    Source Clock Delay      (SCD):    4.907ns
    Clock Pessimism Removal (CPR):    0.364ns
  Clock Uncertainty:      0.069ns  ((TSJ^2 + DJ^2)^1/2) / 2 + PE
    Total System Jitter     (TSJ):    0.071ns
    Discrete Jitter          (DJ):    0.119ns
    Phase Error              (PE):    0.000ns

    Location             Delay type                Incr(ns)  Path(ns)    Netlist Resource(s)
  -------------------------------------------------------------------    -------------------
                         (clock clk_125_clk_bd_clk_wiz_0_0 rise edge)
                                                      0.000     0.000 r  
    U18                                               0.000     0.000 r  adc_clk_p_i (IN)
                         net (fo=0)                   0.000     0.000    design_1_i/clk_0/U0/clk_wiz_0/inst/clk_in1_p
    U18                  IBUFDS (Prop_ibufds_I_O)     0.983     0.983 r  design_1_i/clk_0/U0/clk_wiz_0/inst/clkin1_ibufgds/O
                         net (fo=1, routed)           2.076     3.059    design_1_i/clk_0/U0/clk_wiz_0/inst/clk_in1_clk_bd_clk_wiz_0_0_buf
    BUFGCTRL_X0Y4        BUFG (Prop_bufg_I_O)         0.102     3.161 r  design_1_i/clk_0/U0/clk_wiz_0/inst/clkin1_bufg1/O
                         net (fo=1, routed)           1.677     4.838    design_1_i/clk_0/U0/clk_wiz_0/inst/clk_in1_clk_bd_clk_wiz_0_0
    MMCME2_ADV_X0Y0      MMCME2_ADV (Prop_mmcme2_adv_CLKIN1_CLKOUT0)
                                                     -3.538     1.300 r  design_1_i/clk_0/U0/clk_wiz_0/inst/mmcm_adv_inst/CLKOUT0
                         net (fo=1, routed)           1.760     3.060    design_1_i/clk_0/U0/clk_wiz_0/inst/clk_125_clk_bd_clk_wiz_0_0
    BUFGCTRL_X0Y0        BUFG (Prop_bufg_I_O)         0.101     3.161 r  design_1_i/clk_0/U0/clk_wiz_0/inst/clkout1_buf/O
                         net (fo=2421, routed)        1.746     4.907    design_1_i/dac_calibrator_0/inst/clk
    DSP48_X1Y10          DSP48E1                                      r  design_1_i/dac_calibrator_0/inst/gain_product_reg_reg/CLK
  -------------------------------------------------------------------    -------------------
    DSP48_X1Y10          DSP48E1 (Prop_dsp48e1_CLK_P[22])
                                                      0.434     5.341 r  design_1_i/dac_calibrator_0/inst/gain_product_reg_reg/P[22]
                         net (fo=2, routed)           1.361     6.702    design_1_i/dac_calibrator_0/inst/gain_product_reg_reg_n_83
    SLICE_X33Y32         LUT2 (Prop_lut2_I0_O)        0.124     6.826 r  design_1_i/dac_calibrator_0/inst/calibrated_value_carry__1_i_3/O
                         net (fo=1, routed)           0.000     6.826    design_1_i/dac_calibrator_0/inst/calibrated_value_carry__1_i_3_n_0
    SLICE_X33Y32         CARRY4 (Prop_carry4_S[1]_CO[3])
                                                      0.550     7.376 r  design_1_i/dac_calibrator_0/inst/calibrated_value_carry__1/CO[3]
                         net (fo=1, routed)           0.000     7.376    design_1_i/dac_calibrator_0/inst/calibrated_value_carry__1_n_0
    SLICE_X33Y33         CARRY4 (Prop_carry4_CI_CO[3])
                                                      0.114     7.490 r  design_1_i/dac_calibrator_0/inst/calibrated_value_carry__2/CO[3]
                         net (fo=1, routed)           0.000     7.490    design_1_i/dac_calibrator_0/inst/calibrated_value_carry__2_n_0
    SLICE_X33Y34         CARRY4 (Prop_carry4_CI_CO[3])
                                                      0.114     7.604 r  design_1_i/dac_calibrator_0/inst/calibrated_value_carry__3/CO[3]
                         net (fo=30, routed)          1.363     8.967    design_1_i/dac_calibrator_0/inst/calibrated_value_carry__3_n_0
    SLICE_X32Y38         LUT2 (Prop_lut2_I0_O)        0.124     9.091 r  design_1_i/dac_calibrator_0/inst/i__carry_i_4/O
                         net (fo=1, routed)           0.000     9.091    design_1_i/dac_calibrator_0/inst/i__carry_i_4_n_0
    SLICE_X32Y38         CARRY4 (Prop_carry4_S[2]_CO[3])
                                                      0.380     9.471 r  design_1_i/dac_calibrator_0/inst/data_o_tdata1_inferred__0/i__carry/CO[3]
                         net (fo=1, routed)           0.000     9.471    design_1_i/dac_calibrator_0/inst/data_o_tdata1_inferred__0/i__carry_n_0
    SLICE_X32Y39         CARRY4 (Prop_carry4_CI_CO[3])
                                                      0.117     9.588 r  design_1_i/dac_calibrator_0/inst/data_o_tdata1_inferred__0/i__carry__0/CO[3]
                         net (fo=1, routed)           0.000     9.588    design_1_i/dac_calibrator_0/inst/data_o_tdata1_inferred__0/i__carry__0_n_0
    SLICE_X32Y40         CARRY4 (Prop_carry4_CI_CO[1])
                                                      0.157     9.745 r  design_1_i/dac_calibrator_0/inst/data_o_tdata1_inferred__0/i__carry__1/CO[1]
                         net (fo=14, routed)          0.959    10.704    design_1_i/dac_calibrator_0/inst/data_o_tdata10_in
    SLICE_X34Y38         LUT3 (Prop_lut3_I0_O)        0.358    11.062 r  design_1_i/dac_calibrator_0/inst/data_o_tdata[14]_i_1/O
                         net (fo=1, routed)           0.000    11.062    design_1_i/dac_calibrator_0/inst/data_o_tdata[14]_i_1_n_0
    SLICE_X34Y38         FDRE                                         r  design_1_i/dac_calibrator_0/inst/data_o_tdata_reg[14]/D
  -------------------------------------------------------------------    -------------------

                         (clock clk_125_clk_bd_clk_wiz_0_0 rise edge)
                                                      8.000     8.000 r  
    U18                                               0.000     8.000 r  adc_clk_p_i (IN)
                         net (fo=0)                   0.000     8.000    design_1_i/clk_0/U0/clk_wiz_0/inst/clk_in1_p
    U18                  IBUFDS (Prop_ibufds_I_O)     0.940     8.940 r  design_1_i/clk_0/U0/clk_wiz_0/inst/clkin1_ibufgds/O
                         net (fo=1, routed)           1.880    10.820    design_1_i/clk_0/U0/clk_wiz_0/inst/clk_in1_clk_bd_clk_wiz_0_0_buf
    BUFGCTRL_X0Y4        BUFG (Prop_bufg_I_O)         0.092    10.912 r  design_1_i/clk_0/U0/clk_wiz_0/inst/clkin1_bufg1/O
                         net (fo=1, routed)           1.487    12.399    design_1_i/clk_0/U0/clk_wiz_0/inst/clk_in1_clk_bd_clk_wiz_0_0
    MMCME2_ADV_X0Y0      MMCME2_ADV (Prop_mmcme2_adv_CLKIN1_CLKOUT0)
                                                     -3.177     9.222 r  design_1_i/clk_0/U0/clk_wiz_0/inst/mmcm_adv_inst/CLKOUT0
                         net (fo=1, routed)           1.599    10.821    design_1_i/clk_0/U0/clk_wiz_0/inst/clk_125_clk_bd_clk_wiz_0_0
    BUFGCTRL_X0Y0        BUFG (Prop_bufg_I_O)         0.091    10.912 r  design_1_i/clk_0/U0/clk_wiz_0/inst/clkout1_buf/O
                         net (fo=2421, routed)        1.497    12.409    design_1_i/dac_calibrator_0/inst/clk
    SLICE_X34Y38         FDRE                                         r  design_1_i/dac_calibrator_0/inst/data_o_tdata_reg[14]/C
                         clock pessimism              0.364    12.773    
                         clock uncertainty           -0.069    12.704    
    SLICE_X34Y38         FDRE (Setup_fdre_C_D)        0.118    12.822    design_1_i/dac_calibrator_0/inst/data_o_tdata_reg[14]
  -------------------------------------------------------------------
                         required time                         12.822    
                         arrival time                         -11.062    
  -------------------------------------------------------------------
                         slack                                  1.760    

Slack (MET) :             1.783ns  (required time - arrival time)
  Source:                 design_1_i/proc_sys_reset_0/U0/ACTIVE_LOW_PR_OUT_DFF[0].FDRE_PER_N/C
                            (rising edge-triggered cell FDRE clocked by clk_125_clk_bd_clk_wiz_0_0  {rise@0.000ns fall@4.000ns period=8.000ns})
  Destination:            design_1_i/adc_0/U0/ADC_0/U0/data_2_reg[6]/R
                            (rising edge-triggered cell FDRE clocked by clk_125_clk_bd_clk_wiz_0_0  {rise@0.000ns fall@4.000ns period=8.000ns})
  Path Group:             clk_125_clk_bd_clk_wiz_0_0
  Path Type:              Setup (Max at Slow Process Corner)
  Requirement:            8.000ns  (clk_125_clk_bd_clk_wiz_0_0 rise@8.000ns - clk_125_clk_bd_clk_wiz_0_0 rise@0.000ns)
  Data Path Delay:        4.842ns  (logic 0.606ns (12.515%)  route 4.236ns (87.485%))
  Logic Levels:           1  (LUT1=1)
  Clock Path Skew:        0.017ns (DCD - SCD + CPR)
    Destination Clock Delay (DCD):    4.469ns = ( 12.469 - 8.000 ) 
    Source Clock Delay      (SCD):    4.815ns
    Clock Pessimism Removal (CPR):    0.364ns
  Clock Uncertainty:      0.069ns  ((TSJ^2 + DJ^2)^1/2) / 2 + PE
    Total System Jitter     (TSJ):    0.071ns
    Discrete Jitter          (DJ):    0.119ns
    Phase Error              (PE):    0.000ns

    Location             Delay type                Incr(ns)  Path(ns)    Netlist Resource(s)
  -------------------------------------------------------------------    -------------------
                         (clock clk_125_clk_bd_clk_wiz_0_0 rise edge)
                                                      0.000     0.000 r  
    U18                                               0.000     0.000 r  adc_clk_p_i (IN)
                         net (fo=0)                   0.000     0.000    design_1_i/clk_0/U0/clk_wiz_0/inst/clk_in1_p
    U18                  IBUFDS (Prop_ibufds_I_O)     0.983     0.983 r  design_1_i/clk_0/U0/clk_wiz_0/inst/clkin1_ibufgds/O
                         net (fo=1, routed)           2.076     3.059    design_1_i/clk_0/U0/clk_wiz_0/inst/clk_in1_clk_bd_clk_wiz_0_0_buf
    BUFGCTRL_X0Y4        BUFG (Prop_bufg_I_O)         0.102     3.161 r  design_1_i/clk_0/U0/clk_wiz_0/inst/clkin1_bufg1/O
                         net (fo=1, routed)           1.677     4.838    design_1_i/clk_0/U0/clk_wiz_0/inst/clk_in1_clk_bd_clk_wiz_0_0
    MMCME2_ADV_X0Y0      MMCME2_ADV (Prop_mmcme2_adv_CLKIN1_CLKOUT0)
                                                     -3.538     1.300 r  design_1_i/clk_0/U0/clk_wiz_0/inst/mmcm_adv_inst/CLKOUT0
                         net (fo=1, routed)           1.760     3.060    design_1_i/clk_0/U0/clk_wiz_0/inst/clk_125_clk_bd_clk_wiz_0_0
    BUFGCTRL_X0Y0        BUFG (Prop_bufg_I_O)         0.101     3.161 r  design_1_i/clk_0/U0/clk_wiz_0/inst/clkout1_buf/O
                         net (fo=2421, routed)        1.654     4.815    design_1_i/proc_sys_reset_0/U0/slowest_sync_clk
    SLICE_X33Y25         FDRE                                         r  design_1_i/proc_sys_reset_0/U0/ACTIVE_LOW_PR_OUT_DFF[0].FDRE_PER_N/C
  -------------------------------------------------------------------    -------------------
    SLICE_X33Y25         FDRE (Prop_fdre_C_Q)         0.456     5.271 f  design_1_i/proc_sys_reset_0/U0/ACTIVE_LOW_PR_OUT_DFF[0].FDRE_PER_N/Q
                         net (fo=42, routed)          1.078     6.349    design_1_i/adc_0/U0/ADC_0/U0/resetn
    SLICE_X33Y35         LUT1 (Prop_lut1_I0_O)        0.150     6.499 r  design_1_i/adc_0/U0/ADC_0/U0/data_1[13]_i_1/O
                         net (fo=28, routed)          3.158     9.657    design_1_i/adc_0/U0/ADC_0/U0/p_0_in
    ILOGIC_X0Y0          FDRE                                         r  design_1_i/adc_0/U0/ADC_0/U0/data_2_reg[6]/R
  -------------------------------------------------------------------    -------------------

                         (clock clk_125_clk_bd_clk_wiz_0_0 rise edge)
                                                      8.000     8.000 r  
    U18                                               0.000     8.000 r  adc_clk_p_i (IN)
                         net (fo=0)                   0.000     8.000    design_1_i/clk_0/U0/clk_wiz_0/inst/clk_in1_p
    U18                  IBUFDS (Prop_ibufds_I_O)     0.940     8.940 r  design_1_i/clk_0/U0/clk_wiz_0/inst/clkin1_ibufgds/O
                         net (fo=1, routed)           1.880    10.820    design_1_i/clk_0/U0/clk_wiz_0/inst/clk_in1_clk_bd_clk_wiz_0_0_buf
    BUFGCTRL_X0Y4        BUFG (Prop_bufg_I_O)         0.092    10.912 r  design_1_i/clk_0/U0/clk_wiz_0/inst/clkin1_bufg1/O
                         net (fo=1, routed)           1.487    12.399    design_1_i/clk_0/U0/clk_wiz_0/inst/clk_in1_clk_bd_clk_wiz_0_0
    MMCME2_ADV_X0Y0      MMCME2_ADV (Prop_mmcme2_adv_CLKIN1_CLKOUT0)
                                                     -3.177     9.222 r  design_1_i/clk_0/U0/clk_wiz_0/inst/mmcm_adv_inst/CLKOUT0
                         net (fo=1, routed)           1.599    10.821    design_1_i/clk_0/U0/clk_wiz_0/inst/clk_125_clk_bd_clk_wiz_0_0
    BUFGCTRL_X0Y0        BUFG (Prop_bufg_I_O)         0.091    10.912 r  design_1_i/clk_0/U0/clk_wiz_0/inst/clkout1_buf/O
                         net (fo=2421, routed)        1.557    12.469    design_1_i/adc_0/U0/ADC_0/U0/clk_125
    ILOGIC_X0Y0          FDRE                                         r  design_1_i/adc_0/U0/ADC_0/U0/data_2_reg[6]/C
                         clock pessimism              0.364    12.833    
                         clock uncertainty           -0.069    12.763    
    ILOGIC_X0Y0          FDRE (Setup_fdre_C_R)       -1.323    11.440    design_1_i/adc_0/U0/ADC_0/U0/data_2_reg[6]
  -------------------------------------------------------------------
                         required time                         11.440    
                         arrival time                          -9.657    
  -------------------------------------------------------------------
                         slack                                  1.783    





Min Delay Paths
--------------------------------------------------------------------------------------
Slack (MET) :             0.048ns  (arrival time - required time)
  Source:                 design_1_i/axi_gpio_7/U0/ip2bus_data_i_D1_reg[19]/C
                            (rising edge-triggered cell FDRE clocked by clk_125_clk_bd_clk_wiz_0_0  {rise@0.000ns fall@4.000ns period=8.000ns})
  Destination:            design_1_i/axi_gpio_7/U0/AXI_LITE_IPIF_I/I_SLAVE_ATTACHMENT/s_axi_rdata_i_reg[12]/D
                            (rising edge-triggered cell FDRE clocked by clk_125_clk_bd_clk_wiz_0_0  {rise@0.000ns fall@4.000ns period=8.000ns})
  Path Group:             clk_125_clk_bd_clk_wiz_0_0
  Path Type:              Hold (Min at Fast Process Corner)
  Requirement:            0.000ns  (clk_125_clk_bd_clk_wiz_0_0 rise@0.000ns - clk_125_clk_bd_clk_wiz_0_0 rise@0.000ns)
  Data Path Delay:        0.366ns  (logic 0.141ns (38.498%)  route 0.225ns (61.502%))
  Logic Levels:           0  
  Clock Path Skew:        0.259ns (DCD - SCD - CPR)
    Destination Clock Delay (DCD):    1.960ns
    Source Clock Delay      (SCD):    1.605ns
    Clock Pessimism Removal (CPR):    0.095ns

    Location             Delay type                Incr(ns)  Path(ns)    Netlist Resource(s)
  -------------------------------------------------------------------    -------------------
                         (clock clk_125_clk_bd_clk_wiz_0_0 rise edge)
                                                      0.000     0.000 r  
    U18                                               0.000     0.000 r  adc_clk_p_i (IN)
                         net (fo=0)                   0.000     0.000    design_1_i/clk_0/U0/clk_wiz_0/inst/clk_in1_p
    U18                  IBUFDS (Prop_ibufds_I_O)     0.401     0.401 r  design_1_i/clk_0/U0/clk_wiz_0/inst/clkin1_ibufgds/O
                         net (fo=1, routed)           0.627     1.029    design_1_i/clk_0/U0/clk_wiz_0/inst/clk_in1_clk_bd_clk_wiz_0_0_buf
    BUFGCTRL_X0Y4        BUFG (Prop_bufg_I_O)         0.027     1.056 r  design_1_i/clk_0/U0/clk_wiz_0/inst/clkin1_bufg1/O
                         net (fo=1, routed)           0.546     1.601    design_1_i/clk_0/U0/clk_wiz_0/inst/clk_in1_clk_bd_clk_wiz_0_0
    MMCME2_ADV_X0Y0      MMCME2_ADV (Prop_mmcme2_adv_CLKIN1_CLKOUT0)
                                                     -1.053     0.548 r  design_1_i/clk_0/U0/clk_wiz_0/inst/mmcm_adv_inst/CLKOUT0
                         net (fo=1, routed)           0.482     1.030    design_1_i/clk_0/U0/clk_wiz_0/inst/clk_125_clk_bd_clk_wiz_0_0
    BUFGCTRL_X0Y0        BUFG (Prop_bufg_I_O)         0.026     1.056 r  design_1_i/clk_0/U0/clk_wiz_0/inst/clkout1_buf/O
                         net (fo=2421, routed)        0.550     1.605    design_1_i/axi_gpio_7/U0/s_axi_aclk
    SLICE_X25Y22         FDRE                                         r  design_1_i/axi_gpio_7/U0/ip2bus_data_i_D1_reg[19]/C
  -------------------------------------------------------------------    -------------------
    SLICE_X25Y22         FDRE (Prop_fdre_C_Q)         0.141     1.746 r  design_1_i/axi_gpio_7/U0/ip2bus_data_i_D1_reg[19]/Q
                         net (fo=1, routed)           0.225     1.971    design_1_i/axi_gpio_7/U0/AXI_LITE_IPIF_I/I_SLAVE_ATTACHMENT/Q[12]
    SLICE_X20Y24         FDRE                                         r  design_1_i/axi_gpio_7/U0/AXI_LITE_IPIF_I/I_SLAVE_ATTACHMENT/s_axi_rdata_i_reg[12]/D
  -------------------------------------------------------------------    -------------------

                         (clock clk_125_clk_bd_clk_wiz_0_0 rise edge)
                                                      0.000     0.000 r  
    U18                                               0.000     0.000 r  adc_clk_p_i (IN)
                         net (fo=0)                   0.000     0.000    design_1_i/clk_0/U0/clk_wiz_0/inst/clk_in1_p
    U18                  IBUFDS (Prop_ibufds_I_O)     0.433     0.433 r  design_1_i/clk_0/U0/clk_wiz_0/inst/clkin1_ibufgds/O
                         net (fo=1, routed)           0.683     1.116    design_1_i/clk_0/U0/clk_wiz_0/inst/clk_in1_clk_bd_clk_wiz_0_0_buf
    BUFGCTRL_X0Y4        BUFG (Prop_bufg_I_O)         0.030     1.146 r  design_1_i/clk_0/U0/clk_wiz_0/inst/clkin1_bufg1/O
                         net (fo=1, routed)           0.812     1.958    design_1_i/clk_0/U0/clk_wiz_0/inst/clk_in1_clk_bd_clk_wiz_0_0
    MMCME2_ADV_X0Y0      MMCME2_ADV (Prop_mmcme2_adv_CLKIN1_CLKOUT0)
                                                     -1.369     0.589 r  design_1_i/clk_0/U0/clk_wiz_0/inst/mmcm_adv_inst/CLKOUT0
                         net (fo=1, routed)           0.528     1.117    design_1_i/clk_0/U0/clk_wiz_0/inst/clk_125_clk_bd_clk_wiz_0_0
    BUFGCTRL_X0Y0        BUFG (Prop_bufg_I_O)         0.029     1.146 r  design_1_i/clk_0/U0/clk_wiz_0/inst/clkout1_buf/O
                         net (fo=2421, routed)        0.814     1.960    design_1_i/axi_gpio_7/U0/AXI_LITE_IPIF_I/I_SLAVE_ATTACHMENT/s_axi_aclk
    SLICE_X20Y24         FDRE                                         r  design_1_i/axi_gpio_7/U0/AXI_LITE_IPIF_I/I_SLAVE_ATTACHMENT/s_axi_rdata_i_reg[12]/C
                         clock pessimism             -0.095     1.865    
    SLICE_X20Y24         FDRE (Hold_fdre_C_D)         0.059     1.924    design_1_i/axi_gpio_7/U0/AXI_LITE_IPIF_I/I_SLAVE_ATTACHMENT/s_axi_rdata_i_reg[12]
  -------------------------------------------------------------------
                         required time                         -1.924    
                         arrival time                           1.971    
  -------------------------------------------------------------------
                         slack                                  0.048    

Slack (MET) :             0.049ns  (arrival time - required time)
  Source:                 design_1_i/axi_gpio_1/U0/AXI_LITE_IPIF_I/I_SLAVE_ATTACHMENT/s_axi_rdata_i_reg[4]/C
                            (rising edge-triggered cell FDRE clocked by clk_125_clk_bd_clk_wiz_0_0  {rise@0.000ns fall@4.000ns period=8.000ns})
  Destination:            design_1_i/axi_smc/inst/switchboards/i_nodes/i_r_node/inst/inst_mi_handler/gen_normal_area.inst_fifo_node_payld/gen_reg_fifo.inst_reg_fifo/gen_single_rank.data_reg[25]/D
                            (rising edge-triggered cell FDRE clocked by clk_125_clk_bd_clk_wiz_0_0  {rise@0.000ns fall@4.000ns period=8.000ns})
  Path Group:             clk_125_clk_bd_clk_wiz_0_0
  Path Type:              Hold (Min at Fast Process Corner)
  Requirement:            0.000ns  (clk_125_clk_bd_clk_wiz_0_0 rise@0.000ns - clk_125_clk_bd_clk_wiz_0_0 rise@0.000ns)
  Data Path Delay:        0.440ns  (logic 0.259ns (58.822%)  route 0.181ns (41.178%))
  Logic Levels:           2  (LUT6=1 MUXF7=1)
  Clock Path Skew:        0.257ns (DCD - SCD - CPR)
    Destination Clock Delay (DCD):    1.964ns
    Source Clock Delay      (SCD):    1.611ns
    Clock Pessimism Removal (CPR):    0.095ns

    Location             Delay type                Incr(ns)  Path(ns)    Netlist Resource(s)
  -------------------------------------------------------------------    -------------------
                         (clock clk_125_clk_bd_clk_wiz_0_0 rise edge)
                                                      0.000     0.000 r  
    U18                                               0.000     0.000 r  adc_clk_p_i (IN)
                         net (fo=0)                   0.000     0.000    design_1_i/clk_0/U0/clk_wiz_0/inst/clk_in1_p
    U18                  IBUFDS (Prop_ibufds_I_O)     0.401     0.401 r  design_1_i/clk_0/U0/clk_wiz_0/inst/clkin1_ibufgds/O
                         net (fo=1, routed)           0.627     1.029    design_1_i/clk_0/U0/clk_wiz_0/inst/clk_in1_clk_bd_clk_wiz_0_0_buf
    BUFGCTRL_X0Y4        BUFG (Prop_bufg_I_O)         0.027     1.056 r  design_1_i/clk_0/U0/clk_wiz_0/inst/clkin1_bufg1/O
                         net (fo=1, routed)           0.546     1.601    design_1_i/clk_0/U0/clk_wiz_0/inst/clk_in1_clk_bd_clk_wiz_0_0
    MMCME2_ADV_X0Y0      MMCME2_ADV (Prop_mmcme2_adv_CLKIN1_CLKOUT0)
                                                     -1.053     0.548 r  design_1_i/clk_0/U0/clk_wiz_0/inst/mmcm_adv_inst/CLKOUT0
                         net (fo=1, routed)           0.482     1.030    design_1_i/clk_0/U0/clk_wiz_0/inst/clk_125_clk_bd_clk_wiz_0_0
    BUFGCTRL_X0Y0        BUFG (Prop_bufg_I_O)         0.026     1.056 r  design_1_i/clk_0/U0/clk_wiz_0/inst/clkout1_buf/O
                         net (fo=2421, routed)        0.556     1.611    design_1_i/axi_gpio_1/U0/AXI_LITE_IPIF_I/I_SLAVE_ATTACHMENT/s_axi_aclk
    SLICE_X19Y18         FDRE                                         r  design_1_i/axi_gpio_1/U0/AXI_LITE_IPIF_I/I_SLAVE_ATTACHMENT/s_axi_rdata_i_reg[4]/C
  -------------------------------------------------------------------    -------------------
    SLICE_X19Y18         FDRE (Prop_fdre_C_Q)         0.141     1.752 r  design_1_i/axi_gpio_1/U0/AXI_LITE_IPIF_I/I_SLAVE_ATTACHMENT/s_axi_rdata_i_reg[4]/Q
                         net (fo=1, routed)           0.181     1.933    design_1_i/axi_smc/inst/switchboards/r_la_out_swbd/inst/s_sc_payld[80]
    SLICE_X24Y19         LUT6 (Prop_lut6_I3_O)        0.045     1.978 r  design_1_i/axi_smc/inst/switchboards/r_la_out_swbd/inst/m_sc_payld[25]_INST_0_i_1/O
                         net (fo=1, routed)           0.000     1.978    design_1_i/axi_smc/inst/switchboards/r_la_out_swbd/inst/m_sc_payld[25]_INST_0_i_1_n_0
    SLICE_X24Y19         MUXF7 (Prop_muxf7_I0_O)      0.073     2.051 r  design_1_i/axi_smc/inst/switchboards/r_la_out_swbd/inst/m_sc_payld[25]_INST_0/O
                         net (fo=1, routed)           0.000     2.051    design_1_i/axi_smc/inst/switchboards/i_nodes/i_r_node/inst/inst_mi_handler/gen_normal_area.inst_fifo_node_payld/gen_reg_fifo.inst_reg_fifo/s_sc_payld[6]
    SLICE_X24Y19         FDRE                                         r  design_1_i/axi_smc/inst/switchboards/i_nodes/i_r_node/inst/inst_mi_handler/gen_normal_area.inst_fifo_node_payld/gen_reg_fifo.inst_reg_fifo/gen_single_rank.data_reg[25]/D
  -------------------------------------------------------------------    -------------------

                         (clock clk_125_clk_bd_clk_wiz_0_0 rise edge)
                                                      0.000     0.000 r  
    U18                                               0.000     0.000 r  adc_clk_p_i (IN)
                         net (fo=0)                   0.000     0.000    design_1_i/clk_0/U0/clk_wiz_0/inst/clk_in1_p
    U18                  IBUFDS (Prop_ibufds_I_O)     0.433     0.433 r  design_1_i/clk_0/U0/clk_wiz_0/inst/clkin1_ibufgds/O
                         net (fo=1, routed)           0.683     1.116    design_1_i/clk_0/U0/clk_wiz_0/inst/clk_in1_clk_bd_clk_wiz_0_0_buf
    BUFGCTRL_X0Y4        BUFG (Prop_bufg_I_O)         0.030     1.146 r  design_1_i/clk_0/U0/clk_wiz_0/inst/clkin1_bufg1/O
                         net (fo=1, routed)           0.812     1.958    design_1_i/clk_0/U0/clk_wiz_0/inst/clk_in1_clk_bd_clk_wiz_0_0
    MMCME2_ADV_X0Y0      MMCME2_ADV (Prop_mmcme2_adv_CLKIN1_CLKOUT0)
                                                     -1.369     0.589 r  design_1_i/clk_0/U0/clk_wiz_0/inst/mmcm_adv_inst/CLKOUT0
                         net (fo=1, routed)           0.528     1.117    design_1_i/clk_0/U0/clk_wiz_0/inst/clk_125_clk_bd_clk_wiz_0_0
    BUFGCTRL_X0Y0        BUFG (Prop_bufg_I_O)         0.029     1.146 r  design_1_i/clk_0/U0/clk_wiz_0/inst/clkout1_buf/O
                         net (fo=2421, routed)        0.818     1.964    design_1_i/axi_smc/inst/switchboards/i_nodes/i_r_node/inst/inst_mi_handler/gen_normal_area.inst_fifo_node_payld/gen_reg_fifo.inst_reg_fifo/s_sc_aclk
    SLICE_X24Y19         FDRE                                         r  design_1_i/axi_smc/inst/switchboards/i_nodes/i_r_node/inst/inst_mi_handler/gen_normal_area.inst_fifo_node_payld/gen_reg_fifo.inst_reg_fifo/gen_single_rank.data_reg[25]/C
                         clock pessimism             -0.095     1.869    
    SLICE_X24Y19         FDRE (Hold_fdre_C_D)         0.134     2.003    design_1_i/axi_smc/inst/switchboards/i_nodes/i_r_node/inst/inst_mi_handler/gen_normal_area.inst_fifo_node_payld/gen_reg_fifo.inst_reg_fifo/gen_single_rank.data_reg[25]
  -------------------------------------------------------------------
                         required time                         -2.003    
                         arrival time                           2.051    
  -------------------------------------------------------------------
                         slack                                  0.049    

Slack (MET) :             0.063ns  (arrival time - required time)
  Source:                 design_1_i/axi_gpio_3/U0/gpio_core_1/Dual.gpio_Data_Out_reg[9]/C
                            (rising edge-triggered cell FDRE clocked by clk_125_clk_bd_clk_wiz_0_0  {rise@0.000ns fall@4.000ns period=8.000ns})
  Destination:            design_1_i/axi_gpio_3/U0/gpio_core_1/Dual.ALLOUT0_ND_G1.READ_REG_GEN[9].reg1_reg[25]/D
                            (rising edge-triggered cell FDRE clocked by clk_125_clk_bd_clk_wiz_0_0  {rise@0.000ns fall@4.000ns period=8.000ns})
  Path Group:             clk_125_clk_bd_clk_wiz_0_0
  Path Type:              Hold (Min at Fast Process Corner)
  Requirement:            0.000ns  (clk_125_clk_bd_clk_wiz_0_0 rise@0.000ns - clk_125_clk_bd_clk_wiz_0_0 rise@0.000ns)
  Data Path Delay:        0.346ns  (logic 0.148ns (42.774%)  route 0.198ns (57.226%))
  Logic Levels:           0  
  Clock Path Skew:        0.261ns (DCD - SCD - CPR)
    Destination Clock Delay (DCD):    1.967ns
    Source Clock Delay      (SCD):    1.610ns
    Clock Pessimism Removal (CPR):    0.095ns

    Location             Delay type                Incr(ns)  Path(ns)    Netlist Resource(s)
  -------------------------------------------------------------------    -------------------
                         (clock clk_125_clk_bd_clk_wiz_0_0 rise edge)
                                                      0.000     0.000 r  
    U18                                               0.000     0.000 r  adc_clk_p_i (IN)
                         net (fo=0)                   0.000     0.000    design_1_i/clk_0/U0/clk_wiz_0/inst/clk_in1_p
    U18                  IBUFDS (Prop_ibufds_I_O)     0.401     0.401 r  design_1_i/clk_0/U0/clk_wiz_0/inst/clkin1_ibufgds/O
                         net (fo=1, routed)           0.627     1.029    design_1_i/clk_0/U0/clk_wiz_0/inst/clk_in1_clk_bd_clk_wiz_0_0_buf
    BUFGCTRL_X0Y4        BUFG (Prop_bufg_I_O)         0.027     1.056 r  design_1_i/clk_0/U0/clk_wiz_0/inst/clkin1_bufg1/O
                         net (fo=1, routed)           0.546     1.601    design_1_i/clk_0/U0/clk_wiz_0/inst/clk_in1_clk_bd_clk_wiz_0_0
    MMCME2_ADV_X0Y0      MMCME2_ADV (Prop_mmcme2_adv_CLKIN1_CLKOUT0)
                                                     -1.053     0.548 r  design_1_i/clk_0/U0/clk_wiz_0/inst/mmcm_adv_inst/CLKOUT0
                         net (fo=1, routed)           0.482     1.030    design_1_i/clk_0/U0/clk_wiz_0/inst/clk_125_clk_bd_clk_wiz_0_0
    BUFGCTRL_X0Y0        BUFG (Prop_bufg_I_O)         0.026     1.056 r  design_1_i/clk_0/U0/clk_wiz_0/inst/clkout1_buf/O
                         net (fo=2421, routed)        0.555     1.610    design_1_i/axi_gpio_3/U0/gpio_core_1/s_axi_aclk
    SLICE_X20Y16         FDRE                                         r  design_1_i/axi_gpio_3/U0/gpio_core_1/Dual.gpio_Data_Out_reg[9]/C
  -------------------------------------------------------------------    -------------------
    SLICE_X20Y16         FDRE (Prop_fdre_C_Q)         0.148     1.758 r  design_1_i/axi_gpio_3/U0/gpio_core_1/Dual.gpio_Data_Out_reg[9]/Q
                         net (fo=3, routed)           0.198     1.956    design_1_i/axi_gpio_3/U0/gpio_core_1/gpio_io_o[6]
    SLICE_X23Y16         FDRE                                         r  design_1_i/axi_gpio_3/U0/gpio_core_1/Dual.ALLOUT0_ND_G1.READ_REG_GEN[9].reg1_reg[25]/D
  -------------------------------------------------------------------    -------------------

                         (clock clk_125_clk_bd_clk_wiz_0_0 rise edge)
                                                      0.000     0.000 r  
    U18                                               0.000     0.000 r  adc_clk_p_i (IN)
                         net (fo=0)                   0.000     0.000    design_1_i/clk_0/U0/clk_wiz_0/inst/clk_in1_p
    U18                  IBUFDS (Prop_ibufds_I_O)     0.433     0.433 r  design_1_i/clk_0/U0/clk_wiz_0/inst/clkin1_ibufgds/O
                         net (fo=1, routed)           0.683     1.116    design_1_i/clk_0/U0/clk_wiz_0/inst/clk_in1_clk_bd_clk_wiz_0_0_buf
    BUFGCTRL_X0Y4        BUFG (Prop_bufg_I_O)         0.030     1.146 r  design_1_i/clk_0/U0/clk_wiz_0/inst/clkin1_bufg1/O
                         net (fo=1, routed)           0.812     1.958    design_1_i/clk_0/U0/clk_wiz_0/inst/clk_in1_clk_bd_clk_wiz_0_0
    MMCME2_ADV_X0Y0      MMCME2_ADV (Prop_mmcme2_adv_CLKIN1_CLKOUT0)
                                                     -1.369     0.589 r  design_1_i/clk_0/U0/clk_wiz_0/inst/mmcm_adv_inst/CLKOUT0
                         net (fo=1, routed)           0.528     1.117    design_1_i/clk_0/U0/clk_wiz_0/inst/clk_125_clk_bd_clk_wiz_0_0
    BUFGCTRL_X0Y0        BUFG (Prop_bufg_I_O)         0.029     1.146 r  design_1_i/clk_0/U0/clk_wiz_0/inst/clkout1_buf/O
                         net (fo=2421, routed)        0.821     1.967    design_1_i/axi_gpio_3/U0/gpio_core_1/s_axi_aclk
    SLICE_X23Y16         FDRE                                         r  design_1_i/axi_gpio_3/U0/gpio_core_1/Dual.ALLOUT0_ND_G1.READ_REG_GEN[9].reg1_reg[25]/C
                         clock pessimism             -0.095     1.872    
    SLICE_X23Y16         FDRE (Hold_fdre_C_D)         0.022     1.894    design_1_i/axi_gpio_3/U0/gpio_core_1/Dual.ALLOUT0_ND_G1.READ_REG_GEN[9].reg1_reg[25]
  -------------------------------------------------------------------
                         required time                         -1.894    
                         arrival time                           1.956    
  -------------------------------------------------------------------
                         slack                                  0.063    

Slack (MET) :             0.082ns  (arrival time - required time)
  Source:                 design_1_i/axi_gpio_1/U0/AXI_LITE_IPIF_I/I_SLAVE_ATTACHMENT/s_axi_rdata_i_reg[2]/C
                            (rising edge-triggered cell FDRE clocked by clk_125_clk_bd_clk_wiz_0_0  {rise@0.000ns fall@4.000ns period=8.000ns})
  Destination:            design_1_i/axi_smc/inst/switchboards/i_nodes/i_r_node/inst/inst_mi_handler/gen_normal_area.inst_fifo_node_payld/gen_reg_fifo.inst_reg_fifo/gen_single_rank.data_reg[23]/D
                            (rising edge-triggered cell FDRE clocked by clk_125_clk_bd_clk_wiz_0_0  {rise@0.000ns fall@4.000ns period=8.000ns})
  Path Group:             clk_125_clk_bd_clk_wiz_0_0
  Path Type:              Hold (Min at Fast Process Corner)
  Requirement:            0.000ns  (clk_125_clk_bd_clk_wiz_0_0 rise@0.000ns - clk_125_clk_bd_clk_wiz_0_0 rise@0.000ns)
  Data Path Delay:        0.473ns  (logic 0.248ns (52.382%)  route 0.225ns (47.618%))
  Logic Levels:           2  (LUT6=1 MUXF7=1)
  Clock Path Skew:        0.257ns (DCD - SCD - CPR)
    Destination Clock Delay (DCD):    1.964ns
    Source Clock Delay      (SCD):    1.611ns
    Clock Pessimism Removal (CPR):    0.095ns

    Location             Delay type                Incr(ns)  Path(ns)    Netlist Resource(s)
  -------------------------------------------------------------------    -------------------
                         (clock clk_125_clk_bd_clk_wiz_0_0 rise edge)
                                                      0.000     0.000 r  
    U18                                               0.000     0.000 r  adc_clk_p_i (IN)
                         net (fo=0)                   0.000     0.000    design_1_i/clk_0/U0/clk_wiz_0/inst/clk_in1_p
    U18                  IBUFDS (Prop_ibufds_I_O)     0.401     0.401 r  design_1_i/clk_0/U0/clk_wiz_0/inst/clkin1_ibufgds/O
                         net (fo=1, routed)           0.627     1.029    design_1_i/clk_0/U0/clk_wiz_0/inst/clk_in1_clk_bd_clk_wiz_0_0_buf
    BUFGCTRL_X0Y4        BUFG (Prop_bufg_I_O)         0.027     1.056 r  design_1_i/clk_0/U0/clk_wiz_0/inst/clkin1_bufg1/O
                         net (fo=1, routed)           0.546     1.601    design_1_i/clk_0/U0/clk_wiz_0/inst/clk_in1_clk_bd_clk_wiz_0_0
    MMCME2_ADV_X0Y0      MMCME2_ADV (Prop_mmcme2_adv_CLKIN1_CLKOUT0)
                                                     -1.053     0.548 r  design_1_i/clk_0/U0/clk_wiz_0/inst/mmcm_adv_inst/CLKOUT0
                         net (fo=1, routed)           0.482     1.030    design_1_i/clk_0/U0/clk_wiz_0/inst/clk_125_clk_bd_clk_wiz_0_0
    BUFGCTRL_X0Y0        BUFG (Prop_bufg_I_O)         0.026     1.056 r  design_1_i/clk_0/U0/clk_wiz_0/inst/clkout1_buf/O
                         net (fo=2421, routed)        0.556     1.611    design_1_i/axi_gpio_1/U0/AXI_LITE_IPIF_I/I_SLAVE_ATTACHMENT/s_axi_aclk
    SLICE_X18Y18         FDRE                                         r  design_1_i/axi_gpio_1/U0/AXI_LITE_IPIF_I/I_SLAVE_ATTACHMENT/s_axi_rdata_i_reg[2]/C
  -------------------------------------------------------------------    -------------------
    SLICE_X18Y18         FDRE (Prop_fdre_C_Q)         0.141     1.752 r  design_1_i/axi_gpio_1/U0/AXI_LITE_IPIF_I/I_SLAVE_ATTACHMENT/s_axi_rdata_i_reg[2]/Q
                         net (fo=1, routed)           0.225     1.978    design_1_i/axi_smc/inst/switchboards/r_la_out_swbd/inst/s_sc_payld[78]
    SLICE_X24Y19         LUT6 (Prop_lut6_I3_O)        0.045     2.023 r  design_1_i/axi_smc/inst/switchboards/r_la_out_swbd/inst/m_sc_payld[23]_INST_0_i_1/O
                         net (fo=1, routed)           0.000     2.023    design_1_i/axi_smc/inst/switchboards/r_la_out_swbd/inst/m_sc_payld[23]_INST_0_i_1_n_0
    SLICE_X24Y19         MUXF7 (Prop_muxf7_I0_O)      0.062     2.085 r  design_1_i/axi_smc/inst/switchboards/r_la_out_swbd/inst/m_sc_payld[23]_INST_0/O
                         net (fo=1, routed)           0.000     2.085    design_1_i/axi_smc/inst/switchboards/i_nodes/i_r_node/inst/inst_mi_handler/gen_normal_area.inst_fifo_node_payld/gen_reg_fifo.inst_reg_fifo/s_sc_payld[4]
    SLICE_X24Y19         FDRE                                         r  design_1_i/axi_smc/inst/switchboards/i_nodes/i_r_node/inst/inst_mi_handler/gen_normal_area.inst_fifo_node_payld/gen_reg_fifo.inst_reg_fifo/gen_single_rank.data_reg[23]/D
  -------------------------------------------------------------------    -------------------

                         (clock clk_125_clk_bd_clk_wiz_0_0 rise edge)
                                                      0.000     0.000 r  
    U18                                               0.000     0.000 r  adc_clk_p_i (IN)
                         net (fo=0)                   0.000     0.000    design_1_i/clk_0/U0/clk_wiz_0/inst/clk_in1_p
    U18                  IBUFDS (Prop_ibufds_I_O)     0.433     0.433 r  design_1_i/clk_0/U0/clk_wiz_0/inst/clkin1_ibufgds/O
                         net (fo=1, routed)           0.683     1.116    design_1_i/clk_0/U0/clk_wiz_0/inst/clk_in1_clk_bd_clk_wiz_0_0_buf
    BUFGCTRL_X0Y4        BUFG (Prop_bufg_I_O)         0.030     1.146 r  design_1_i/clk_0/U0/clk_wiz_0/inst/clkin1_bufg1/O
                         net (fo=1, routed)           0.812     1.958    design_1_i/clk_0/U0/clk_wiz_0/inst/clk_in1_clk_bd_clk_wiz_0_0
    MMCME2_ADV_X0Y0      MMCME2_ADV (Prop_mmcme2_adv_CLKIN1_CLKOUT0)
                                                     -1.369     0.589 r  design_1_i/clk_0/U0/clk_wiz_0/inst/mmcm_adv_inst/CLKOUT0
                         net (fo=1, routed)           0.528     1.117    design_1_i/clk_0/U0/clk_wiz_0/inst/clk_125_clk_bd_clk_wiz_0_0
    BUFGCTRL_X0Y0        BUFG (Prop_bufg_I_O)         0.029     1.146 r  design_1_i/clk_0/U0/clk_wiz_0/inst/clkout1_buf/O
                         net (fo=2421, routed)        0.818     1.964    design_1_i/axi_smc/inst/switchboards/i_nodes/i_r_node/inst/inst_mi_handler/gen_normal_area.inst_fifo_node_payld/gen_reg_fifo.inst_reg_fifo/s_sc_aclk
    SLICE_X24Y19         FDRE                                         r  design_1_i/axi_smc/inst/switchboards/i_nodes/i_r_node/inst/inst_mi_handler/gen_normal_area.inst_fifo_node_payld/gen_reg_fifo.inst_reg_fifo/gen_single_rank.data_reg[23]/C
                         clock pessimism             -0.095     1.869    
    SLICE_X24Y19         FDRE (Hold_fdre_C_D)         0.134     2.003    design_1_i/axi_smc/inst/switchboards/i_nodes/i_r_node/inst/inst_mi_handler/gen_normal_area.inst_fifo_node_payld/gen_reg_fifo.inst_reg_fifo/gen_single_rank.data_reg[23]
  -------------------------------------------------------------------
                         required time                         -2.003    
                         arrival time                           2.085    
  -------------------------------------------------------------------
                         slack                                  0.082    

Slack (MET) :             0.086ns  (arrival time - required time)
  Source:                 design_1_i/axi_gpio_3/U0/gpio_core_1/Dual.gpio_Data_Out_reg[14]/C
                            (rising edge-triggered cell FDRE clocked by clk_125_clk_bd_clk_wiz_0_0  {rise@0.000ns fall@4.000ns period=8.000ns})
  Destination:            design_1_i/axi_gpio_3/U0/gpio_core_1/Dual.ALLOUT0_ND_G1.READ_REG_GEN[14].reg1_reg[30]/D
                            (rising edge-triggered cell FDRE clocked by clk_125_clk_bd_clk_wiz_0_0  {rise@0.000ns fall@4.000ns period=8.000ns})
  Path Group:             clk_125_clk_bd_clk_wiz_0_0
  Path Type:              Hold (Min at Fast Process Corner)
  Requirement:            0.000ns  (clk_125_clk_bd_clk_wiz_0_0 rise@0.000ns - clk_125_clk_bd_clk_wiz_0_0 rise@0.000ns)
  Data Path Delay:        0.342ns  (logic 0.148ns (43.307%)  route 0.194ns (56.693%))
  Logic Levels:           0  
  Clock Path Skew:        0.262ns (DCD - SCD - CPR)
    Destination Clock Delay (DCD):    1.968ns
    Source Clock Delay      (SCD):    1.610ns
    Clock Pessimism Removal (CPR):    0.095ns

    Location             Delay type                Incr(ns)  Path(ns)    Netlist Resource(s)
  -------------------------------------------------------------------    -------------------
                         (clock clk_125_clk_bd_clk_wiz_0_0 rise edge)
                                                      0.000     0.000 r  
    U18                                               0.000     0.000 r  adc_clk_p_i (IN)
                         net (fo=0)                   0.000     0.000    design_1_i/clk_0/U0/clk_wiz_0/inst/clk_in1_p
    U18                  IBUFDS (Prop_ibufds_I_O)     0.401     0.401 r  design_1_i/clk_0/U0/clk_wiz_0/inst/clkin1_ibufgds/O
                         net (fo=1, routed)           0.627     1.029    design_1_i/clk_0/U0/clk_wiz_0/inst/clk_in1_clk_bd_clk_wiz_0_0_buf
    BUFGCTRL_X0Y4        BUFG (Prop_bufg_I_O)         0.027     1.056 r  design_1_i/clk_0/U0/clk_wiz_0/inst/clkin1_bufg1/O
                         net (fo=1, routed)           0.546     1.601    design_1_i/clk_0/U0/clk_wiz_0/inst/clk_in1_clk_bd_clk_wiz_0_0
    MMCME2_ADV_X0Y0      MMCME2_ADV (Prop_mmcme2_adv_CLKIN1_CLKOUT0)
                                                     -1.053     0.548 r  design_1_i/clk_0/U0/clk_wiz_0/inst/mmcm_adv_inst/CLKOUT0
                         net (fo=1, routed)           0.482     1.030    design_1_i/clk_0/U0/clk_wiz_0/inst/clk_125_clk_bd_clk_wiz_0_0
    BUFGCTRL_X0Y0        BUFG (Prop_bufg_I_O)         0.026     1.056 r  design_1_i/clk_0/U0/clk_wiz_0/inst/clkout1_buf/O
                         net (fo=2421, routed)        0.555     1.610    design_1_i/axi_gpio_3/U0/gpio_core_1/s_axi_aclk
    SLICE_X20Y16         FDRE                                         r  design_1_i/axi_gpio_3/U0/gpio_core_1/Dual.gpio_Data_Out_reg[14]/C
  -------------------------------------------------------------------    -------------------
    SLICE_X20Y16         FDRE (Prop_fdre_C_Q)         0.148     1.758 r  design_1_i/axi_gpio_3/U0/gpio_core_1/Dual.gpio_Data_Out_reg[14]/Q
                         net (fo=3, routed)           0.194     1.952    design_1_i/axi_gpio_3/U0/gpio_core_1/gpio_io_o[1]
    SLICE_X22Y15         FDRE                                         r  design_1_i/axi_gpio_3/U0/gpio_core_1/Dual.ALLOUT0_ND_G1.READ_REG_GEN[14].reg1_reg[30]/D
  -------------------------------------------------------------------    -------------------

                         (clock clk_125_clk_bd_clk_wiz_0_0 rise edge)
                                                      0.000     0.000 r  
    U18                                               0.000     0.000 r  adc_clk_p_i (IN)
                         net (fo=0)                   0.000     0.000    design_1_i/clk_0/U0/clk_wiz_0/inst/clk_in1_p
    U18                  IBUFDS (Prop_ibufds_I_O)     0.433     0.433 r  design_1_i/clk_0/U0/clk_wiz_0/inst/clkin1_ibufgds/O
                         net (fo=1, routed)           0.683     1.116    design_1_i/clk_0/U0/clk_wiz_0/inst/clk_in1_clk_bd_clk_wiz_0_0_buf
    BUFGCTRL_X0Y4        BUFG (Prop_bufg_I_O)         0.030     1.146 r  design_1_i/clk_0/U0/clk_wiz_0/inst/clkin1_bufg1/O
                         net (fo=1, routed)           0.812     1.958    design_1_i/clk_0/U0/clk_wiz_0/inst/clk_in1_clk_bd_clk_wiz_0_0
    MMCME2_ADV_X0Y0      MMCME2_ADV (Prop_mmcme2_adv_CLKIN1_CLKOUT0)
                                                     -1.369     0.589 r  design_1_i/clk_0/U0/clk_wiz_0/inst/mmcm_adv_inst/CLKOUT0
                         net (fo=1, routed)           0.528     1.117    design_1_i/clk_0/U0/clk_wiz_0/inst/clk_125_clk_bd_clk_wiz_0_0
    BUFGCTRL_X0Y0        BUFG (Prop_bufg_I_O)         0.029     1.146 r  design_1_i/clk_0/U0/clk_wiz_0/inst/clkout1_buf/O
                         net (fo=2421, routed)        0.822     1.968    design_1_i/axi_gpio_3/U0/gpio_core_1/s_axi_aclk
    SLICE_X22Y15         FDRE                                         r  design_1_i/axi_gpio_3/U0/gpio_core_1/Dual.ALLOUT0_ND_G1.READ_REG_GEN[14].reg1_reg[30]/C
                         clock pessimism             -0.095     1.873    
    SLICE_X22Y15         FDRE (Hold_fdre_C_D)        -0.007     1.866    design_1_i/axi_gpio_3/U0/gpio_core_1/Dual.ALLOUT0_ND_G1.READ_REG_GEN[14].reg1_reg[30]
  -------------------------------------------------------------------
                         required time                         -1.866    
                         arrival time                           1.952    
  -------------------------------------------------------------------
                         slack                                  0.086    

Slack (MET) :             0.090ns  (arrival time - required time)
  Source:                 design_1_i/axi_gpio_3/U0/gpio_core_1/Dual.gpio_Data_Out_reg[7]/C
                            (rising edge-triggered cell FDRE clocked by clk_125_clk_bd_clk_wiz_0_0  {rise@0.000ns fall@4.000ns period=8.000ns})
  Destination:            design_1_i/axi_gpio_3/U0/gpio_core_1/Dual.ALLOUT0_ND_G1.READ_REG_GEN[7].reg1_reg[23]/D
                            (rising edge-triggered cell FDRE clocked by clk_125_clk_bd_clk_wiz_0_0  {rise@0.000ns fall@4.000ns period=8.000ns})
  Path Group:             clk_125_clk_bd_clk_wiz_0_0
  Path Type:              Hold (Min at Fast Process Corner)
  Requirement:            0.000ns  (clk_125_clk_bd_clk_wiz_0_0 rise@0.000ns - clk_125_clk_bd_clk_wiz_0_0 rise@0.000ns)
  Data Path Delay:        0.371ns  (logic 0.148ns (39.945%)  route 0.223ns (60.055%))
  Logic Levels:           0  
  Clock Path Skew:        0.261ns (DCD - SCD - CPR)
    Destination Clock Delay (DCD):    1.966ns
    Source Clock Delay      (SCD):    1.609ns
    Clock Pessimism Removal (CPR):    0.095ns

    Location             Delay type                Incr(ns)  Path(ns)    Netlist Resource(s)
  -------------------------------------------------------------------    -------------------
                         (clock clk_125_clk_bd_clk_wiz_0_0 rise edge)
                                                      0.000     0.000 r  
    U18                                               0.000     0.000 r  adc_clk_p_i (IN)
                         net (fo=0)                   0.000     0.000    design_1_i/clk_0/U0/clk_wiz_0/inst/clk_in1_p
    U18                  IBUFDS (Prop_ibufds_I_O)     0.401     0.401 r  design_1_i/clk_0/U0/clk_wiz_0/inst/clkin1_ibufgds/O
                         net (fo=1, routed)           0.627     1.029    design_1_i/clk_0/U0/clk_wiz_0/inst/clk_in1_clk_bd_clk_wiz_0_0_buf
    BUFGCTRL_X0Y4        BUFG (Prop_bufg_I_O)         0.027     1.056 r  design_1_i/clk_0/U0/clk_wiz_0/inst/clkin1_bufg1/O
                         net (fo=1, routed)           0.546     1.601    design_1_i/clk_0/U0/clk_wiz_0/inst/clk_in1_clk_bd_clk_wiz_0_0
    MMCME2_ADV_X0Y0      MMCME2_ADV (Prop_mmcme2_adv_CLKIN1_CLKOUT0)
                                                     -1.053     0.548 r  design_1_i/clk_0/U0/clk_wiz_0/inst/mmcm_adv_inst/CLKOUT0
                         net (fo=1, routed)           0.482     1.030    design_1_i/clk_0/U0/clk_wiz_0/inst/clk_125_clk_bd_clk_wiz_0_0
    BUFGCTRL_X0Y0        BUFG (Prop_bufg_I_O)         0.026     1.056 r  design_1_i/clk_0/U0/clk_wiz_0/inst/clkout1_buf/O
                         net (fo=2421, routed)        0.554     1.609    design_1_i/axi_gpio_3/U0/gpio_core_1/s_axi_aclk
    SLICE_X20Y17         FDRE                                         r  design_1_i/axi_gpio_3/U0/gpio_core_1/Dual.gpio_Data_Out_reg[7]/C
  -------------------------------------------------------------------    -------------------
    SLICE_X20Y17         FDRE (Prop_fdre_C_Q)         0.148     1.757 r  design_1_i/axi_gpio_3/U0/gpio_core_1/Dual.gpio_Data_Out_reg[7]/Q
                         net (fo=3, routed)           0.223     1.980    design_1_i/axi_gpio_3/U0/gpio_core_1/gpio_io_o[8]
    SLICE_X23Y17         FDRE                                         r  design_1_i/axi_gpio_3/U0/gpio_core_1/Dual.ALLOUT0_ND_G1.READ_REG_GEN[7].reg1_reg[23]/D
  -------------------------------------------------------------------    -------------------

                         (clock clk_125_clk_bd_clk_wiz_0_0 rise edge)
                                                      0.000     0.000 r  
    U18                                               0.000     0.000 r  adc_clk_p_i (IN)
                         net (fo=0)                   0.000     0.000    design_1_i/clk_0/U0/clk_wiz_0/inst/clk_in1_p
    U18                  IBUFDS (Prop_ibufds_I_O)     0.433     0.433 r  design_1_i/clk_0/U0/clk_wiz_0/inst/clkin1_ibufgds/O
                         net (fo=1, routed)           0.683     1.116    design_1_i/clk_0/U0/clk_wiz_0/inst/clk_in1_clk_bd_clk_wiz_0_0_buf
    BUFGCTRL_X0Y4        BUFG (Prop_bufg_I_O)         0.030     1.146 r  design_1_i/clk_0/U0/clk_wiz_0/inst/clkin1_bufg1/O
                         net (fo=1, routed)           0.812     1.958    design_1_i/clk_0/U0/clk_wiz_0/inst/clk_in1_clk_bd_clk_wiz_0_0
    MMCME2_ADV_X0Y0      MMCME2_ADV (Prop_mmcme2_adv_CLKIN1_CLKOUT0)
                                                     -1.369     0.589 r  design_1_i/clk_0/U0/clk_wiz_0/inst/mmcm_adv_inst/CLKOUT0
                         net (fo=1, routed)           0.528     1.117    design_1_i/clk_0/U0/clk_wiz_0/inst/clk_125_clk_bd_clk_wiz_0_0
    BUFGCTRL_X0Y0        BUFG (Prop_bufg_I_O)         0.029     1.146 r  design_1_i/clk_0/U0/clk_wiz_0/inst/clkout1_buf/O
                         net (fo=2421, routed)        0.820     1.966    design_1_i/axi_gpio_3/U0/gpio_core_1/s_axi_aclk
    SLICE_X23Y17         FDRE                                         r  design_1_i/axi_gpio_3/U0/gpio_core_1/Dual.ALLOUT0_ND_G1.READ_REG_GEN[7].reg1_reg[23]/C
                         clock pessimism             -0.095     1.871    
    SLICE_X23Y17         FDRE (Hold_fdre_C_D)         0.019     1.890    design_1_i/axi_gpio_3/U0/gpio_core_1/Dual.ALLOUT0_ND_G1.READ_REG_GEN[7].reg1_reg[23]
  -------------------------------------------------------------------
                         required time                         -1.890    
                         arrival time                           1.980    
  -------------------------------------------------------------------
                         slack                                  0.090    

Slack (MET) :             0.094ns  (arrival time - required time)
  Source:                 design_1_i/axi_gpio_5/U0/AXI_LITE_IPIF_I/I_SLAVE_ATTACHMENT/bus2ip_addr_i_reg[2]/C
                            (rising edge-triggered cell FDRE clocked by clk_125_clk_bd_clk_wiz_0_0  {rise@0.000ns fall@4.000ns period=8.000ns})
  Destination:            design_1_i/axi_gpio_5/U0/AXI_LITE_IPIF_I/I_SLAVE_ATTACHMENT/I_DECODER/GEN_BKEND_CE_REGISTERS[3].ce_out_i_reg[3]/D
                            (rising edge-triggered cell FDRE clocked by clk_125_clk_bd_clk_wiz_0_0  {rise@0.000ns fall@4.000ns period=8.000ns})
  Path Group:             clk_125_clk_bd_clk_wiz_0_0
  Path Type:              Hold (Min at Fast Process Corner)
  Requirement:            0.000ns  (clk_125_clk_bd_clk_wiz_0_0 rise@0.000ns - clk_125_clk_bd_clk_wiz_0_0 rise@0.000ns)
  Data Path Delay:        0.464ns  (logic 0.190ns (40.989%)  route 0.274ns (59.011%))
  Logic Levels:           1  (LUT2=1)
  Clock Path Skew:        0.262ns (DCD - SCD - CPR)
    Destination Clock Delay (DCD):    1.969ns
    Source Clock Delay      (SCD):    1.611ns
    Clock Pessimism Removal (CPR):    0.095ns

    Location             Delay type                Incr(ns)  Path(ns)    Netlist Resource(s)
  -------------------------------------------------------------------    -------------------
                         (clock clk_125_clk_bd_clk_wiz_0_0 rise edge)
                                                      0.000     0.000 r  
    U18                                               0.000     0.000 r  adc_clk_p_i (IN)
                         net (fo=0)                   0.000     0.000    design_1_i/clk_0/U0/clk_wiz_0/inst/clk_in1_p
    U18                  IBUFDS (Prop_ibufds_I_O)     0.401     0.401 r  design_1_i/clk_0/U0/clk_wiz_0/inst/clkin1_ibufgds/O
                         net (fo=1, routed)           0.627     1.029    design_1_i/clk_0/U0/clk_wiz_0/inst/clk_in1_clk_bd_clk_wiz_0_0_buf
    BUFGCTRL_X0Y4        BUFG (Prop_bufg_I_O)         0.027     1.056 r  design_1_i/clk_0/U0/clk_wiz_0/inst/clkin1_bufg1/O
                         net (fo=1, routed)           0.546     1.601    design_1_i/clk_0/U0/clk_wiz_0/inst/clk_in1_clk_bd_clk_wiz_0_0
    MMCME2_ADV_X0Y0      MMCME2_ADV (Prop_mmcme2_adv_CLKIN1_CLKOUT0)
                                                     -1.053     0.548 r  design_1_i/clk_0/U0/clk_wiz_0/inst/mmcm_adv_inst/CLKOUT0
                         net (fo=1, routed)           0.482     1.030    design_1_i/clk_0/U0/clk_wiz_0/inst/clk_125_clk_bd_clk_wiz_0_0
    BUFGCTRL_X0Y0        BUFG (Prop_bufg_I_O)         0.026     1.056 r  design_1_i/clk_0/U0/clk_wiz_0/inst/clkout1_buf/O
                         net (fo=2421, routed)        0.556     1.611    design_1_i/axi_gpio_5/U0/AXI_LITE_IPIF_I/I_SLAVE_ATTACHMENT/s_axi_aclk
    SLICE_X21Y34         FDRE                                         r  design_1_i/axi_gpio_5/U0/AXI_LITE_IPIF_I/I_SLAVE_ATTACHMENT/bus2ip_addr_i_reg[2]/C
  -------------------------------------------------------------------    -------------------
    SLICE_X21Y34         FDRE (Prop_fdre_C_Q)         0.141     1.752 r  design_1_i/axi_gpio_5/U0/AXI_LITE_IPIF_I/I_SLAVE_ATTACHMENT/bus2ip_addr_i_reg[2]/Q
                         net (fo=6, routed)           0.274     2.026    design_1_i/axi_gpio_5/U0/AXI_LITE_IPIF_I/I_SLAVE_ATTACHMENT/I_DECODER/Dual.gpio2_Data_Out_reg[0][0]
    SLICE_X25Y35         LUT2 (Prop_lut2_I1_O)        0.049     2.075 r  design_1_i/axi_gpio_5/U0/AXI_LITE_IPIF_I/I_SLAVE_ATTACHMENT/I_DECODER/GEN_BKEND_CE_REGISTERS[3].ce_out_i[3]_i_2/O
                         net (fo=1, routed)           0.000     2.075    design_1_i/axi_gpio_5/U0/AXI_LITE_IPIF_I/I_SLAVE_ATTACHMENT/I_DECODER/ce_expnd_i_0
    SLICE_X25Y35         FDRE                                         r  design_1_i/axi_gpio_5/U0/AXI_LITE_IPIF_I/I_SLAVE_ATTACHMENT/I_DECODER/GEN_BKEND_CE_REGISTERS[3].ce_out_i_reg[3]/D
  -------------------------------------------------------------------    -------------------

                         (clock clk_125_clk_bd_clk_wiz_0_0 rise edge)
                                                      0.000     0.000 r  
    U18                                               0.000     0.000 r  adc_clk_p_i (IN)
                         net (fo=0)                   0.000     0.000    design_1_i/clk_0/U0/clk_wiz_0/inst/clk_in1_p
    U18                  IBUFDS (Prop_ibufds_I_O)     0.433     0.433 r  design_1_i/clk_0/U0/clk_wiz_0/inst/clkin1_ibufgds/O
                         net (fo=1, routed)           0.683     1.116    design_1_i/clk_0/U0/clk_wiz_0/inst/clk_in1_clk_bd_clk_wiz_0_0_buf
    BUFGCTRL_X0Y4        BUFG (Prop_bufg_I_O)         0.030     1.146 r  design_1_i/clk_0/U0/clk_wiz_0/inst/clkin1_bufg1/O
                         net (fo=1, routed)           0.812     1.958    design_1_i/clk_0/U0/clk_wiz_0/inst/clk_in1_clk_bd_clk_wiz_0_0
    MMCME2_ADV_X0Y0      MMCME2_ADV (Prop_mmcme2_adv_CLKIN1_CLKOUT0)
                                                     -1.369     0.589 r  design_1_i/clk_0/U0/clk_wiz_0/inst/mmcm_adv_inst/CLKOUT0
                         net (fo=1, routed)           0.528     1.117    design_1_i/clk_0/U0/clk_wiz_0/inst/clk_125_clk_bd_clk_wiz_0_0
    BUFGCTRL_X0Y0        BUFG (Prop_bufg_I_O)         0.029     1.146 r  design_1_i/clk_0/U0/clk_wiz_0/inst/clkout1_buf/O
                         net (fo=2421, routed)        0.823     1.969    design_1_i/axi_gpio_5/U0/AXI_LITE_IPIF_I/I_SLAVE_ATTACHMENT/I_DECODER/s_axi_aclk
    SLICE_X25Y35         FDRE                                         r  design_1_i/axi_gpio_5/U0/AXI_LITE_IPIF_I/I_SLAVE_ATTACHMENT/I_DECODER/GEN_BKEND_CE_REGISTERS[3].ce_out_i_reg[3]/C
                         clock pessimism             -0.095     1.874    
    SLICE_X25Y35         FDRE (Hold_fdre_C_D)         0.107     1.981    design_1_i/axi_gpio_5/U0/AXI_LITE_IPIF_I/I_SLAVE_ATTACHMENT/I_DECODER/GEN_BKEND_CE_REGISTERS[3].ce_out_i_reg[3]
  -------------------------------------------------------------------
                         required time                         -1.981    
                         arrival time                           2.075    
  -------------------------------------------------------------------
                         slack                                  0.094    

Slack (MET) :             0.096ns  (arrival time - required time)
  Source:                 design_1_i/axi_smc/inst/m04_exit_pipeline/m04_exit/inst/areset_reg/C
                            (rising edge-triggered cell FDRE clocked by clk_125_clk_bd_clk_wiz_0_0  {rise@0.000ns fall@4.000ns period=8.000ns})
  Destination:            design_1_i/axi_smc/inst/m04_exit_pipeline/m04_exit/inst/exit_inst/gen_r_cmd_reg.aresetn_d_reg[1]/D
                            (rising edge-triggered cell FDRE clocked by clk_125_clk_bd_clk_wiz_0_0  {rise@0.000ns fall@4.000ns period=8.000ns})
  Path Group:             clk_125_clk_bd_clk_wiz_0_0
  Path Type:              Hold (Min at Fast Process Corner)
  Requirement:            0.000ns  (clk_125_clk_bd_clk_wiz_0_0 rise@0.000ns - clk_125_clk_bd_clk_wiz_0_0 rise@0.000ns)
  Data Path Delay:        0.461ns  (logic 0.189ns (40.954%)  route 0.272ns (59.046%))
  Logic Levels:           1  (LUT2=1)
  Clock Path Skew:        0.258ns (DCD - SCD - CPR)
    Destination Clock Delay (DCD):    1.968ns
    Source Clock Delay      (SCD):    1.614ns
    Clock Pessimism Removal (CPR):    0.095ns

    Location             Delay type                Incr(ns)  Path(ns)    Netlist Resource(s)
  -------------------------------------------------------------------    -------------------
                         (clock clk_125_clk_bd_clk_wiz_0_0 rise edge)
                                                      0.000     0.000 r  
    U18                                               0.000     0.000 r  adc_clk_p_i (IN)
                         net (fo=0)                   0.000     0.000    design_1_i/clk_0/U0/clk_wiz_0/inst/clk_in1_p
    U18                  IBUFDS (Prop_ibufds_I_O)     0.401     0.401 r  design_1_i/clk_0/U0/clk_wiz_0/inst/clkin1_ibufgds/O
                         net (fo=1, routed)           0.627     1.029    design_1_i/clk_0/U0/clk_wiz_0/inst/clk_in1_clk_bd_clk_wiz_0_0_buf
    BUFGCTRL_X0Y4        BUFG (Prop_bufg_I_O)         0.027     1.056 r  design_1_i/clk_0/U0/clk_wiz_0/inst/clkin1_bufg1/O
                         net (fo=1, routed)           0.546     1.601    design_1_i/clk_0/U0/clk_wiz_0/inst/clk_in1_clk_bd_clk_wiz_0_0
    MMCME2_ADV_X0Y0      MMCME2_ADV (Prop_mmcme2_adv_CLKIN1_CLKOUT0)
                                                     -1.053     0.548 r  design_1_i/clk_0/U0/clk_wiz_0/inst/mmcm_adv_inst/CLKOUT0
                         net (fo=1, routed)           0.482     1.030    design_1_i/clk_0/U0/clk_wiz_0/inst/clk_125_clk_bd_clk_wiz_0_0
    BUFGCTRL_X0Y0        BUFG (Prop_bufg_I_O)         0.026     1.056 r  design_1_i/clk_0/U0/clk_wiz_0/inst/clkout1_buf/O
                         net (fo=2421, routed)        0.559     1.614    design_1_i/axi_smc/inst/m04_exit_pipeline/m04_exit/inst/aclk
    SLICE_X17Y34         FDRE                                         r  design_1_i/axi_smc/inst/m04_exit_pipeline/m04_exit/inst/areset_reg/C
  -------------------------------------------------------------------    -------------------
    SLICE_X17Y34         FDRE (Prop_fdre_C_Q)         0.141     1.755 f  design_1_i/axi_smc/inst/m04_exit_pipeline/m04_exit/inst/areset_reg/Q
                         net (fo=10, routed)          0.272     2.028    design_1_i/axi_smc/inst/m04_exit_pipeline/m04_exit/inst/exit_inst/areset
    SLICE_X23Y34         LUT2 (Prop_lut2_I1_O)        0.048     2.076 r  design_1_i/axi_smc/inst/m04_exit_pipeline/m04_exit/inst/exit_inst/gen_r_cmd_reg.aresetn_d[1]_i_1/O
                         net (fo=1, routed)           0.000     2.076    design_1_i/axi_smc/inst/m04_exit_pipeline/m04_exit/inst/exit_inst/gen_r_cmd_reg.aresetn_d[1]_i_1_n_0
    SLICE_X23Y34         FDRE                                         r  design_1_i/axi_smc/inst/m04_exit_pipeline/m04_exit/inst/exit_inst/gen_r_cmd_reg.aresetn_d_reg[1]/D
  -------------------------------------------------------------------    -------------------

                         (clock clk_125_clk_bd_clk_wiz_0_0 rise edge)
                                                      0.000     0.000 r  
    U18                                               0.000     0.000 r  adc_clk_p_i (IN)
                         net (fo=0)                   0.000     0.000    design_1_i/clk_0/U0/clk_wiz_0/inst/clk_in1_p
    U18                  IBUFDS (Prop_ibufds_I_O)     0.433     0.433 r  design_1_i/clk_0/U0/clk_wiz_0/inst/clkin1_ibufgds/O
                         net (fo=1, routed)           0.683     1.116    design_1_i/clk_0/U0/clk_wiz_0/inst/clk_in1_clk_bd_clk_wiz_0_0_buf
    BUFGCTRL_X0Y4        BUFG (Prop_bufg_I_O)         0.030     1.146 r  design_1_i/clk_0/U0/clk_wiz_0/inst/clkin1_bufg1/O
                         net (fo=1, routed)           0.812     1.958    design_1_i/clk_0/U0/clk_wiz_0/inst/clk_in1_clk_bd_clk_wiz_0_0
    MMCME2_ADV_X0Y0      MMCME2_ADV (Prop_mmcme2_adv_CLKIN1_CLKOUT0)
                                                     -1.369     0.589 r  design_1_i/clk_0/U0/clk_wiz_0/inst/mmcm_adv_inst/CLKOUT0
                         net (fo=1, routed)           0.528     1.117    design_1_i/clk_0/U0/clk_wiz_0/inst/clk_125_clk_bd_clk_wiz_0_0
    BUFGCTRL_X0Y0        BUFG (Prop_bufg_I_O)         0.029     1.146 r  design_1_i/clk_0/U0/clk_wiz_0/inst/clkout1_buf/O
                         net (fo=2421, routed)        0.822     1.968    design_1_i/axi_smc/inst/m04_exit_pipeline/m04_exit/inst/exit_inst/aclk
    SLICE_X23Y34         FDRE                                         r  design_1_i/axi_smc/inst/m04_exit_pipeline/m04_exit/inst/exit_inst/gen_r_cmd_reg.aresetn_d_reg[1]/C
                         clock pessimism             -0.095     1.873    
    SLICE_X23Y34         FDRE (Hold_fdre_C_D)         0.107     1.980    design_1_i/axi_smc/inst/m04_exit_pipeline/m04_exit/inst/exit_inst/gen_r_cmd_reg.aresetn_d_reg[1]
  -------------------------------------------------------------------
                         required time                         -1.980    
                         arrival time                           2.076    
  -------------------------------------------------------------------
                         slack                                  0.096    

Slack (MET) :             0.098ns  (arrival time - required time)
  Source:                 design_1_i/axi_smc/inst/s00_entry_pipeline/s00_mmu/inst/aw_reg_stall/m_vector_i_reg[1034]/C
                            (rising edge-triggered cell FDRE clocked by clk_125_clk_bd_clk_wiz_0_0  {rise@0.000ns fall@4.000ns period=8.000ns})
  Destination:            design_1_i/axi_smc/inst/s00_entry_pipeline/s00_mmu/inst/gen_endpoint.decerr_slave_inst/gen_axi.gen_write.s_axi_bid_i_reg[5]/D
                            (rising edge-triggered cell FDRE clocked by clk_125_clk_bd_clk_wiz_0_0  {rise@0.000ns fall@4.000ns period=8.000ns})
  Path Group:             clk_125_clk_bd_clk_wiz_0_0
  Path Type:              Hold (Min at Fast Process Corner)
  Requirement:            0.000ns  (clk_125_clk_bd_clk_wiz_0_0 rise@0.000ns - clk_125_clk_bd_clk_wiz_0_0 rise@0.000ns)
  Data Path Delay:        0.430ns  (logic 0.141ns (32.813%)  route 0.289ns (67.187%))
  Logic Levels:           0  
  Clock Path Skew:        0.272ns (DCD - SCD - CPR)
    Destination Clock Delay (DCD):    2.000ns
    Source Clock Delay      (SCD):    1.637ns
    Clock Pessimism Removal (CPR):    0.090ns

    Location             Delay type                Incr(ns)  Path(ns)    Netlist Resource(s)
  -------------------------------------------------------------------    -------------------
                         (clock clk_125_clk_bd_clk_wiz_0_0 rise edge)
                                                      0.000     0.000 r  
    U18                                               0.000     0.000 r  adc_clk_p_i (IN)
                         net (fo=0)                   0.000     0.000    design_1_i/clk_0/U0/clk_wiz_0/inst/clk_in1_p
    U18                  IBUFDS (Prop_ibufds_I_O)     0.401     0.401 r  design_1_i/clk_0/U0/clk_wiz_0/inst/clkin1_ibufgds/O
                         net (fo=1, routed)           0.627     1.029    design_1_i/clk_0/U0/clk_wiz_0/inst/clk_in1_clk_bd_clk_wiz_0_0_buf
    BUFGCTRL_X0Y4        BUFG (Prop_bufg_I_O)         0.027     1.056 r  design_1_i/clk_0/U0/clk_wiz_0/inst/clkin1_bufg1/O
                         net (fo=1, routed)           0.546     1.601    design_1_i/clk_0/U0/clk_wiz_0/inst/clk_in1_clk_bd_clk_wiz_0_0
    MMCME2_ADV_X0Y0      MMCME2_ADV (Prop_mmcme2_adv_CLKIN1_CLKOUT0)
                                                     -1.053     0.548 r  design_1_i/clk_0/U0/clk_wiz_0/inst/mmcm_adv_inst/CLKOUT0
                         net (fo=1, routed)           0.482     1.030    design_1_i/clk_0/U0/clk_wiz_0/inst/clk_125_clk_bd_clk_wiz_0_0
    BUFGCTRL_X0Y0        BUFG (Prop_bufg_I_O)         0.026     1.056 r  design_1_i/clk_0/U0/clk_wiz_0/inst/clkout1_buf/O
                         net (fo=2421, routed)        0.582     1.637    design_1_i/axi_smc/inst/s00_entry_pipeline/s00_mmu/inst/aw_reg_stall/aclk
    SLICE_X1Y50          FDRE                                         r  design_1_i/axi_smc/inst/s00_entry_pipeline/s00_mmu/inst/aw_reg_stall/m_vector_i_reg[1034]/C
  -------------------------------------------------------------------    -------------------
    SLICE_X1Y50          FDRE (Prop_fdre_C_Q)         0.141     1.778 r  design_1_i/axi_smc/inst/s00_entry_pipeline/s00_mmu/inst/aw_reg_stall/m_vector_i_reg[1034]/Q
                         net (fo=2, routed)           0.289     2.067    design_1_i/axi_smc/inst/s00_entry_pipeline/s00_mmu/inst/gen_endpoint.decerr_slave_inst/m_axi_awid[5]
    SLICE_X4Y48          FDRE                                         r  design_1_i/axi_smc/inst/s00_entry_pipeline/s00_mmu/inst/gen_endpoint.decerr_slave_inst/gen_axi.gen_write.s_axi_bid_i_reg[5]/D
  -------------------------------------------------------------------    -------------------

                         (clock clk_125_clk_bd_clk_wiz_0_0 rise edge)
                                                      0.000     0.000 r  
    U18                                               0.000     0.000 r  adc_clk_p_i (IN)
                         net (fo=0)                   0.000     0.000    design_1_i/clk_0/U0/clk_wiz_0/inst/clk_in1_p
    U18                  IBUFDS (Prop_ibufds_I_O)     0.433     0.433 r  design_1_i/clk_0/U0/clk_wiz_0/inst/clkin1_ibufgds/O
                         net (fo=1, routed)           0.683     1.116    design_1_i/clk_0/U0/clk_wiz_0/inst/clk_in1_clk_bd_clk_wiz_0_0_buf
    BUFGCTRL_X0Y4        BUFG (Prop_bufg_I_O)         0.030     1.146 r  design_1_i/clk_0/U0/clk_wiz_0/inst/clkin1_bufg1/O
                         net (fo=1, routed)           0.812     1.958    design_1_i/clk_0/U0/clk_wiz_0/inst/clk_in1_clk_bd_clk_wiz_0_0
    MMCME2_ADV_X0Y0      MMCME2_ADV (Prop_mmcme2_adv_CLKIN1_CLKOUT0)
                                                     -1.369     0.589 r  design_1_i/clk_0/U0/clk_wiz_0/inst/mmcm_adv_inst/CLKOUT0
                         net (fo=1, routed)           0.528     1.117    design_1_i/clk_0/U0/clk_wiz_0/inst/clk_125_clk_bd_clk_wiz_0_0
    BUFGCTRL_X0Y0        BUFG (Prop_bufg_I_O)         0.029     1.146 r  design_1_i/clk_0/U0/clk_wiz_0/inst/clkout1_buf/O
                         net (fo=2421, routed)        0.854     2.000    design_1_i/axi_smc/inst/s00_entry_pipeline/s00_mmu/inst/gen_endpoint.decerr_slave_inst/aclk
    SLICE_X4Y48          FDRE                                         r  design_1_i/axi_smc/inst/s00_entry_pipeline/s00_mmu/inst/gen_endpoint.decerr_slave_inst/gen_axi.gen_write.s_axi_bid_i_reg[5]/C
                         clock pessimism             -0.090     1.910    
    SLICE_X4Y48          FDRE (Hold_fdre_C_D)         0.059     1.969    design_1_i/axi_smc/inst/s00_entry_pipeline/s00_mmu/inst/gen_endpoint.decerr_slave_inst/gen_axi.gen_write.s_axi_bid_i_reg[5]
  -------------------------------------------------------------------
                         required time                         -1.969    
                         arrival time                           2.067    
  -------------------------------------------------------------------
                         slack                                  0.098    

Slack (MET) :             0.104ns  (arrival time - required time)
  Source:                 design_1_i/axi_gpio_6/U0/gpio_core_1/Dual.ALLOUT0_ND_G1.READ_REG_GEN[3].reg1_reg[19]/C
                            (rising edge-triggered cell FDRE clocked by clk_125_clk_bd_clk_wiz_0_0  {rise@0.000ns fall@4.000ns period=8.000ns})
  Destination:            design_1_i/axi_gpio_6/U0/ip2bus_data_i_D1_reg[19]/D
                            (rising edge-triggered cell FDRE clocked by clk_125_clk_bd_clk_wiz_0_0  {rise@0.000ns fall@4.000ns period=8.000ns})
  Path Group:             clk_125_clk_bd_clk_wiz_0_0
  Path Type:              Hold (Min at Fast Process Corner)
  Requirement:            0.000ns  (clk_125_clk_bd_clk_wiz_0_0 rise@0.000ns - clk_125_clk_bd_clk_wiz_0_0 rise@0.000ns)
  Data Path Delay:        0.238ns  (logic 0.186ns (78.117%)  route 0.052ns (21.883%))
  Logic Levels:           1  (LUT5=1)
  Clock Path Skew:        0.013ns (DCD - SCD - CPR)
    Destination Clock Delay (DCD):    1.965ns
    Source Clock Delay      (SCD):    1.608ns
    Clock Pessimism Removal (CPR):    0.344ns

    Location             Delay type                Incr(ns)  Path(ns)    Netlist Resource(s)
  -------------------------------------------------------------------    -------------------
                         (clock clk_125_clk_bd_clk_wiz_0_0 rise edge)
                                                      0.000     0.000 r  
    U18                                               0.000     0.000 r  adc_clk_p_i (IN)
                         net (fo=0)                   0.000     0.000    design_1_i/clk_0/U0/clk_wiz_0/inst/clk_in1_p
    U18                  IBUFDS (Prop_ibufds_I_O)     0.401     0.401 r  design_1_i/clk_0/U0/clk_wiz_0/inst/clkin1_ibufgds/O
                         net (fo=1, routed)           0.627     1.029    design_1_i/clk_0/U0/clk_wiz_0/inst/clk_in1_clk_bd_clk_wiz_0_0_buf
    BUFGCTRL_X0Y4        BUFG (Prop_bufg_I_O)         0.027     1.056 r  design_1_i/clk_0/U0/clk_wiz_0/inst/clkin1_bufg1/O
                         net (fo=1, routed)           0.546     1.601    design_1_i/clk_0/U0/clk_wiz_0/inst/clk_in1_clk_bd_clk_wiz_0_0
    MMCME2_ADV_X0Y0      MMCME2_ADV (Prop_mmcme2_adv_CLKIN1_CLKOUT0)
                                                     -1.053     0.548 r  design_1_i/clk_0/U0/clk_wiz_0/inst/mmcm_adv_inst/CLKOUT0
                         net (fo=1, routed)           0.482     1.030    design_1_i/clk_0/U0/clk_wiz_0/inst/clk_125_clk_bd_clk_wiz_0_0
    BUFGCTRL_X0Y0        BUFG (Prop_bufg_I_O)         0.026     1.056 r  design_1_i/clk_0/U0/clk_wiz_0/inst/clkout1_buf/O
                         net (fo=2421, routed)        0.553     1.608    design_1_i/axi_gpio_6/U0/gpio_core_1/s_axi_aclk
    SLICE_X29Y21         FDRE                                         r  design_1_i/axi_gpio_6/U0/gpio_core_1/Dual.ALLOUT0_ND_G1.READ_REG_GEN[3].reg1_reg[19]/C
  -------------------------------------------------------------------    -------------------
    SLICE_X29Y21         FDRE (Prop_fdre_C_Q)         0.141     1.749 r  design_1_i/axi_gpio_6/U0/gpio_core_1/Dual.ALLOUT0_ND_G1.READ_REG_GEN[3].reg1_reg[19]/Q
                         net (fo=1, routed)           0.052     1.801    design_1_i/axi_gpio_6/U0/AXI_LITE_IPIF_I/I_SLAVE_ATTACHMENT/I_DECODER/Dual.ALLOUT0_ND_G1.READ_REG_GEN[3].reg1_reg
    SLICE_X28Y21         LUT5 (Prop_lut5_I2_O)        0.045     1.846 r  design_1_i/axi_gpio_6/U0/AXI_LITE_IPIF_I/I_SLAVE_ATTACHMENT/I_DECODER/ip2bus_data_i_D1[19]_i_1/O
                         net (fo=1, routed)           0.000     1.846    design_1_i/axi_gpio_6/U0/ip2bus_data[19]
    SLICE_X28Y21         FDRE                                         r  design_1_i/axi_gpio_6/U0/ip2bus_data_i_D1_reg[19]/D
  -------------------------------------------------------------------    -------------------

                         (clock clk_125_clk_bd_clk_wiz_0_0 rise edge)
                                                      0.000     0.000 r  
    U18                                               0.000     0.000 r  adc_clk_p_i (IN)
                         net (fo=0)                   0.000     0.000    design_1_i/clk_0/U0/clk_wiz_0/inst/clk_in1_p
    U18                  IBUFDS (Prop_ibufds_I_O)     0.433     0.433 r  design_1_i/clk_0/U0/clk_wiz_0/inst/clkin1_ibufgds/O
                         net (fo=1, routed)           0.683     1.116    design_1_i/clk_0/U0/clk_wiz_0/inst/clk_in1_clk_bd_clk_wiz_0_0_buf
    BUFGCTRL_X0Y4        BUFG (Prop_bufg_I_O)         0.030     1.146 r  design_1_i/clk_0/U0/clk_wiz_0/inst/clkin1_bufg1/O
                         net (fo=1, routed)           0.812     1.958    design_1_i/clk_0/U0/clk_wiz_0/inst/clk_in1_clk_bd_clk_wiz_0_0
    MMCME2_ADV_X0Y0      MMCME2_ADV (Prop_mmcme2_adv_CLKIN1_CLKOUT0)
                                                     -1.369     0.589 r  design_1_i/clk_0/U0/clk_wiz_0/inst/mmcm_adv_inst/CLKOUT0
                         net (fo=1, routed)           0.528     1.117    design_1_i/clk_0/U0/clk_wiz_0/inst/clk_125_clk_bd_clk_wiz_0_0
    BUFGCTRL_X0Y0        BUFG (Prop_bufg_I_O)         0.029     1.146 r  design_1_i/clk_0/U0/clk_wiz_0/inst/clkout1_buf/O
                         net (fo=2421, routed)        0.819     1.965    design_1_i/axi_gpio_6/U0/s_axi_aclk
    SLICE_X28Y21         FDRE                                         r  design_1_i/axi_gpio_6/U0/ip2bus_data_i_D1_reg[19]/C
                         clock pessimism             -0.344     1.621    
    SLICE_X28Y21         FDRE (Hold_fdre_C_D)         0.121     1.742    design_1_i/axi_gpio_6/U0/ip2bus_data_i_D1_reg[19]
  -------------------------------------------------------------------
                         required time                         -1.742    
                         arrival time                           1.846    
  -------------------------------------------------------------------
                         slack                                  0.104    

Slack (MET) :             0.105ns  (arrival time - required time)
  Source:                 design_1_i/axi_gpio_5/U0/AXI_LITE_IPIF_I/I_SLAVE_ATTACHMENT/bus2ip_addr_i_reg[2]/C
                            (rising edge-triggered cell FDRE clocked by clk_125_clk_bd_clk_wiz_0_0  {rise@0.000ns fall@4.000ns period=8.000ns})
  Destination:            design_1_i/axi_gpio_5/U0/AXI_LITE_IPIF_I/I_SLAVE_ATTACHMENT/I_DECODER/GEN_BKEND_CE_REGISTERS[0].ce_out_i_reg[0]/D
                            (rising edge-triggered cell FDRE clocked by clk_125_clk_bd_clk_wiz_0_0  {rise@0.000ns fall@4.000ns period=8.000ns})
  Path Group:             clk_125_clk_bd_clk_wiz_0_0
  Path Type:              Hold (Min at Fast Process Corner)
  Requirement:            0.000ns  (clk_125_clk_bd_clk_wiz_0_0 rise@0.000ns - clk_125_clk_bd_clk_wiz_0_0 rise@0.000ns)
  Data Path Delay:        0.459ns  (logic 0.186ns (40.563%)  route 0.273ns (59.437%))
  Logic Levels:           1  (LUT2=1)
  Clock Path Skew:        0.262ns (DCD - SCD - CPR)
    Destination Clock Delay (DCD):    1.969ns
    Source Clock Delay      (SCD):    1.611ns
    Clock Pessimism Removal (CPR):    0.095ns

    Location             Delay type                Incr(ns)  Path(ns)    Netlist Resource(s)
  -------------------------------------------------------------------    -------------------
                         (clock clk_125_clk_bd_clk_wiz_0_0 rise edge)
                                                      0.000     0.000 r  
    U18                                               0.000     0.000 r  adc_clk_p_i (IN)
                         net (fo=0)                   0.000     0.000    design_1_i/clk_0/U0/clk_wiz_0/inst/clk_in1_p
    U18                  IBUFDS (Prop_ibufds_I_O)     0.401     0.401 r  design_1_i/clk_0/U0/clk_wiz_0/inst/clkin1_ibufgds/O
                         net (fo=1, routed)           0.627     1.029    design_1_i/clk_0/U0/clk_wiz_0/inst/clk_in1_clk_bd_clk_wiz_0_0_buf
    BUFGCTRL_X0Y4        BUFG (Prop_bufg_I_O)         0.027     1.056 r  design_1_i/clk_0/U0/clk_wiz_0/inst/clkin1_bufg1/O
                         net (fo=1, routed)           0.546     1.601    design_1_i/clk_0/U0/clk_wiz_0/inst/clk_in1_clk_bd_clk_wiz_0_0
    MMCME2_ADV_X0Y0      MMCME2_ADV (Prop_mmcme2_adv_CLKIN1_CLKOUT0)
                                                     -1.053     0.548 r  design_1_i/clk_0/U0/clk_wiz_0/inst/mmcm_adv_inst/CLKOUT0
                         net (fo=1, routed)           0.482     1.030    design_1_i/clk_0/U0/clk_wiz_0/inst/clk_125_clk_bd_clk_wiz_0_0
    BUFGCTRL_X0Y0        BUFG (Prop_bufg_I_O)         0.026     1.056 r  design_1_i/clk_0/U0/clk_wiz_0/inst/clkout1_buf/O
                         net (fo=2421, routed)        0.556     1.611    design_1_i/axi_gpio_5/U0/AXI_LITE_IPIF_I/I_SLAVE_ATTACHMENT/s_axi_aclk
    SLICE_X21Y34         FDRE                                         r  design_1_i/axi_gpio_5/U0/AXI_LITE_IPIF_I/I_SLAVE_ATTACHMENT/bus2ip_addr_i_reg[2]/C
  -------------------------------------------------------------------    -------------------
    SLICE_X21Y34         FDRE (Prop_fdre_C_Q)         0.141     1.752 f  design_1_i/axi_gpio_5/U0/AXI_LITE_IPIF_I/I_SLAVE_ATTACHMENT/bus2ip_addr_i_reg[2]/Q
                         net (fo=6, routed)           0.273     2.025    design_1_i/axi_gpio_5/U0/AXI_LITE_IPIF_I/I_SLAVE_ATTACHMENT/I_DECODER/MEM_DECODE_GEN[0].PER_CE_GEN[0].MULTIPLE_CES_THIS_CS_GEN.CE_I/GEN_BKEND_CE_REGISTERS[0].ce_out_i_reg[0][0]
    SLICE_X25Y35         LUT2 (Prop_lut2_I0_O)        0.045     2.070 r  design_1_i/axi_gpio_5/U0/AXI_LITE_IPIF_I/I_SLAVE_ATTACHMENT/I_DECODER/MEM_DECODE_GEN[0].PER_CE_GEN[0].MULTIPLE_CES_THIS_CS_GEN.CE_I/CS/O
                         net (fo=1, routed)           0.000     2.070    design_1_i/axi_gpio_5/U0/AXI_LITE_IPIF_I/I_SLAVE_ATTACHMENT/I_DECODER/ce_expnd_i_3
    SLICE_X25Y35         FDRE                                         r  design_1_i/axi_gpio_5/U0/AXI_LITE_IPIF_I/I_SLAVE_ATTACHMENT/I_DECODER/GEN_BKEND_CE_REGISTERS[0].ce_out_i_reg[0]/D
  -------------------------------------------------------------------    -------------------

                         (clock clk_125_clk_bd_clk_wiz_0_0 rise edge)
                                                      0.000     0.000 r  
    U18                                               0.000     0.000 r  adc_clk_p_i (IN)
                         net (fo=0)                   0.000     0.000    design_1_i/clk_0/U0/clk_wiz_0/inst/clk_in1_p
    U18                  IBUFDS (Prop_ibufds_I_O)     0.433     0.433 r  design_1_i/clk_0/U0/clk_wiz_0/inst/clkin1_ibufgds/O
                         net (fo=1, routed)           0.683     1.116    design_1_i/clk_0/U0/clk_wiz_0/inst/clk_in1_clk_bd_clk_wiz_0_0_buf
    BUFGCTRL_X0Y4        BUFG (Prop_bufg_I_O)         0.030     1.146 r  design_1_i/clk_0/U0/clk_wiz_0/inst/clkin1_bufg1/O
                         net (fo=1, routed)           0.812     1.958    design_1_i/clk_0/U0/clk_wiz_0/inst/clk_in1_clk_bd_clk_wiz_0_0
    MMCME2_ADV_X0Y0      MMCME2_ADV (Prop_mmcme2_adv_CLKIN1_CLKOUT0)
                                                     -1.369     0.589 r  design_1_i/clk_0/U0/clk_wiz_0/inst/mmcm_adv_inst/CLKOUT0
                         net (fo=1, routed)           0.528     1.117    design_1_i/clk_0/U0/clk_wiz_0/inst/clk_125_clk_bd_clk_wiz_0_0
    BUFGCTRL_X0Y0        BUFG (Prop_bufg_I_O)         0.029     1.146 r  design_1_i/clk_0/U0/clk_wiz_0/inst/clkout1_buf/O
                         net (fo=2421, routed)        0.823     1.969    design_1_i/axi_gpio_5/U0/AXI_LITE_IPIF_I/I_SLAVE_ATTACHMENT/I_DECODER/s_axi_aclk
    SLICE_X25Y35         FDRE                                         r  design_1_i/axi_gpio_5/U0/AXI_LITE_IPIF_I/I_SLAVE_ATTACHMENT/I_DECODER/GEN_BKEND_CE_REGISTERS[0].ce_out_i_reg[0]/C
                         clock pessimism             -0.095     1.874    
    SLICE_X25Y35         FDRE (Hold_fdre_C_D)         0.091     1.965    design_1_i/axi_gpio_5/U0/AXI_LITE_IPIF_I/I_SLAVE_ATTACHMENT/I_DECODER/GEN_BKEND_CE_REGISTERS[0].ce_out_i_reg[0]
  -------------------------------------------------------------------
                         required time                         -1.965    
                         arrival time                           2.070    
  -------------------------------------------------------------------
                         slack                                  0.105    

Slack (MET) :             0.105ns  (arrival time - required time)
  Source:                 design_1_i/axi_gpio_5/U0/AXI_LITE_IPIF_I/I_SLAVE_ATTACHMENT/bus2ip_addr_i_reg[2]/C
                            (rising edge-triggered cell FDRE clocked by clk_125_clk_bd_clk_wiz_0_0  {rise@0.000ns fall@4.000ns period=8.000ns})
  Destination:            design_1_i/axi_gpio_5/U0/AXI_LITE_IPIF_I/I_SLAVE_ATTACHMENT/I_DECODER/GEN_BKEND_CE_REGISTERS[1].ce_out_i_reg[1]/D
                            (rising edge-triggered cell FDRE clocked by clk_125_clk_bd_clk_wiz_0_0  {rise@0.000ns fall@4.000ns period=8.000ns})
  Path Group:             clk_125_clk_bd_clk_wiz_0_0
  Path Type:              Hold (Min at Fast Process Corner)
  Requirement:            0.000ns  (clk_125_clk_bd_clk_wiz_0_0 rise@0.000ns - clk_125_clk_bd_clk_wiz_0_0 rise@0.000ns)
  Data Path Delay:        0.460ns  (logic 0.186ns (40.475%)  route 0.274ns (59.525%))
  Logic Levels:           1  (LUT2=1)
  Clock Path Skew:        0.262ns (DCD - SCD - CPR)
    Destination Clock Delay (DCD):    1.969ns
    Source Clock Delay      (SCD):    1.611ns
    Clock Pessimism Removal (CPR):    0.095ns

    Location             Delay type                Incr(ns)  Path(ns)    Netlist Resource(s)
  -------------------------------------------------------------------    -------------------
                         (clock clk_125_clk_bd_clk_wiz_0_0 rise edge)
                                                      0.000     0.000 r  
    U18                                               0.000     0.000 r  adc_clk_p_i (IN)
                         net (fo=0)                   0.000     0.000    design_1_i/clk_0/U0/clk_wiz_0/inst/clk_in1_p
    U18                  IBUFDS (Prop_ibufds_I_O)     0.401     0.401 r  design_1_i/clk_0/U0/clk_wiz_0/inst/clkin1_ibufgds/O
                         net (fo=1, routed)           0.627     1.029    design_1_i/clk_0/U0/clk_wiz_0/inst/clk_in1_clk_bd_clk_wiz_0_0_buf
    BUFGCTRL_X0Y4        BUFG (Prop_bufg_I_O)         0.027     1.056 r  design_1_i/clk_0/U0/clk_wiz_0/inst/clkin1_bufg1/O
                         net (fo=1, routed)           0.546     1.601    design_1_i/clk_0/U0/clk_wiz_0/inst/clk_in1_clk_bd_clk_wiz_0_0
    MMCME2_ADV_X0Y0      MMCME2_ADV (Prop_mmcme2_adv_CLKIN1_CLKOUT0)
                                                     -1.053     0.548 r  design_1_i/clk_0/U0/clk_wiz_0/inst/mmcm_adv_inst/CLKOUT0
                         net (fo=1, routed)           0.482     1.030    design_1_i/clk_0/U0/clk_wiz_0/inst/clk_125_clk_bd_clk_wiz_0_0
    BUFGCTRL_X0Y0        BUFG (Prop_bufg_I_O)         0.026     1.056 r  design_1_i/clk_0/U0/clk_wiz_0/inst/clkout1_buf/O
                         net (fo=2421, routed)        0.556     1.611    design_1_i/axi_gpio_5/U0/AXI_LITE_IPIF_I/I_SLAVE_ATTACHMENT/s_axi_aclk
    SLICE_X21Y34         FDRE                                         r  design_1_i/axi_gpio_5/U0/AXI_LITE_IPIF_I/I_SLAVE_ATTACHMENT/bus2ip_addr_i_reg[2]/C
  -------------------------------------------------------------------    -------------------
    SLICE_X21Y34         FDRE (Prop_fdre_C_Q)         0.141     1.752 r  design_1_i/axi_gpio_5/U0/AXI_LITE_IPIF_I/I_SLAVE_ATTACHMENT/bus2ip_addr_i_reg[2]/Q
                         net (fo=6, routed)           0.274     2.026    design_1_i/axi_gpio_5/U0/AXI_LITE_IPIF_I/I_SLAVE_ATTACHMENT/I_DECODER/Dual.gpio2_Data_Out_reg[0][0]
    SLICE_X25Y35         LUT2 (Prop_lut2_I0_O)        0.045     2.071 r  design_1_i/axi_gpio_5/U0/AXI_LITE_IPIF_I/I_SLAVE_ATTACHMENT/I_DECODER/GEN_BKEND_CE_REGISTERS[1].ce_out_i[1]_i_1/O
                         net (fo=1, routed)           0.000     2.071    design_1_i/axi_gpio_5/U0/AXI_LITE_IPIF_I/I_SLAVE_ATTACHMENT/I_DECODER/ce_expnd_i_2
    SLICE_X25Y35         FDRE                                         r  design_1_i/axi_gpio_5/U0/AXI_LITE_IPIF_I/I_SLAVE_ATTACHMENT/I_DECODER/GEN_BKEND_CE_REGISTERS[1].ce_out_i_reg[1]/D
  -------------------------------------------------------------------    -------------------

                         (clock clk_125_clk_bd_clk_wiz_0_0 rise edge)
                                                      0.000     0.000 r  
    U18                                               0.000     0.000 r  adc_clk_p_i (IN)
                         net (fo=0)                   0.000     0.000    design_1_i/clk_0/U0/clk_wiz_0/inst/clk_in1_p
    U18                  IBUFDS (Prop_ibufds_I_O)     0.433     0.433 r  design_1_i/clk_0/U0/clk_wiz_0/inst/clkin1_ibufgds/O
                         net (fo=1, routed)           0.683     1.116    design_1_i/clk_0/U0/clk_wiz_0/inst/clk_in1_clk_bd_clk_wiz_0_0_buf
    BUFGCTRL_X0Y4        BUFG (Prop_bufg_I_O)         0.030     1.146 r  design_1_i/clk_0/U0/clk_wiz_0/inst/clkin1_bufg1/O
                         net (fo=1, routed)           0.812     1.958    design_1_i/clk_0/U0/clk_wiz_0/inst/clk_in1_clk_bd_clk_wiz_0_0
    MMCME2_ADV_X0Y0      MMCME2_ADV (Prop_mmcme2_adv_CLKIN1_CLKOUT0)
                                                     -1.369     0.589 r  design_1_i/clk_0/U0/clk_wiz_0/inst/mmcm_adv_inst/CLKOUT0
                         net (fo=1, routed)           0.528     1.117    design_1_i/clk_0/U0/clk_wiz_0/inst/clk_125_clk_bd_clk_wiz_0_0
    BUFGCTRL_X0Y0        BUFG (Prop_bufg_I_O)         0.029     1.146 r  design_1_i/clk_0/U0/clk_wiz_0/inst/clkout1_buf/O
                         net (fo=2421, routed)        0.823     1.969    design_1_i/axi_gpio_5/U0/AXI_LITE_IPIF_I/I_SLAVE_ATTACHMENT/I_DECODER/s_axi_aclk
    SLICE_X25Y35         FDRE                                         r  design_1_i/axi_gpio_5/U0/AXI_LITE_IPIF_I/I_SLAVE_ATTACHMENT/I_DECODER/GEN_BKEND_CE_REGISTERS[1].ce_out_i_reg[1]/C
                         clock pessimism             -0.095     1.874    
    SLICE_X25Y35         FDRE (Hold_fdre_C_D)         0.092     1.966    design_1_i/axi_gpio_5/U0/AXI_LITE_IPIF_I/I_SLAVE_ATTACHMENT/I_DECODER/GEN_BKEND_CE_REGISTERS[1].ce_out_i_reg[1]
  -------------------------------------------------------------------
                         required time                         -1.966    
                         arrival time                           2.071    
  -------------------------------------------------------------------
                         slack                                  0.105    

Slack (MET) :             0.106ns  (arrival time - required time)
  Source:                 design_1_i/axi_gpio_5/U0/gpio_core_1/Dual.ALLOUT0_ND_G1.READ_REG_GEN[9].reg1_reg[25]/C
                            (rising edge-triggered cell FDRE clocked by clk_125_clk_bd_clk_wiz_0_0  {rise@0.000ns fall@4.000ns period=8.000ns})
  Destination:            design_1_i/axi_gpio_5/U0/ip2bus_data_i_D1_reg[25]/D
                            (rising edge-triggered cell FDRE clocked by clk_125_clk_bd_clk_wiz_0_0  {rise@0.000ns fall@4.000ns period=8.000ns})
  Path Group:             clk_125_clk_bd_clk_wiz_0_0
  Path Type:              Hold (Min at Fast Process Corner)
  Requirement:            0.000ns  (clk_125_clk_bd_clk_wiz_0_0 rise@0.000ns - clk_125_clk_bd_clk_wiz_0_0 rise@0.000ns)
  Data Path Delay:        0.240ns  (logic 0.186ns (77.466%)  route 0.054ns (22.534%))
  Logic Levels:           1  (LUT5=1)
  Clock Path Skew:        0.013ns (DCD - SCD - CPR)
    Destination Clock Delay (DCD):    1.967ns
    Source Clock Delay      (SCD):    1.610ns
    Clock Pessimism Removal (CPR):    0.344ns

    Location             Delay type                Incr(ns)  Path(ns)    Netlist Resource(s)
  -------------------------------------------------------------------    -------------------
                         (clock clk_125_clk_bd_clk_wiz_0_0 rise edge)
                                                      0.000     0.000 r  
    U18                                               0.000     0.000 r  adc_clk_p_i (IN)
                         net (fo=0)                   0.000     0.000    design_1_i/clk_0/U0/clk_wiz_0/inst/clk_in1_p
    U18                  IBUFDS (Prop_ibufds_I_O)     0.401     0.401 r  design_1_i/clk_0/U0/clk_wiz_0/inst/clkin1_ibufgds/O
                         net (fo=1, routed)           0.627     1.029    design_1_i/clk_0/U0/clk_wiz_0/inst/clk_in1_clk_bd_clk_wiz_0_0_buf
    BUFGCTRL_X0Y4        BUFG (Prop_bufg_I_O)         0.027     1.056 r  design_1_i/clk_0/U0/clk_wiz_0/inst/clkin1_bufg1/O
                         net (fo=1, routed)           0.546     1.601    design_1_i/clk_0/U0/clk_wiz_0/inst/clk_in1_clk_bd_clk_wiz_0_0
    MMCME2_ADV_X0Y0      MMCME2_ADV (Prop_mmcme2_adv_CLKIN1_CLKOUT0)
                                                     -1.053     0.548 r  design_1_i/clk_0/U0/clk_wiz_0/inst/mmcm_adv_inst/CLKOUT0
                         net (fo=1, routed)           0.482     1.030    design_1_i/clk_0/U0/clk_wiz_0/inst/clk_125_clk_bd_clk_wiz_0_0
    BUFGCTRL_X0Y0        BUFG (Prop_bufg_I_O)         0.026     1.056 r  design_1_i/clk_0/U0/clk_wiz_0/inst/clkout1_buf/O
                         net (fo=2421, routed)        0.555     1.610    design_1_i/axi_gpio_5/U0/gpio_core_1/s_axi_aclk
    SLICE_X29Y30         FDRE                                         r  design_1_i/axi_gpio_5/U0/gpio_core_1/Dual.ALLOUT0_ND_G1.READ_REG_GEN[9].reg1_reg[25]/C
  -------------------------------------------------------------------    -------------------
    SLICE_X29Y30         FDRE (Prop_fdre_C_Q)         0.141     1.751 r  design_1_i/axi_gpio_5/U0/gpio_core_1/Dual.ALLOUT0_ND_G1.READ_REG_GEN[9].reg1_reg[25]/Q
                         net (fo=1, routed)           0.054     1.805    design_1_i/axi_gpio_5/U0/AXI_LITE_IPIF_I/I_SLAVE_ATTACHMENT/I_DECODER/Dual.ALLOUT0_ND_G1.READ_REG_GEN[9].reg1_reg
    SLICE_X28Y30         LUT5 (Prop_lut5_I2_O)        0.045     1.850 r  design_1_i/axi_gpio_5/U0/AXI_LITE_IPIF_I/I_SLAVE_ATTACHMENT/I_DECODER/ip2bus_data_i_D1[25]_i_1/O
                         net (fo=1, routed)           0.000     1.850    design_1_i/axi_gpio_5/U0/ip2bus_data[25]
    SLICE_X28Y30         FDRE                                         r  design_1_i/axi_gpio_5/U0/ip2bus_data_i_D1_reg[25]/D
  -------------------------------------------------------------------    -------------------

                         (clock clk_125_clk_bd_clk_wiz_0_0 rise edge)
                                                      0.000     0.000 r  
    U18                                               0.000     0.000 r  adc_clk_p_i (IN)
                         net (fo=0)                   0.000     0.000    design_1_i/clk_0/U0/clk_wiz_0/inst/clk_in1_p
    U18                  IBUFDS (Prop_ibufds_I_O)     0.433     0.433 r  design_1_i/clk_0/U0/clk_wiz_0/inst/clkin1_ibufgds/O
                         net (fo=1, routed)           0.683     1.116    design_1_i/clk_0/U0/clk_wiz_0/inst/clk_in1_clk_bd_clk_wiz_0_0_buf
    BUFGCTRL_X0Y4        BUFG (Prop_bufg_I_O)         0.030     1.146 r  design_1_i/clk_0/U0/clk_wiz_0/inst/clkin1_bufg1/O
                         net (fo=1, routed)           0.812     1.958    design_1_i/clk_0/U0/clk_wiz_0/inst/clk_in1_clk_bd_clk_wiz_0_0
    MMCME2_ADV_X0Y0      MMCME2_ADV (Prop_mmcme2_adv_CLKIN1_CLKOUT0)
                                                     -1.369     0.589 r  design_1_i/clk_0/U0/clk_wiz_0/inst/mmcm_adv_inst/CLKOUT0
                         net (fo=1, routed)           0.528     1.117    design_1_i/clk_0/U0/clk_wiz_0/inst/clk_125_clk_bd_clk_wiz_0_0
    BUFGCTRL_X0Y0        BUFG (Prop_bufg_I_O)         0.029     1.146 r  design_1_i/clk_0/U0/clk_wiz_0/inst/clkout1_buf/O
                         net (fo=2421, routed)        0.821     1.967    design_1_i/axi_gpio_5/U0/s_axi_aclk
    SLICE_X28Y30         FDRE                                         r  design_1_i/axi_gpio_5/U0/ip2bus_data_i_D1_reg[25]/C
                         clock pessimism             -0.344     1.623    
    SLICE_X28Y30         FDRE (Hold_fdre_C_D)         0.121     1.744    design_1_i/axi_gpio_5/U0/ip2bus_data_i_D1_reg[25]
  -------------------------------------------------------------------
                         required time                         -1.744    
                         arrival time                           1.850    
  -------------------------------------------------------------------
                         slack                                  0.106    

Slack (MET) :             0.106ns  (arrival time - required time)
  Source:                 design_1_i/axi_gpio_6/U0/gpio_core_1/Dual.ALLOUT1_ND_G2.READ_REG2_GEN[10].reg3_reg[26]/C
                            (rising edge-triggered cell FDRE clocked by clk_125_clk_bd_clk_wiz_0_0  {rise@0.000ns fall@4.000ns period=8.000ns})
  Destination:            design_1_i/axi_gpio_6/U0/ip2bus_data_i_D1_reg[26]/D
                            (rising edge-triggered cell FDRE clocked by clk_125_clk_bd_clk_wiz_0_0  {rise@0.000ns fall@4.000ns period=8.000ns})
  Path Group:             clk_125_clk_bd_clk_wiz_0_0
  Path Type:              Hold (Min at Fast Process Corner)
  Requirement:            0.000ns  (clk_125_clk_bd_clk_wiz_0_0 rise@0.000ns - clk_125_clk_bd_clk_wiz_0_0 rise@0.000ns)
  Data Path Delay:        0.240ns  (logic 0.186ns (77.466%)  route 0.054ns (22.534%))
  Logic Levels:           1  (LUT5=1)
  Clock Path Skew:        0.013ns (DCD - SCD - CPR)
    Destination Clock Delay (DCD):    1.968ns
    Source Clock Delay      (SCD):    1.611ns
    Clock Pessimism Removal (CPR):    0.344ns

    Location             Delay type                Incr(ns)  Path(ns)    Netlist Resource(s)
  -------------------------------------------------------------------    -------------------
                         (clock clk_125_clk_bd_clk_wiz_0_0 rise edge)
                                                      0.000     0.000 r  
    U18                                               0.000     0.000 r  adc_clk_p_i (IN)
                         net (fo=0)                   0.000     0.000    design_1_i/clk_0/U0/clk_wiz_0/inst/clk_in1_p
    U18                  IBUFDS (Prop_ibufds_I_O)     0.401     0.401 r  design_1_i/clk_0/U0/clk_wiz_0/inst/clkin1_ibufgds/O
                         net (fo=1, routed)           0.627     1.029    design_1_i/clk_0/U0/clk_wiz_0/inst/clk_in1_clk_bd_clk_wiz_0_0_buf
    BUFGCTRL_X0Y4        BUFG (Prop_bufg_I_O)         0.027     1.056 r  design_1_i/clk_0/U0/clk_wiz_0/inst/clkin1_bufg1/O
                         net (fo=1, routed)           0.546     1.601    design_1_i/clk_0/U0/clk_wiz_0/inst/clk_in1_clk_bd_clk_wiz_0_0
    MMCME2_ADV_X0Y0      MMCME2_ADV (Prop_mmcme2_adv_CLKIN1_CLKOUT0)
                                                     -1.053     0.548 r  design_1_i/clk_0/U0/clk_wiz_0/inst/mmcm_adv_inst/CLKOUT0
                         net (fo=1, routed)           0.482     1.030    design_1_i/clk_0/U0/clk_wiz_0/inst/clk_125_clk_bd_clk_wiz_0_0
    BUFGCTRL_X0Y0        BUFG (Prop_bufg_I_O)         0.026     1.056 r  design_1_i/clk_0/U0/clk_wiz_0/inst/clkout1_buf/O
                         net (fo=2421, routed)        0.556     1.611    design_1_i/axi_gpio_6/U0/gpio_core_1/s_axi_aclk
    SLICE_X31Y18         FDRE                                         r  design_1_i/axi_gpio_6/U0/gpio_core_1/Dual.ALLOUT1_ND_G2.READ_REG2_GEN[10].reg3_reg[26]/C
  -------------------------------------------------------------------    -------------------
    SLICE_X31Y18         FDRE (Prop_fdre_C_Q)         0.141     1.752 r  design_1_i/axi_gpio_6/U0/gpio_core_1/Dual.ALLOUT1_ND_G2.READ_REG2_GEN[10].reg3_reg[26]/Q
                         net (fo=1, routed)           0.054     1.806    design_1_i/axi_gpio_6/U0/AXI_LITE_IPIF_I/I_SLAVE_ATTACHMENT/I_DECODER/Dual.ALLOUT1_ND_G2.READ_REG2_GEN[10].reg3_reg
    SLICE_X30Y18         LUT5 (Prop_lut5_I3_O)        0.045     1.851 r  design_1_i/axi_gpio_6/U0/AXI_LITE_IPIF_I/I_SLAVE_ATTACHMENT/I_DECODER/ip2bus_data_i_D1[26]_i_1/O
                         net (fo=1, routed)           0.000     1.851    design_1_i/axi_gpio_6/U0/ip2bus_data[26]
    SLICE_X30Y18         FDRE                                         r  design_1_i/axi_gpio_6/U0/ip2bus_data_i_D1_reg[26]/D
  -------------------------------------------------------------------    -------------------

                         (clock clk_125_clk_bd_clk_wiz_0_0 rise edge)
                                                      0.000     0.000 r  
    U18                                               0.000     0.000 r  adc_clk_p_i (IN)
                         net (fo=0)                   0.000     0.000    design_1_i/clk_0/U0/clk_wiz_0/inst/clk_in1_p
    U18                  IBUFDS (Prop_ibufds_I_O)     0.433     0.433 r  design_1_i/clk_0/U0/clk_wiz_0/inst/clkin1_ibufgds/O
                         net (fo=1, routed)           0.683     1.116    design_1_i/clk_0/U0/clk_wiz_0/inst/clk_in1_clk_bd_clk_wiz_0_0_buf
    BUFGCTRL_X0Y4        BUFG (Prop_bufg_I_O)         0.030     1.146 r  design_1_i/clk_0/U0/clk_wiz_0/inst/clkin1_bufg1/O
                         net (fo=1, routed)           0.812     1.958    design_1_i/clk_0/U0/clk_wiz_0/inst/clk_in1_clk_bd_clk_wiz_0_0
    MMCME2_ADV_X0Y0      MMCME2_ADV (Prop_mmcme2_adv_CLKIN1_CLKOUT0)
                                                     -1.369     0.589 r  design_1_i/clk_0/U0/clk_wiz_0/inst/mmcm_adv_inst/CLKOUT0
                         net (fo=1, routed)           0.528     1.117    design_1_i/clk_0/U0/clk_wiz_0/inst/clk_125_clk_bd_clk_wiz_0_0
    BUFGCTRL_X0Y0        BUFG (Prop_bufg_I_O)         0.029     1.146 r  design_1_i/clk_0/U0/clk_wiz_0/inst/clkout1_buf/O
                         net (fo=2421, routed)        0.822     1.968    design_1_i/axi_gpio_6/U0/s_axi_aclk
    SLICE_X30Y18         FDRE                                         r  design_1_i/axi_gpio_6/U0/ip2bus_data_i_D1_reg[26]/C
                         clock pessimism             -0.344     1.624    
    SLICE_X30Y18         FDRE (Hold_fdre_C_D)         0.121     1.745    design_1_i/axi_gpio_6/U0/ip2bus_data_i_D1_reg[26]
  -------------------------------------------------------------------
                         required time                         -1.745    
                         arrival time                           1.851    
  -------------------------------------------------------------------
                         slack                                  0.106    

Slack (MET) :             0.106ns  (arrival time - required time)
  Source:                 design_1_i/axi_gpio_7/U0/gpio_core_1/Dual.ALLOUT1_ND_G2.READ_REG2_GEN[1].reg3_reg[17]/C
                            (rising edge-triggered cell FDRE clocked by clk_125_clk_bd_clk_wiz_0_0  {rise@0.000ns fall@4.000ns period=8.000ns})
  Destination:            design_1_i/axi_gpio_7/U0/ip2bus_data_i_D1_reg[17]/D
                            (rising edge-triggered cell FDRE clocked by clk_125_clk_bd_clk_wiz_0_0  {rise@0.000ns fall@4.000ns period=8.000ns})
  Path Group:             clk_125_clk_bd_clk_wiz_0_0
  Path Type:              Hold (Min at Fast Process Corner)
  Requirement:            0.000ns  (clk_125_clk_bd_clk_wiz_0_0 rise@0.000ns - clk_125_clk_bd_clk_wiz_0_0 rise@0.000ns)
  Data Path Delay:        0.240ns  (logic 0.186ns (77.466%)  route 0.054ns (22.534%))
  Logic Levels:           1  (LUT5=1)
  Clock Path Skew:        0.013ns (DCD - SCD - CPR)
    Destination Clock Delay (DCD):    1.964ns
    Source Clock Delay      (SCD):    1.608ns
    Clock Pessimism Removal (CPR):    0.343ns

    Location             Delay type                Incr(ns)  Path(ns)    Netlist Resource(s)
  -------------------------------------------------------------------    -------------------
                         (clock clk_125_clk_bd_clk_wiz_0_0 rise edge)
                                                      0.000     0.000 r  
    U18                                               0.000     0.000 r  adc_clk_p_i (IN)
                         net (fo=0)                   0.000     0.000    design_1_i/clk_0/U0/clk_wiz_0/inst/clk_in1_p
    U18                  IBUFDS (Prop_ibufds_I_O)     0.401     0.401 r  design_1_i/clk_0/U0/clk_wiz_0/inst/clkin1_ibufgds/O
                         net (fo=1, routed)           0.627     1.029    design_1_i/clk_0/U0/clk_wiz_0/inst/clk_in1_clk_bd_clk_wiz_0_0_buf
    BUFGCTRL_X0Y4        BUFG (Prop_bufg_I_O)         0.027     1.056 r  design_1_i/clk_0/U0/clk_wiz_0/inst/clkin1_bufg1/O
                         net (fo=1, routed)           0.546     1.601    design_1_i/clk_0/U0/clk_wiz_0/inst/clk_in1_clk_bd_clk_wiz_0_0
    MMCME2_ADV_X0Y0      MMCME2_ADV (Prop_mmcme2_adv_CLKIN1_CLKOUT0)
                                                     -1.053     0.548 r  design_1_i/clk_0/U0/clk_wiz_0/inst/mmcm_adv_inst/CLKOUT0
                         net (fo=1, routed)           0.482     1.030    design_1_i/clk_0/U0/clk_wiz_0/inst/clk_125_clk_bd_clk_wiz_0_0
    BUFGCTRL_X0Y0        BUFG (Prop_bufg_I_O)         0.026     1.056 r  design_1_i/clk_0/U0/clk_wiz_0/inst/clkout1_buf/O
                         net (fo=2421, routed)        0.553     1.608    design_1_i/axi_gpio_7/U0/gpio_core_1/s_axi_aclk
    SLICE_X29Y22         FDRE                                         r  design_1_i/axi_gpio_7/U0/gpio_core_1/Dual.ALLOUT1_ND_G2.READ_REG2_GEN[1].reg3_reg[17]/C
  -------------------------------------------------------------------    -------------------
    SLICE_X29Y22         FDRE (Prop_fdre_C_Q)         0.141     1.749 r  design_1_i/axi_gpio_7/U0/gpio_core_1/Dual.ALLOUT1_ND_G2.READ_REG2_GEN[1].reg3_reg[17]/Q
                         net (fo=1, routed)           0.054     1.803    design_1_i/axi_gpio_7/U0/AXI_LITE_IPIF_I/I_SLAVE_ATTACHMENT/I_DECODER/Dual.ALLOUT1_ND_G2.READ_REG2_GEN[1].reg3_reg
    SLICE_X28Y22         LUT5 (Prop_lut5_I3_O)        0.045     1.848 r  design_1_i/axi_gpio_7/U0/AXI_LITE_IPIF_I/I_SLAVE_ATTACHMENT/I_DECODER/ip2bus_data_i_D1[17]_i_1/O
                         net (fo=1, routed)           0.000     1.848    design_1_i/axi_gpio_7/U0/ip2bus_data[17]
    SLICE_X28Y22         FDRE                                         r  design_1_i/axi_gpio_7/U0/ip2bus_data_i_D1_reg[17]/D
  -------------------------------------------------------------------    -------------------

                         (clock clk_125_clk_bd_clk_wiz_0_0 rise edge)
                                                      0.000     0.000 r  
    U18                                               0.000     0.000 r  adc_clk_p_i (IN)
                         net (fo=0)                   0.000     0.000    design_1_i/clk_0/U0/clk_wiz_0/inst/clk_in1_p
    U18                  IBUFDS (Prop_ibufds_I_O)     0.433     0.433 r  design_1_i/clk_0/U0/clk_wiz_0/inst/clkin1_ibufgds/O
                         net (fo=1, routed)           0.683     1.116    design_1_i/clk_0/U0/clk_wiz_0/inst/clk_in1_clk_bd_clk_wiz_0_0_buf
    BUFGCTRL_X0Y4        BUFG (Prop_bufg_I_O)         0.030     1.146 r  design_1_i/clk_0/U0/clk_wiz_0/inst/clkin1_bufg1/O
                         net (fo=1, routed)           0.812     1.958    design_1_i/clk_0/U0/clk_wiz_0/inst/clk_in1_clk_bd_clk_wiz_0_0
    MMCME2_ADV_X0Y0      MMCME2_ADV (Prop_mmcme2_adv_CLKIN1_CLKOUT0)
                                                     -1.369     0.589 r  design_1_i/clk_0/U0/clk_wiz_0/inst/mmcm_adv_inst/CLKOUT0
                         net (fo=1, routed)           0.528     1.117    design_1_i/clk_0/U0/clk_wiz_0/inst/clk_125_clk_bd_clk_wiz_0_0
    BUFGCTRL_X0Y0        BUFG (Prop_bufg_I_O)         0.029     1.146 r  design_1_i/clk_0/U0/clk_wiz_0/inst/clkout1_buf/O
                         net (fo=2421, routed)        0.818     1.964    design_1_i/axi_gpio_7/U0/s_axi_aclk
    SLICE_X28Y22         FDRE                                         r  design_1_i/axi_gpio_7/U0/ip2bus_data_i_D1_reg[17]/C
                         clock pessimism             -0.343     1.621    
    SLICE_X28Y22         FDRE (Hold_fdre_C_D)         0.121     1.742    design_1_i/axi_gpio_7/U0/ip2bus_data_i_D1_reg[17]
  -------------------------------------------------------------------
                         required time                         -1.742    
                         arrival time                           1.848    
  -------------------------------------------------------------------
                         slack                                  0.106    

Slack (MET) :             0.106ns  (arrival time - required time)
  Source:                 design_1_i/axi_gpio_7/U0/gpio_core_1/Dual.ALLOUT0_ND_G1.READ_REG_GEN[2].reg1_reg[18]/C
                            (rising edge-triggered cell FDRE clocked by clk_125_clk_bd_clk_wiz_0_0  {rise@0.000ns fall@4.000ns period=8.000ns})
  Destination:            design_1_i/axi_gpio_7/U0/ip2bus_data_i_D1_reg[18]/D
                            (rising edge-triggered cell FDRE clocked by clk_125_clk_bd_clk_wiz_0_0  {rise@0.000ns fall@4.000ns period=8.000ns})
  Path Group:             clk_125_clk_bd_clk_wiz_0_0
  Path Type:              Hold (Min at Fast Process Corner)
  Requirement:            0.000ns  (clk_125_clk_bd_clk_wiz_0_0 rise@0.000ns - clk_125_clk_bd_clk_wiz_0_0 rise@0.000ns)
  Data Path Delay:        0.240ns  (logic 0.186ns (77.466%)  route 0.054ns (22.534%))
  Logic Levels:           1  (LUT5=1)
  Clock Path Skew:        0.013ns (DCD - SCD - CPR)
    Destination Clock Delay (DCD):    1.964ns
    Source Clock Delay      (SCD):    1.608ns
    Clock Pessimism Removal (CPR):    0.343ns

    Location             Delay type                Incr(ns)  Path(ns)    Netlist Resource(s)
  -------------------------------------------------------------------    -------------------
                         (clock clk_125_clk_bd_clk_wiz_0_0 rise edge)
                                                      0.000     0.000 r  
    U18                                               0.000     0.000 r  adc_clk_p_i (IN)
                         net (fo=0)                   0.000     0.000    design_1_i/clk_0/U0/clk_wiz_0/inst/clk_in1_p
    U18                  IBUFDS (Prop_ibufds_I_O)     0.401     0.401 r  design_1_i/clk_0/U0/clk_wiz_0/inst/clkin1_ibufgds/O
                         net (fo=1, routed)           0.627     1.029    design_1_i/clk_0/U0/clk_wiz_0/inst/clk_in1_clk_bd_clk_wiz_0_0_buf
    BUFGCTRL_X0Y4        BUFG (Prop_bufg_I_O)         0.027     1.056 r  design_1_i/clk_0/U0/clk_wiz_0/inst/clkin1_bufg1/O
                         net (fo=1, routed)           0.546     1.601    design_1_i/clk_0/U0/clk_wiz_0/inst/clk_in1_clk_bd_clk_wiz_0_0
    MMCME2_ADV_X0Y0      MMCME2_ADV (Prop_mmcme2_adv_CLKIN1_CLKOUT0)
                                                     -1.053     0.548 r  design_1_i/clk_0/U0/clk_wiz_0/inst/mmcm_adv_inst/CLKOUT0
                         net (fo=1, routed)           0.482     1.030    design_1_i/clk_0/U0/clk_wiz_0/inst/clk_125_clk_bd_clk_wiz_0_0
    BUFGCTRL_X0Y0        BUFG (Prop_bufg_I_O)         0.026     1.056 r  design_1_i/clk_0/U0/clk_wiz_0/inst/clkout1_buf/O
                         net (fo=2421, routed)        0.553     1.608    design_1_i/axi_gpio_7/U0/gpio_core_1/s_axi_aclk
    SLICE_X29Y22         FDRE                                         r  design_1_i/axi_gpio_7/U0/gpio_core_1/Dual.ALLOUT0_ND_G1.READ_REG_GEN[2].reg1_reg[18]/C
  -------------------------------------------------------------------    -------------------
    SLICE_X29Y22         FDRE (Prop_fdre_C_Q)         0.141     1.749 r  design_1_i/axi_gpio_7/U0/gpio_core_1/Dual.ALLOUT0_ND_G1.READ_REG_GEN[2].reg1_reg[18]/Q
                         net (fo=1, routed)           0.054     1.803    design_1_i/axi_gpio_7/U0/AXI_LITE_IPIF_I/I_SLAVE_ATTACHMENT/I_DECODER/Dual.ALLOUT0_ND_G1.READ_REG_GEN[2].reg1_reg
    SLICE_X28Y22         LUT5 (Prop_lut5_I2_O)        0.045     1.848 r  design_1_i/axi_gpio_7/U0/AXI_LITE_IPIF_I/I_SLAVE_ATTACHMENT/I_DECODER/ip2bus_data_i_D1[18]_i_1/O
                         net (fo=1, routed)           0.000     1.848    design_1_i/axi_gpio_7/U0/ip2bus_data[18]
    SLICE_X28Y22         FDRE                                         r  design_1_i/axi_gpio_7/U0/ip2bus_data_i_D1_reg[18]/D
  -------------------------------------------------------------------    -------------------

                         (clock clk_125_clk_bd_clk_wiz_0_0 rise edge)
                                                      0.000     0.000 r  
    U18                                               0.000     0.000 r  adc_clk_p_i (IN)
                         net (fo=0)                   0.000     0.000    design_1_i/clk_0/U0/clk_wiz_0/inst/clk_in1_p
    U18                  IBUFDS (Prop_ibufds_I_O)     0.433     0.433 r  design_1_i/clk_0/U0/clk_wiz_0/inst/clkin1_ibufgds/O
                         net (fo=1, routed)           0.683     1.116    design_1_i/clk_0/U0/clk_wiz_0/inst/clk_in1_clk_bd_clk_wiz_0_0_buf
    BUFGCTRL_X0Y4        BUFG (Prop_bufg_I_O)         0.030     1.146 r  design_1_i/clk_0/U0/clk_wiz_0/inst/clkin1_bufg1/O
                         net (fo=1, routed)           0.812     1.958    design_1_i/clk_0/U0/clk_wiz_0/inst/clk_in1_clk_bd_clk_wiz_0_0
    MMCME2_ADV_X0Y0      MMCME2_ADV (Prop_mmcme2_adv_CLKIN1_CLKOUT0)
                                                     -1.369     0.589 r  design_1_i/clk_0/U0/clk_wiz_0/inst/mmcm_adv_inst/CLKOUT0
                         net (fo=1, routed)           0.528     1.117    design_1_i/clk_0/U0/clk_wiz_0/inst/clk_125_clk_bd_clk_wiz_0_0
    BUFGCTRL_X0Y0        BUFG (Prop_bufg_I_O)         0.029     1.146 r  design_1_i/clk_0/U0/clk_wiz_0/inst/clkout1_buf/O
                         net (fo=2421, routed)        0.818     1.964    design_1_i/axi_gpio_7/U0/s_axi_aclk
    SLICE_X28Y22         FDRE                                         r  design_1_i/axi_gpio_7/U0/ip2bus_data_i_D1_reg[18]/C
                         clock pessimism             -0.343     1.621    
    SLICE_X28Y22         FDRE (Hold_fdre_C_D)         0.121     1.742    design_1_i/axi_gpio_7/U0/ip2bus_data_i_D1_reg[18]
  -------------------------------------------------------------------
                         required time                         -1.742    
                         arrival time                           1.848    
  -------------------------------------------------------------------
                         slack                                  0.106    

Slack (MET) :             0.107ns  (arrival time - required time)
  Source:                 design_1_i/axi_gpio_6/U0/AXI_LITE_IPIF_I/I_SLAVE_ATTACHMENT/FSM_onehot_state_reg[0]/C
                            (rising edge-triggered cell FDSE clocked by clk_125_clk_bd_clk_wiz_0_0  {rise@0.000ns fall@4.000ns period=8.000ns})
  Destination:            design_1_i/axi_gpio_6/U0/AXI_LITE_IPIF_I/I_SLAVE_ATTACHMENT/FSM_onehot_state_reg[2]/D
                            (rising edge-triggered cell FDRE clocked by clk_125_clk_bd_clk_wiz_0_0  {rise@0.000ns fall@4.000ns period=8.000ns})
  Path Group:             clk_125_clk_bd_clk_wiz_0_0
  Path Type:              Hold (Min at Fast Process Corner)
  Requirement:            0.000ns  (clk_125_clk_bd_clk_wiz_0_0 rise@0.000ns - clk_125_clk_bd_clk_wiz_0_0 rise@0.000ns)
  Data Path Delay:        0.460ns  (logic 0.209ns (45.399%)  route 0.251ns (54.601%))
  Logic Levels:           1  (LUT6=1)
  Clock Path Skew:        0.261ns (DCD - SCD - CPR)
    Destination Clock Delay (DCD):    1.963ns
    Source Clock Delay      (SCD):    1.606ns
    Clock Pessimism Removal (CPR):    0.095ns

    Location             Delay type                Incr(ns)  Path(ns)    Netlist Resource(s)
  -------------------------------------------------------------------    -------------------
                         (clock clk_125_clk_bd_clk_wiz_0_0 rise edge)
                                                      0.000     0.000 r  
    U18                                               0.000     0.000 r  adc_clk_p_i (IN)
                         net (fo=0)                   0.000     0.000    design_1_i/clk_0/U0/clk_wiz_0/inst/clk_in1_p
    U18                  IBUFDS (Prop_ibufds_I_O)     0.401     0.401 r  design_1_i/clk_0/U0/clk_wiz_0/inst/clkin1_ibufgds/O
                         net (fo=1, routed)           0.627     1.029    design_1_i/clk_0/U0/clk_wiz_0/inst/clk_in1_clk_bd_clk_wiz_0_0_buf
    BUFGCTRL_X0Y4        BUFG (Prop_bufg_I_O)         0.027     1.056 r  design_1_i/clk_0/U0/clk_wiz_0/inst/clkin1_bufg1/O
                         net (fo=1, routed)           0.546     1.601    design_1_i/clk_0/U0/clk_wiz_0/inst/clk_in1_clk_bd_clk_wiz_0_0
    MMCME2_ADV_X0Y0      MMCME2_ADV (Prop_mmcme2_adv_CLKIN1_CLKOUT0)
                                                     -1.053     0.548 r  design_1_i/clk_0/U0/clk_wiz_0/inst/mmcm_adv_inst/CLKOUT0
                         net (fo=1, routed)           0.482     1.030    design_1_i/clk_0/U0/clk_wiz_0/inst/clk_125_clk_bd_clk_wiz_0_0
    BUFGCTRL_X0Y0        BUFG (Prop_bufg_I_O)         0.026     1.056 r  design_1_i/clk_0/U0/clk_wiz_0/inst/clkout1_buf/O
                         net (fo=2421, routed)        0.551     1.606    design_1_i/axi_gpio_6/U0/AXI_LITE_IPIF_I/I_SLAVE_ATTACHMENT/s_axi_aclk
    SLICE_X20Y29         FDSE                                         r  design_1_i/axi_gpio_6/U0/AXI_LITE_IPIF_I/I_SLAVE_ATTACHMENT/FSM_onehot_state_reg[0]/C
  -------------------------------------------------------------------    -------------------
    SLICE_X20Y29         FDSE (Prop_fdse_C_Q)         0.164     1.770 r  design_1_i/axi_gpio_6/U0/AXI_LITE_IPIF_I/I_SLAVE_ATTACHMENT/FSM_onehot_state_reg[0]/Q
                         net (fo=6, routed)           0.251     2.022    design_1_i/axi_gpio_6/U0/AXI_LITE_IPIF_I/I_SLAVE_ATTACHMENT/FSM_onehot_state_reg_n_0_[0]
    SLICE_X22Y29         LUT6 (Prop_lut6_I3_O)        0.045     2.067 r  design_1_i/axi_gpio_6/U0/AXI_LITE_IPIF_I/I_SLAVE_ATTACHMENT/FSM_onehot_state[2]_i_1/O
                         net (fo=1, routed)           0.000     2.067    design_1_i/axi_gpio_6/U0/AXI_LITE_IPIF_I/I_SLAVE_ATTACHMENT/FSM_onehot_state[2]_i_1_n_0
    SLICE_X22Y29         FDRE                                         r  design_1_i/axi_gpio_6/U0/AXI_LITE_IPIF_I/I_SLAVE_ATTACHMENT/FSM_onehot_state_reg[2]/D
  -------------------------------------------------------------------    -------------------

                         (clock clk_125_clk_bd_clk_wiz_0_0 rise edge)
                                                      0.000     0.000 r  
    U18                                               0.000     0.000 r  adc_clk_p_i (IN)
                         net (fo=0)                   0.000     0.000    design_1_i/clk_0/U0/clk_wiz_0/inst/clk_in1_p
    U18                  IBUFDS (Prop_ibufds_I_O)     0.433     0.433 r  design_1_i/clk_0/U0/clk_wiz_0/inst/clkin1_ibufgds/O
                         net (fo=1, routed)           0.683     1.116    design_1_i/clk_0/U0/clk_wiz_0/inst/clk_in1_clk_bd_clk_wiz_0_0_buf
    BUFGCTRL_X0Y4        BUFG (Prop_bufg_I_O)         0.030     1.146 r  design_1_i/clk_0/U0/clk_wiz_0/inst/clkin1_bufg1/O
                         net (fo=1, routed)           0.812     1.958    design_1_i/clk_0/U0/clk_wiz_0/inst/clk_in1_clk_bd_clk_wiz_0_0
    MMCME2_ADV_X0Y0      MMCME2_ADV (Prop_mmcme2_adv_CLKIN1_CLKOUT0)
                                                     -1.369     0.589 r  design_1_i/clk_0/U0/clk_wiz_0/inst/mmcm_adv_inst/CLKOUT0
                         net (fo=1, routed)           0.528     1.117    design_1_i/clk_0/U0/clk_wiz_0/inst/clk_125_clk_bd_clk_wiz_0_0
    BUFGCTRL_X0Y0        BUFG (Prop_bufg_I_O)         0.029     1.146 r  design_1_i/clk_0/U0/clk_wiz_0/inst/clkout1_buf/O
                         net (fo=2421, routed)        0.817     1.963    design_1_i/axi_gpio_6/U0/AXI_LITE_IPIF_I/I_SLAVE_ATTACHMENT/s_axi_aclk
    SLICE_X22Y29         FDRE                                         r  design_1_i/axi_gpio_6/U0/AXI_LITE_IPIF_I/I_SLAVE_ATTACHMENT/FSM_onehot_state_reg[2]/C
                         clock pessimism             -0.095     1.868    
    SLICE_X22Y29         FDRE (Hold_fdre_C_D)         0.092     1.960    design_1_i/axi_gpio_6/U0/AXI_LITE_IPIF_I/I_SLAVE_ATTACHMENT/FSM_onehot_state_reg[2]
  -------------------------------------------------------------------
                         required time                         -1.960    
                         arrival time                           2.067    
  -------------------------------------------------------------------
                         slack                                  0.107    

Slack (MET) :             0.109ns  (arrival time - required time)
  Source:                 design_1_i/axi_smc/inst/m04_exit_pipeline/m04_exit/inst/areset_reg/C
                            (rising edge-triggered cell FDRE clocked by clk_125_clk_bd_clk_wiz_0_0  {rise@0.000ns fall@4.000ns period=8.000ns})
  Destination:            design_1_i/axi_smc/inst/m04_exit_pipeline/m04_exit/inst/exit_inst/gen_r_cmd_reg.aresetn_d_reg[0]/D
                            (rising edge-triggered cell FDRE clocked by clk_125_clk_bd_clk_wiz_0_0  {rise@0.000ns fall@4.000ns period=8.000ns})
  Path Group:             clk_125_clk_bd_clk_wiz_0_0
  Path Type:              Hold (Min at Fast Process Corner)
  Requirement:            0.000ns  (clk_125_clk_bd_clk_wiz_0_0 rise@0.000ns - clk_125_clk_bd_clk_wiz_0_0 rise@0.000ns)
  Data Path Delay:        0.458ns  (logic 0.186ns (40.568%)  route 0.272ns (59.432%))
  Logic Levels:           1  (LUT1=1)
  Clock Path Skew:        0.258ns (DCD - SCD - CPR)
    Destination Clock Delay (DCD):    1.968ns
    Source Clock Delay      (SCD):    1.614ns
    Clock Pessimism Removal (CPR):    0.095ns

    Location             Delay type                Incr(ns)  Path(ns)    Netlist Resource(s)
  -------------------------------------------------------------------    -------------------
                         (clock clk_125_clk_bd_clk_wiz_0_0 rise edge)
                                                      0.000     0.000 r  
    U18                                               0.000     0.000 r  adc_clk_p_i (IN)
                         net (fo=0)                   0.000     0.000    design_1_i/clk_0/U0/clk_wiz_0/inst/clk_in1_p
    U18                  IBUFDS (Prop_ibufds_I_O)     0.401     0.401 r  design_1_i/clk_0/U0/clk_wiz_0/inst/clkin1_ibufgds/O
                         net (fo=1, routed)           0.627     1.029    design_1_i/clk_0/U0/clk_wiz_0/inst/clk_in1_clk_bd_clk_wiz_0_0_buf
    BUFGCTRL_X0Y4        BUFG (Prop_bufg_I_O)         0.027     1.056 r  design_1_i/clk_0/U0/clk_wiz_0/inst/clkin1_bufg1/O
                         net (fo=1, routed)           0.546     1.601    design_1_i/clk_0/U0/clk_wiz_0/inst/clk_in1_clk_bd_clk_wiz_0_0
    MMCME2_ADV_X0Y0      MMCME2_ADV (Prop_mmcme2_adv_CLKIN1_CLKOUT0)
                                                     -1.053     0.548 r  design_1_i/clk_0/U0/clk_wiz_0/inst/mmcm_adv_inst/CLKOUT0
                         net (fo=1, routed)           0.482     1.030    design_1_i/clk_0/U0/clk_wiz_0/inst/clk_125_clk_bd_clk_wiz_0_0
    BUFGCTRL_X0Y0        BUFG (Prop_bufg_I_O)         0.026     1.056 r  design_1_i/clk_0/U0/clk_wiz_0/inst/clkout1_buf/O
                         net (fo=2421, routed)        0.559     1.614    design_1_i/axi_smc/inst/m04_exit_pipeline/m04_exit/inst/aclk
    SLICE_X17Y34         FDRE                                         r  design_1_i/axi_smc/inst/m04_exit_pipeline/m04_exit/inst/areset_reg/C
  -------------------------------------------------------------------    -------------------
    SLICE_X17Y34         FDRE (Prop_fdre_C_Q)         0.141     1.755 f  design_1_i/axi_smc/inst/m04_exit_pipeline/m04_exit/inst/areset_reg/Q
                         net (fo=10, routed)          0.272     2.028    design_1_i/axi_smc/inst/m04_exit_pipeline/m04_exit/inst/exit_inst/areset
    SLICE_X23Y34         LUT1 (Prop_lut1_I0_O)        0.045     2.073 r  design_1_i/axi_smc/inst/m04_exit_pipeline/m04_exit/inst/exit_inst/gen_r_cmd_reg.aresetn_d[0]_i_1/O
                         net (fo=1, routed)           0.000     2.073    design_1_i/axi_smc/inst/m04_exit_pipeline/m04_exit/inst/exit_inst/gen_r_cmd_reg.aresetn_d[0]_i_1_n_0
    SLICE_X23Y34         FDRE                                         r  design_1_i/axi_smc/inst/m04_exit_pipeline/m04_exit/inst/exit_inst/gen_r_cmd_reg.aresetn_d_reg[0]/D
  -------------------------------------------------------------------    -------------------

                         (clock clk_125_clk_bd_clk_wiz_0_0 rise edge)
                                                      0.000     0.000 r  
    U18                                               0.000     0.000 r  adc_clk_p_i (IN)
                         net (fo=0)                   0.000     0.000    design_1_i/clk_0/U0/clk_wiz_0/inst/clk_in1_p
    U18                  IBUFDS (Prop_ibufds_I_O)     0.433     0.433 r  design_1_i/clk_0/U0/clk_wiz_0/inst/clkin1_ibufgds/O
                         net (fo=1, routed)           0.683     1.116    design_1_i/clk_0/U0/clk_wiz_0/inst/clk_in1_clk_bd_clk_wiz_0_0_buf
    BUFGCTRL_X0Y4        BUFG (Prop_bufg_I_O)         0.030     1.146 r  design_1_i/clk_0/U0/clk_wiz_0/inst/clkin1_bufg1/O
                         net (fo=1, routed)           0.812     1.958    design_1_i/clk_0/U0/clk_wiz_0/inst/clk_in1_clk_bd_clk_wiz_0_0
    MMCME2_ADV_X0Y0      MMCME2_ADV (Prop_mmcme2_adv_CLKIN1_CLKOUT0)
                                                     -1.369     0.589 r  design_1_i/clk_0/U0/clk_wiz_0/inst/mmcm_adv_inst/CLKOUT0
                         net (fo=1, routed)           0.528     1.117    design_1_i/clk_0/U0/clk_wiz_0/inst/clk_125_clk_bd_clk_wiz_0_0
    BUFGCTRL_X0Y0        BUFG (Prop_bufg_I_O)         0.029     1.146 r  design_1_i/clk_0/U0/clk_wiz_0/inst/clkout1_buf/O
                         net (fo=2421, routed)        0.822     1.968    design_1_i/axi_smc/inst/m04_exit_pipeline/m04_exit/inst/exit_inst/aclk
    SLICE_X23Y34         FDRE                                         r  design_1_i/axi_smc/inst/m04_exit_pipeline/m04_exit/inst/exit_inst/gen_r_cmd_reg.aresetn_d_reg[0]/C
                         clock pessimism             -0.095     1.873    
    SLICE_X23Y34         FDRE (Hold_fdre_C_D)         0.091     1.964    design_1_i/axi_smc/inst/m04_exit_pipeline/m04_exit/inst/exit_inst/gen_r_cmd_reg.aresetn_d_reg[0]
  -------------------------------------------------------------------
                         required time                         -1.964    
                         arrival time                           2.073    
  -------------------------------------------------------------------
                         slack                                  0.109    

Slack (MET) :             0.109ns  (arrival time - required time)
  Source:                 design_1_i/axi_gpio_6/U0/gpio_core_1/Dual.ALLOUT1_ND_G2.READ_REG2_GEN[4].reg3_reg[20]/C
                            (rising edge-triggered cell FDRE clocked by clk_125_clk_bd_clk_wiz_0_0  {rise@0.000ns fall@4.000ns period=8.000ns})
  Destination:            design_1_i/axi_gpio_6/U0/ip2bus_data_i_D1_reg[20]/D
                            (rising edge-triggered cell FDRE clocked by clk_125_clk_bd_clk_wiz_0_0  {rise@0.000ns fall@4.000ns period=8.000ns})
  Path Group:             clk_125_clk_bd_clk_wiz_0_0
  Path Type:              Hold (Min at Fast Process Corner)
  Requirement:            0.000ns  (clk_125_clk_bd_clk_wiz_0_0 rise@0.000ns - clk_125_clk_bd_clk_wiz_0_0 rise@0.000ns)
  Data Path Delay:        0.242ns  (logic 0.186ns (76.827%)  route 0.056ns (23.174%))
  Logic Levels:           1  (LUT5=1)
  Clock Path Skew:        0.013ns (DCD - SCD - CPR)
    Destination Clock Delay (DCD):    1.968ns
    Source Clock Delay      (SCD):    1.611ns
    Clock Pessimism Removal (CPR):    0.344ns

    Location             Delay type                Incr(ns)  Path(ns)    Netlist Resource(s)
  -------------------------------------------------------------------    -------------------
                         (clock clk_125_clk_bd_clk_wiz_0_0 rise edge)
                                                      0.000     0.000 r  
    U18                                               0.000     0.000 r  adc_clk_p_i (IN)
                         net (fo=0)                   0.000     0.000    design_1_i/clk_0/U0/clk_wiz_0/inst/clk_in1_p
    U18                  IBUFDS (Prop_ibufds_I_O)     0.401     0.401 r  design_1_i/clk_0/U0/clk_wiz_0/inst/clkin1_ibufgds/O
                         net (fo=1, routed)           0.627     1.029    design_1_i/clk_0/U0/clk_wiz_0/inst/clk_in1_clk_bd_clk_wiz_0_0_buf
    BUFGCTRL_X0Y4        BUFG (Prop_bufg_I_O)         0.027     1.056 r  design_1_i/clk_0/U0/clk_wiz_0/inst/clkin1_bufg1/O
                         net (fo=1, routed)           0.546     1.601    design_1_i/clk_0/U0/clk_wiz_0/inst/clk_in1_clk_bd_clk_wiz_0_0
    MMCME2_ADV_X0Y0      MMCME2_ADV (Prop_mmcme2_adv_CLKIN1_CLKOUT0)
                                                     -1.053     0.548 r  design_1_i/clk_0/U0/clk_wiz_0/inst/mmcm_adv_inst/CLKOUT0
                         net (fo=1, routed)           0.482     1.030    design_1_i/clk_0/U0/clk_wiz_0/inst/clk_125_clk_bd_clk_wiz_0_0
    BUFGCTRL_X0Y0        BUFG (Prop_bufg_I_O)         0.026     1.056 r  design_1_i/clk_0/U0/clk_wiz_0/inst/clkout1_buf/O
                         net (fo=2421, routed)        0.556     1.611    design_1_i/axi_gpio_6/U0/gpio_core_1/s_axi_aclk
    SLICE_X31Y18         FDRE                                         r  design_1_i/axi_gpio_6/U0/gpio_core_1/Dual.ALLOUT1_ND_G2.READ_REG2_GEN[4].reg3_reg[20]/C
  -------------------------------------------------------------------    -------------------
    SLICE_X31Y18         FDRE (Prop_fdre_C_Q)         0.141     1.752 r  design_1_i/axi_gpio_6/U0/gpio_core_1/Dual.ALLOUT1_ND_G2.READ_REG2_GEN[4].reg3_reg[20]/Q
                         net (fo=1, routed)           0.056     1.808    design_1_i/axi_gpio_6/U0/AXI_LITE_IPIF_I/I_SLAVE_ATTACHMENT/I_DECODER/Dual.ALLOUT1_ND_G2.READ_REG2_GEN[4].reg3_reg
    SLICE_X30Y18         LUT5 (Prop_lut5_I3_O)        0.045     1.853 r  design_1_i/axi_gpio_6/U0/AXI_LITE_IPIF_I/I_SLAVE_ATTACHMENT/I_DECODER/ip2bus_data_i_D1[20]_i_1/O
                         net (fo=1, routed)           0.000     1.853    design_1_i/axi_gpio_6/U0/ip2bus_data[20]
    SLICE_X30Y18         FDRE                                         r  design_1_i/axi_gpio_6/U0/ip2bus_data_i_D1_reg[20]/D
  -------------------------------------------------------------------    -------------------

                         (clock clk_125_clk_bd_clk_wiz_0_0 rise edge)
                                                      0.000     0.000 r  
    U18                                               0.000     0.000 r  adc_clk_p_i (IN)
                         net (fo=0)                   0.000     0.000    design_1_i/clk_0/U0/clk_wiz_0/inst/clk_in1_p
    U18                  IBUFDS (Prop_ibufds_I_O)     0.433     0.433 r  design_1_i/clk_0/U0/clk_wiz_0/inst/clkin1_ibufgds/O
                         net (fo=1, routed)           0.683     1.116    design_1_i/clk_0/U0/clk_wiz_0/inst/clk_in1_clk_bd_clk_wiz_0_0_buf
    BUFGCTRL_X0Y4        BUFG (Prop_bufg_I_O)         0.030     1.146 r  design_1_i/clk_0/U0/clk_wiz_0/inst/clkin1_bufg1/O
                         net (fo=1, routed)           0.812     1.958    design_1_i/clk_0/U0/clk_wiz_0/inst/clk_in1_clk_bd_clk_wiz_0_0
    MMCME2_ADV_X0Y0      MMCME2_ADV (Prop_mmcme2_adv_CLKIN1_CLKOUT0)
                                                     -1.369     0.589 r  design_1_i/clk_0/U0/clk_wiz_0/inst/mmcm_adv_inst/CLKOUT0
                         net (fo=1, routed)           0.528     1.117    design_1_i/clk_0/U0/clk_wiz_0/inst/clk_125_clk_bd_clk_wiz_0_0
    BUFGCTRL_X0Y0        BUFG (Prop_bufg_I_O)         0.029     1.146 r  design_1_i/clk_0/U0/clk_wiz_0/inst/clkout1_buf/O
                         net (fo=2421, routed)        0.822     1.968    design_1_i/axi_gpio_6/U0/s_axi_aclk
    SLICE_X30Y18         FDRE                                         r  design_1_i/axi_gpio_6/U0/ip2bus_data_i_D1_reg[20]/C
                         clock pessimism             -0.344     1.624    
    SLICE_X30Y18         FDRE (Hold_fdre_C_D)         0.120     1.744    design_1_i/axi_gpio_6/U0/ip2bus_data_i_D1_reg[20]
  -------------------------------------------------------------------
                         required time                         -1.744    
                         arrival time                           1.853    
  -------------------------------------------------------------------
                         slack                                  0.109    

Slack (MET) :             0.109ns  (arrival time - required time)
  Source:                 design_1_i/axi_gpio_6/U0/gpio_core_1/Dual.ALLOUT1_ND_G2.READ_REG2_GEN[0].reg3_reg[16]/C
                            (rising edge-triggered cell FDRE clocked by clk_125_clk_bd_clk_wiz_0_0  {rise@0.000ns fall@4.000ns period=8.000ns})
  Destination:            design_1_i/axi_gpio_6/U0/ip2bus_data_i_D1_reg[16]/D
                            (rising edge-triggered cell FDRE clocked by clk_125_clk_bd_clk_wiz_0_0  {rise@0.000ns fall@4.000ns period=8.000ns})
  Path Group:             clk_125_clk_bd_clk_wiz_0_0
  Path Type:              Hold (Min at Fast Process Corner)
  Requirement:            0.000ns  (clk_125_clk_bd_clk_wiz_0_0 rise@0.000ns - clk_125_clk_bd_clk_wiz_0_0 rise@0.000ns)
  Data Path Delay:        0.242ns  (logic 0.186ns (76.827%)  route 0.056ns (23.174%))
  Logic Levels:           1  (LUT5=1)
  Clock Path Skew:        0.013ns (DCD - SCD - CPR)
    Destination Clock Delay (DCD):    1.965ns
    Source Clock Delay      (SCD):    1.608ns
    Clock Pessimism Removal (CPR):    0.344ns

    Location             Delay type                Incr(ns)  Path(ns)    Netlist Resource(s)
  -------------------------------------------------------------------    -------------------
                         (clock clk_125_clk_bd_clk_wiz_0_0 rise edge)
                                                      0.000     0.000 r  
    U18                                               0.000     0.000 r  adc_clk_p_i (IN)
                         net (fo=0)                   0.000     0.000    design_1_i/clk_0/U0/clk_wiz_0/inst/clk_in1_p
    U18                  IBUFDS (Prop_ibufds_I_O)     0.401     0.401 r  design_1_i/clk_0/U0/clk_wiz_0/inst/clkin1_ibufgds/O
                         net (fo=1, routed)           0.627     1.029    design_1_i/clk_0/U0/clk_wiz_0/inst/clk_in1_clk_bd_clk_wiz_0_0_buf
    BUFGCTRL_X0Y4        BUFG (Prop_bufg_I_O)         0.027     1.056 r  design_1_i/clk_0/U0/clk_wiz_0/inst/clkin1_bufg1/O
                         net (fo=1, routed)           0.546     1.601    design_1_i/clk_0/U0/clk_wiz_0/inst/clk_in1_clk_bd_clk_wiz_0_0
    MMCME2_ADV_X0Y0      MMCME2_ADV (Prop_mmcme2_adv_CLKIN1_CLKOUT0)
                                                     -1.053     0.548 r  design_1_i/clk_0/U0/clk_wiz_0/inst/mmcm_adv_inst/CLKOUT0
                         net (fo=1, routed)           0.482     1.030    design_1_i/clk_0/U0/clk_wiz_0/inst/clk_125_clk_bd_clk_wiz_0_0
    BUFGCTRL_X0Y0        BUFG (Prop_bufg_I_O)         0.026     1.056 r  design_1_i/clk_0/U0/clk_wiz_0/inst/clkout1_buf/O
                         net (fo=2421, routed)        0.553     1.608    design_1_i/axi_gpio_6/U0/gpio_core_1/s_axi_aclk
    SLICE_X29Y21         FDRE                                         r  design_1_i/axi_gpio_6/U0/gpio_core_1/Dual.ALLOUT1_ND_G2.READ_REG2_GEN[0].reg3_reg[16]/C
  -------------------------------------------------------------------    -------------------
    SLICE_X29Y21         FDRE (Prop_fdre_C_Q)         0.141     1.749 r  design_1_i/axi_gpio_6/U0/gpio_core_1/Dual.ALLOUT1_ND_G2.READ_REG2_GEN[0].reg3_reg[16]/Q
                         net (fo=1, routed)           0.056     1.805    design_1_i/axi_gpio_6/U0/AXI_LITE_IPIF_I/I_SLAVE_ATTACHMENT/I_DECODER/Dual.ALLOUT1_ND_G2.READ_REG2_GEN[0].reg3_reg
    SLICE_X28Y21         LUT5 (Prop_lut5_I3_O)        0.045     1.850 r  design_1_i/axi_gpio_6/U0/AXI_LITE_IPIF_I/I_SLAVE_ATTACHMENT/I_DECODER/ip2bus_data_i_D1[16]_i_1/O
                         net (fo=1, routed)           0.000     1.850    design_1_i/axi_gpio_6/U0/ip2bus_data[16]
    SLICE_X28Y21         FDRE                                         r  design_1_i/axi_gpio_6/U0/ip2bus_data_i_D1_reg[16]/D
  -------------------------------------------------------------------    -------------------

                         (clock clk_125_clk_bd_clk_wiz_0_0 rise edge)
                                                      0.000     0.000 r  
    U18                                               0.000     0.000 r  adc_clk_p_i (IN)
                         net (fo=0)                   0.000     0.000    design_1_i/clk_0/U0/clk_wiz_0/inst/clk_in1_p
    U18                  IBUFDS (Prop_ibufds_I_O)     0.433     0.433 r  design_1_i/clk_0/U0/clk_wiz_0/inst/clkin1_ibufgds/O
                         net (fo=1, routed)           0.683     1.116    design_1_i/clk_0/U0/clk_wiz_0/inst/clk_in1_clk_bd_clk_wiz_0_0_buf
    BUFGCTRL_X0Y4        BUFG (Prop_bufg_I_O)         0.030     1.146 r  design_1_i/clk_0/U0/clk_wiz_0/inst/clkin1_bufg1/O
                         net (fo=1, routed)           0.812     1.958    design_1_i/clk_0/U0/clk_wiz_0/inst/clk_in1_clk_bd_clk_wiz_0_0
    MMCME2_ADV_X0Y0      MMCME2_ADV (Prop_mmcme2_adv_CLKIN1_CLKOUT0)
                                                     -1.369     0.589 r  design_1_i/clk_0/U0/clk_wiz_0/inst/mmcm_adv_inst/CLKOUT0
                         net (fo=1, routed)           0.528     1.117    design_1_i/clk_0/U0/clk_wiz_0/inst/clk_125_clk_bd_clk_wiz_0_0
    BUFGCTRL_X0Y0        BUFG (Prop_bufg_I_O)         0.029     1.146 r  design_1_i/clk_0/U0/clk_wiz_0/inst/clkout1_buf/O
                         net (fo=2421, routed)        0.819     1.965    design_1_i/axi_gpio_6/U0/s_axi_aclk
    SLICE_X28Y21         FDRE                                         r  design_1_i/axi_gpio_6/U0/ip2bus_data_i_D1_reg[16]/C
                         clock pessimism             -0.344     1.621    
    SLICE_X28Y21         FDRE (Hold_fdre_C_D)         0.120     1.741    design_1_i/axi_gpio_6/U0/ip2bus_data_i_D1_reg[16]
  -------------------------------------------------------------------
                         required time                         -1.741    
                         arrival time                           1.850    
  -------------------------------------------------------------------
                         slack                                  0.109    





Pulse Width Checks
--------------------------------------------------------------------------------------
Clock Name:         clk_125_clk_bd_clk_wiz_0_0
Waveform(ns):       { 0.000 4.000 }
Period(ns):         8.000
Sources:            { design_1_i/clk_0/U0/clk_wiz_0/inst/mmcm_adv_inst/CLKOUT0 }

Check Type        Corner  Lib Pin             Reference Pin  Required(ns)  Actual(ns)  Slack(ns)  Location         Pin
Min Period        n/a     DSP48E1/CLK         n/a            3.558         8.000       4.442      DSP48_X1Y9       design_1_i/adc_calibrator_0/inst/gain_product_reg_reg/CLK
Min Period        n/a     DSP48E1/CLK         n/a            3.558         8.000       4.442      DSP48_X1Y7       design_1_i/adc_calibrator_1/inst/gain_product_reg_reg/CLK
Min Period        n/a     BUFG/I              n/a            2.155         8.000       5.845      BUFGCTRL_X0Y0    design_1_i/clk_0/U0/clk_wiz_0/inst/clkout1_buf/I
Min Period        n/a     DSP48E1/CLK         n/a            2.154         8.000       5.846      DSP48_X1Y10      design_1_i/dac_calibrator_0/inst/gain_product_reg_reg/CLK
Min Period        n/a     DSP48E1/CLK         n/a            2.154         8.000       5.846      DSP48_X1Y11      design_1_i/dac_calibrator_1/inst/gain_product_reg_reg/CLK
Min Period        n/a     DSP48E1/CLK         n/a            2.154         8.000       5.846      DSP48_X0Y6       design_1_i/offset_scale_ctrl_0/inst/i_product_s3_reg/CLK
Min Period        n/a     DSP48E1/CLK         n/a            2.154         8.000       5.846      DSP48_X0Y7       design_1_i/offset_scale_ctrl_0/inst/p_product_s3_reg/CLK
Min Period        n/a     DSP48E1/CLK         n/a            2.154         8.000       5.846      DSP48_X0Y4       design_1_i/offset_scale_ctrl_1/inst/i_product_s3_reg/CLK
Min Period        n/a     DSP48E1/CLK         n/a            2.154         8.000       5.846      DSP48_X0Y5       design_1_i/offset_scale_ctrl_1/inst/p_product_s3_reg/CLK
Min Period        n/a     FDRE/C              n/a            1.474         8.000       6.526      ILOGIC_X0Y35     design_1_i/adc_0/U0/ADC_0/U0/data_1_reg[0]/C
Min Period        n/a     FDRE/C              n/a            1.474         8.000       6.526      ILOGIC_X0Y39     design_1_i/adc_0/U0/ADC_0/U0/data_1_reg[10]/C
Min Period        n/a     FDRE/C              n/a            1.474         8.000       6.526      ILOGIC_X0Y30     design_1_i/adc_0/U0/ADC_0/U0/data_1_reg[11]/C
Min Period        n/a     FDRE/C              n/a            1.474         8.000       6.526      ILOGIC_X0Y32     design_1_i/adc_0/U0/ADC_0/U0/data_1_reg[12]/C
Min Period        n/a     FDRE/C              n/a            1.474         8.000       6.526      ILOGIC_X0Y14     design_1_i/adc_0/U0/ADC_0/U0/data_1_reg[13]/C
Min Period        n/a     FDRE/C              n/a            1.474         8.000       6.526      ILOGIC_X0Y13     design_1_i/adc_0/U0/ADC_0/U0/data_1_reg[1]/C
Min Period        n/a     FDRE/C              n/a            1.474         8.000       6.526      ILOGIC_X0Y36     design_1_i/adc_0/U0/ADC_0/U0/data_1_reg[2]/C
Min Period        n/a     FDRE/C              n/a            1.474         8.000       6.526      ILOGIC_X0Y29     design_1_i/adc_0/U0/ADC_0/U0/data_1_reg[3]/C
Min Period        n/a     FDRE/C              n/a            1.474         8.000       6.526      ILOGIC_X0Y34     design_1_i/adc_0/U0/ADC_0/U0/data_1_reg[4]/C
Min Period        n/a     FDRE/C              n/a            1.474         8.000       6.526      ILOGIC_X0Y33     design_1_i/adc_0/U0/ADC_0/U0/data_1_reg[5]/C
Min Period        n/a     FDRE/C              n/a            1.474         8.000       6.526      ILOGIC_X0Y41     design_1_i/adc_0/U0/ADC_0/U0/data_1_reg[6]/C
Max Period        n/a     MMCME2_ADV/CLKOUT0  n/a            213.360       8.000       205.360    MMCME2_ADV_X0Y0  design_1_i/clk_0/U0/clk_wiz_0/inst/mmcm_adv_inst/CLKOUT0
Low Pulse Width   Slow    SRL16E/CLK          n/a            0.980         4.000       3.020      SLICE_X4Y17      design_1_i/axi_smc/inst/clk_map/psr_aclk/U0/EXT_LPF/POR_SRL_I/CLK
Low Pulse Width   Fast    SRL16E/CLK          n/a            0.980         4.000       3.020      SLICE_X4Y17      design_1_i/axi_smc/inst/clk_map/psr_aclk/U0/EXT_LPF/POR_SRL_I/CLK
Low Pulse Width   Slow    SRL16E/CLK          n/a            0.980         4.000       3.020      SLICE_X38Y27     design_1_i/proc_sys_reset_0/U0/EXT_LPF/POR_SRL_I/CLK
Low Pulse Width   Fast    SRL16E/CLK          n/a            0.980         4.000       3.020      SLICE_X38Y27     design_1_i/proc_sys_reset_0/U0/EXT_LPF/POR_SRL_I/CLK
Low Pulse Width   Slow    FDRE/C              n/a            0.500         4.000       3.500      SLICE_X26Y14     design_1_i/adc_0/U0/ADC_0/U0/valid_reg/C
Low Pulse Width   Fast    FDRE/C              n/a            0.500         4.000       3.500      SLICE_X26Y14     design_1_i/adc_0/U0/ADC_0/U0/valid_reg/C
Low Pulse Width   Slow    FDRE/C              n/a            0.500         4.000       3.500      SLICE_X26Y20     design_1_i/adc_calibrator_0/inst/data_o_tdata_reg[0]/C
Low Pulse Width   Fast    FDRE/C              n/a            0.500         4.000       3.500      SLICE_X26Y20     design_1_i/adc_calibrator_0/inst/data_o_tdata_reg[0]/C
Low Pulse Width   Slow    FDRE/C              n/a            0.500         4.000       3.500      SLICE_X26Y20     design_1_i/adc_calibrator_0/inst/data_o_tdata_reg[10]/C
Low Pulse Width   Fast    FDRE/C              n/a            0.500         4.000       3.500      SLICE_X26Y20     design_1_i/adc_calibrator_0/inst/data_o_tdata_reg[10]/C
Low Pulse Width   Slow    FDRE/C              n/a            0.500         4.000       3.500      SLICE_X26Y19     design_1_i/adc_calibrator_0/inst/data_o_tdata_reg[11]/C
Low Pulse Width   Fast    FDRE/C              n/a            0.500         4.000       3.500      SLICE_X26Y19     design_1_i/adc_calibrator_0/inst/data_o_tdata_reg[11]/C
Low Pulse Width   Slow    FDRE/C              n/a            0.500         4.000       3.500      SLICE_X26Y19     design_1_i/adc_calibrator_0/inst/data_o_tdata_reg[12]/C
Low Pulse Width   Fast    FDRE/C              n/a            0.500         4.000       3.500      SLICE_X26Y19     design_1_i/adc_calibrator_0/inst/data_o_tdata_reg[12]/C
Low Pulse Width   Slow    FDRE/C              n/a            0.500         4.000       3.500      SLICE_X26Y20     design_1_i/adc_calibrator_0/inst/data_o_tdata_reg[13]/C
Low Pulse Width   Fast    FDRE/C              n/a            0.500         4.000       3.500      SLICE_X26Y20     design_1_i/adc_calibrator_0/inst/data_o_tdata_reg[13]/C
Low Pulse Width   Slow    FDRE/C              n/a            0.500         4.000       3.500      SLICE_X26Y20     design_1_i/adc_calibrator_0/inst/data_o_tdata_reg[14]/C
Low Pulse Width   Fast    FDRE/C              n/a            0.500         4.000       3.500      SLICE_X26Y20     design_1_i/adc_calibrator_0/inst/data_o_tdata_reg[14]/C
Low Pulse Width   Slow    FDRE/C              n/a            0.500         4.000       3.500      SLICE_X26Y20     design_1_i/adc_calibrator_0/inst/data_o_tdata_reg[15]/C
Low Pulse Width   Fast    FDRE/C              n/a            0.500         4.000       3.500      SLICE_X26Y20     design_1_i/adc_calibrator_0/inst/data_o_tdata_reg[15]/C
High Pulse Width  Slow    SRL16E/CLK          n/a            0.980         4.000       3.020      SLICE_X4Y17      design_1_i/axi_smc/inst/clk_map/psr_aclk/U0/EXT_LPF/POR_SRL_I/CLK
High Pulse Width  Fast    SRL16E/CLK          n/a            0.980         4.000       3.020      SLICE_X4Y17      design_1_i/axi_smc/inst/clk_map/psr_aclk/U0/EXT_LPF/POR_SRL_I/CLK
High Pulse Width  Slow    SRL16E/CLK          n/a            0.980         4.000       3.020      SLICE_X38Y27     design_1_i/proc_sys_reset_0/U0/EXT_LPF/POR_SRL_I/CLK
High Pulse Width  Fast    SRL16E/CLK          n/a            0.980         4.000       3.020      SLICE_X38Y27     design_1_i/proc_sys_reset_0/U0/EXT_LPF/POR_SRL_I/CLK
High Pulse Width  Slow    FDRE/C              n/a            0.500         4.000       3.500      SLICE_X26Y14     design_1_i/adc_0/U0/ADC_0/U0/valid_reg/C
High Pulse Width  Fast    FDRE/C              n/a            0.500         4.000       3.500      SLICE_X26Y14     design_1_i/adc_0/U0/ADC_0/U0/valid_reg/C
High Pulse Width  Slow    FDRE/C              n/a            0.500         4.000       3.500      SLICE_X26Y20     design_1_i/adc_calibrator_0/inst/data_o_tdata_reg[0]/C
High Pulse Width  Fast    FDRE/C              n/a            0.500         4.000       3.500      SLICE_X26Y20     design_1_i/adc_calibrator_0/inst/data_o_tdata_reg[0]/C
High Pulse Width  Slow    FDRE/C              n/a            0.500         4.000       3.500      SLICE_X26Y20     design_1_i/adc_calibrator_0/inst/data_o_tdata_reg[10]/C
High Pulse Width  Fast    FDRE/C              n/a            0.500         4.000       3.500      SLICE_X26Y20     design_1_i/adc_calibrator_0/inst/data_o_tdata_reg[10]/C
High Pulse Width  Slow    FDRE/C              n/a            0.500         4.000       3.500      SLICE_X26Y19     design_1_i/adc_calibrator_0/inst/data_o_tdata_reg[11]/C
High Pulse Width  Fast    FDRE/C              n/a            0.500         4.000       3.500      SLICE_X26Y19     design_1_i/adc_calibrator_0/inst/data_o_tdata_reg[11]/C
High Pulse Width  Slow    FDRE/C              n/a            0.500         4.000       3.500      SLICE_X26Y19     design_1_i/adc_calibrator_0/inst/data_o_tdata_reg[12]/C
High Pulse Width  Fast    FDRE/C              n/a            0.500         4.000       3.500      SLICE_X26Y19     design_1_i/adc_calibrator_0/inst/data_o_tdata_reg[12]/C
High Pulse Width  Slow    FDRE/C              n/a            0.500         4.000       3.500      SLICE_X26Y20     design_1_i/adc_calibrator_0/inst/data_o_tdata_reg[13]/C
High Pulse Width  Fast    FDRE/C              n/a            0.500         4.000       3.500      SLICE_X26Y20     design_1_i/adc_calibrator_0/inst/data_o_tdata_reg[13]/C
High Pulse Width  Slow    FDRE/C              n/a            0.500         4.000       3.500      SLICE_X26Y20     design_1_i/adc_calibrator_0/inst/data_o_tdata_reg[14]/C
High Pulse Width  Fast    FDRE/C              n/a            0.500         4.000       3.500      SLICE_X26Y20     design_1_i/adc_calibrator_0/inst/data_o_tdata_reg[14]/C
High Pulse Width  Slow    FDRE/C              n/a            0.500         4.000       3.500      SLICE_X26Y20     design_1_i/adc_calibrator_0/inst/data_o_tdata_reg[15]/C
High Pulse Width  Fast    FDRE/C              n/a            0.500         4.000       3.500      SLICE_X26Y20     design_1_i/adc_calibrator_0/inst/data_o_tdata_reg[15]/C



---------------------------------------------------------------------------------------------------
From Clock:  clk_250_clk_bd_clk_wiz_0_0
  To Clock:  clk_250_clk_bd_clk_wiz_0_0

Setup :           NA  Failing Endpoints,  Worst Slack           NA  ,  Total Violation           NA
Hold  :           NA  Failing Endpoints,  Worst Slack           NA  ,  Total Violation           NA
PW    :            0  Failing Endpoints,  Worst Slack        1.845ns,  Total Violation        0.000ns
---------------------------------------------------------------------------------------------------


Pulse Width Checks
--------------------------------------------------------------------------------------
Clock Name:         clk_250_clk_bd_clk_wiz_0_0
Waveform(ns):       { 0.000 2.000 }
Period(ns):         4.000
Sources:            { design_1_i/clk_0/U0/clk_wiz_0/inst/mmcm_adv_inst/CLKOUT1 }

Check Type  Corner  Lib Pin             Reference Pin  Required(ns)  Actual(ns)  Slack(ns)  Location         Pin
Min Period  n/a     BUFG/I              n/a            2.155         4.000       1.845      BUFGCTRL_X0Y1    design_1_i/clk_0/U0/clk_wiz_0/inst/clkout2_buf/I
Min Period  n/a     ODDR/C              n/a            1.474         4.000       2.526      OLOGIC_X0Y84     design_1_i/dac_0/U0/DAC_0/U0/ODDR_dac_wrt/C
Min Period  n/a     MMCME2_ADV/CLKOUT1  n/a            1.249         4.000       2.751      MMCME2_ADV_X0Y0  design_1_i/clk_0/U0/clk_wiz_0/inst/mmcm_adv_inst/CLKOUT1
Max Period  n/a     MMCME2_ADV/CLKOUT1  n/a            213.360       4.000       209.360    MMCME2_ADV_X0Y0  design_1_i/clk_0/U0/clk_wiz_0/inst/mmcm_adv_inst/CLKOUT1



---------------------------------------------------------------------------------------------------
From Clock:  clk_250_m45_clk_bd_clk_wiz_0_0
  To Clock:  clk_250_m45_clk_bd_clk_wiz_0_0

Setup :           NA  Failing Endpoints,  Worst Slack           NA  ,  Total Violation           NA
Hold  :           NA  Failing Endpoints,  Worst Slack           NA  ,  Total Violation           NA
PW    :            0  Failing Endpoints,  Worst Slack        1.845ns,  Total Violation        0.000ns
---------------------------------------------------------------------------------------------------


Pulse Width Checks
--------------------------------------------------------------------------------------
Clock Name:         clk_250_m45_clk_bd_clk_wiz_0_0
Waveform(ns):       { -0.500 1.500 }
Period(ns):         4.000
Sources:            { design_1_i/clk_0/U0/clk_wiz_0/inst/mmcm_adv_inst/CLKOUT2 }

Check Type  Corner  Lib Pin             Reference Pin  Required(ns)  Actual(ns)  Slack(ns)  Location         Pin
Min Period  n/a     BUFG/I              n/a            2.155         4.000       1.845      BUFGCTRL_X0Y2    design_1_i/clk_0/U0/clk_wiz_0/inst/clkout3_buf/I
Min Period  n/a     ODDR/C              n/a            1.474         4.000       2.526      OLOGIC_X0Y83     design_1_i/dac_0/U0/DAC_0/U0/ODDR_dac_clk/C
Min Period  n/a     MMCME2_ADV/CLKOUT2  n/a            1.249         4.000       2.751      MMCME2_ADV_X0Y0  design_1_i/clk_0/U0/clk_wiz_0/inst/mmcm_adv_inst/CLKOUT2
Max Period  n/a     MMCME2_ADV/CLKOUT2  n/a            213.360       4.000       209.360    MMCME2_ADV_X0Y0  design_1_i/clk_0/U0/clk_wiz_0/inst/mmcm_adv_inst/CLKOUT2



---------------------------------------------------------------------------------------------------
From Clock:  clkfbout_clk_bd_clk_wiz_0_0
  To Clock:  clkfbout_clk_bd_clk_wiz_0_0

Setup :           NA  Failing Endpoints,  Worst Slack           NA  ,  Total Violation           NA
Hold  :           NA  Failing Endpoints,  Worst Slack           NA  ,  Total Violation           NA
PW    :            0  Failing Endpoints,  Worst Slack        5.845ns,  Total Violation        0.000ns
---------------------------------------------------------------------------------------------------


Pulse Width Checks
--------------------------------------------------------------------------------------
Clock Name:         clkfbout_clk_bd_clk_wiz_0_0
Waveform(ns):       { 0.000 4.000 }
Period(ns):         8.000
Sources:            { design_1_i/clk_0/U0/clk_wiz_0/inst/mmcm_adv_inst/CLKFBOUT }

Check Type  Corner  Lib Pin              Reference Pin  Required(ns)  Actual(ns)  Slack(ns)  Location         Pin
Min Period  n/a     BUFG/I               n/a            2.155         8.000       5.845      BUFGCTRL_X0Y3    design_1_i/clk_0/U0/clk_wiz_0/inst/clkf_buf/I
Min Period  n/a     MMCME2_ADV/CLKFBOUT  n/a            1.249         8.000       6.751      MMCME2_ADV_X0Y0  design_1_i/clk_0/U0/clk_wiz_0/inst/mmcm_adv_inst/CLKFBOUT
Min Period  n/a     MMCME2_ADV/CLKFBIN   n/a            1.249         8.000       6.751      MMCME2_ADV_X0Y0  design_1_i/clk_0/U0/clk_wiz_0/inst/mmcm_adv_inst/CLKFBIN
Max Period  n/a     MMCME2_ADV/CLKFBIN   n/a            100.000       8.000       92.000     MMCME2_ADV_X0Y0  design_1_i/clk_0/U0/clk_wiz_0/inst/mmcm_adv_inst/CLKFBIN
Max Period  n/a     MMCME2_ADV/CLKFBOUT  n/a            213.360       8.000       205.360    MMCME2_ADV_X0Y0  design_1_i/clk_0/U0/clk_wiz_0/inst/mmcm_adv_inst/CLKFBOUT



--------------------------------------------------------------------------------------
Path Group:  (none)
From Clock:  
  To Clock:  clk_125_clk_bd_clk_wiz_0_0

Max Delay             1 Endpoint
Min Delay             1 Endpoint
--------------------------------------------------------------------------------------


Max Delay Paths
--------------------------------------------------------------------------------------
Slack:                    inf
  Source:                 design_1_i/processing_system7_0/inst/PS7_i/FCLKRESETN[0]
                            (internal pin)
  Destination:            design_1_i/proc_sys_reset_0/U0/EXT_LPF/ACTIVE_LOW_EXT.ACT_LO_EXT/syncstages_ff_reg[0]/D
                            (rising edge-triggered cell FDRE clocked by clk_125_clk_bd_clk_wiz_0_0  {rise@0.000ns fall@4.000ns period=8.000ns})
  Path Group:             (none)
  Path Type:              Setup (Max at Slow Process Corner)
  Data Path Delay:        2.631ns  (logic 0.124ns (4.713%)  route 2.507ns (95.287%))
  Logic Levels:           1  (LUT1=1)
  Clock Uncertainty:      0.162ns  ((TSJ^2 + DJ^2)^1/2) / 2 + PE
    Total System Jitter     (TSJ):    0.050ns
    Discrete Jitter          (DJ):    0.119ns
    Phase Error              (PE):    0.097ns
  Timing Exception:       False Path

    Location             Delay type                Incr(ns)  Path(ns)    Netlist Resource(s)
  -------------------------------------------------------------------    -------------------
    PS7_X0Y0             PS7                          0.000     0.000 f  design_1_i/processing_system7_0/inst/PS7_i/FCLKRESETN[0]
                         net (fo=1, routed)           2.074     2.074    design_1_i/proc_sys_reset_0/U0/EXT_LPF/ext_reset_in
    SLICE_X35Y33         LUT1 (Prop_lut1_I0_O)        0.124     2.198 r  design_1_i/proc_sys_reset_0/U0/EXT_LPF/ACTIVE_LOW_EXT.ACT_LO_EXT_i_1/O
                         net (fo=1, routed)           0.433     2.631    design_1_i/proc_sys_reset_0/U0/EXT_LPF/ACTIVE_LOW_EXT.ACT_LO_EXT/src_in
    SLICE_X35Y33         FDRE                                         r  design_1_i/proc_sys_reset_0/U0/EXT_LPF/ACTIVE_LOW_EXT.ACT_LO_EXT/syncstages_ff_reg[0]/D
  -------------------------------------------------------------------    -------------------

                         (clock clk_125_clk_bd_clk_wiz_0_0 rise edge)
                                                      0.000     0.000 r  
    U18                                               0.000     0.000 r  adc_clk_p_i (IN)
                         net (fo=0)                   0.000     0.000    design_1_i/clk_0/U0/clk_wiz_0/inst/clk_in1_p
    U18                  IBUFDS (Prop_ibufds_I_O)     0.940     0.940 r  design_1_i/clk_0/U0/clk_wiz_0/inst/clkin1_ibufgds/O
                         net (fo=1, routed)           1.880     2.820    design_1_i/clk_0/U0/clk_wiz_0/inst/clk_in1_clk_bd_clk_wiz_0_0_buf
    BUFGCTRL_X0Y4        BUFG (Prop_bufg_I_O)         0.092     2.912 r  design_1_i/clk_0/U0/clk_wiz_0/inst/clkin1_bufg1/O
                         net (fo=1, routed)           1.487     4.399    design_1_i/clk_0/U0/clk_wiz_0/inst/clk_in1_clk_bd_clk_wiz_0_0
    MMCME2_ADV_X0Y0      MMCME2_ADV (Prop_mmcme2_adv_CLKIN1_CLKOUT0)
                                                     -3.177     1.222 r  design_1_i/clk_0/U0/clk_wiz_0/inst/mmcm_adv_inst/CLKOUT0
                         net (fo=1, routed)           1.599     2.821    design_1_i/clk_0/U0/clk_wiz_0/inst/clk_125_clk_bd_clk_wiz_0_0
    BUFGCTRL_X0Y0        BUFG (Prop_bufg_I_O)         0.091     2.912 r  design_1_i/clk_0/U0/clk_wiz_0/inst/clkout1_buf/O
                         net (fo=2421, routed)        1.493     4.405    design_1_i/proc_sys_reset_0/U0/EXT_LPF/ACTIVE_LOW_EXT.ACT_LO_EXT/dest_clk
    SLICE_X35Y33         FDRE                                         r  design_1_i/proc_sys_reset_0/U0/EXT_LPF/ACTIVE_LOW_EXT.ACT_LO_EXT/syncstages_ff_reg[0]/C





Min Delay Paths
--------------------------------------------------------------------------------------
Slack:                    inf
  Source:                 design_1_i/processing_system7_0/inst/PS7_i/FCLKRESETN[0]
                            (internal pin)
  Destination:            design_1_i/proc_sys_reset_0/U0/EXT_LPF/ACTIVE_LOW_EXT.ACT_LO_EXT/syncstages_ff_reg[0]/D
                            (rising edge-triggered cell FDRE clocked by clk_125_clk_bd_clk_wiz_0_0  {rise@0.000ns fall@4.000ns period=8.000ns})
  Path Group:             (none)
  Path Type:              Hold (Min at Fast Process Corner)
  Data Path Delay:        1.053ns  (logic 0.045ns (4.272%)  route 1.008ns (95.728%))
  Logic Levels:           1  (LUT1=1)
  Clock Uncertainty:      0.162ns  ((TSJ^2 + DJ^2)^1/2) / 2 + PE
    Total System Jitter     (TSJ):    0.050ns
    Discrete Jitter          (DJ):    0.119ns
    Phase Error              (PE):    0.097ns
  Timing Exception:       False Path

    Location             Delay type                Incr(ns)  Path(ns)    Netlist Resource(s)
  -------------------------------------------------------------------    -------------------
    PS7_X0Y0             PS7                          0.000     0.000 f  design_1_i/processing_system7_0/inst/PS7_i/FCLKRESETN[0]
                         net (fo=1, routed)           0.873     0.873    design_1_i/proc_sys_reset_0/U0/EXT_LPF/ext_reset_in
    SLICE_X35Y33         LUT1 (Prop_lut1_I0_O)        0.045     0.918 r  design_1_i/proc_sys_reset_0/U0/EXT_LPF/ACTIVE_LOW_EXT.ACT_LO_EXT_i_1/O
                         net (fo=1, routed)           0.135     1.053    design_1_i/proc_sys_reset_0/U0/EXT_LPF/ACTIVE_LOW_EXT.ACT_LO_EXT/src_in
    SLICE_X35Y33         FDRE                                         r  design_1_i/proc_sys_reset_0/U0/EXT_LPF/ACTIVE_LOW_EXT.ACT_LO_EXT/syncstages_ff_reg[0]/D
  -------------------------------------------------------------------    -------------------

                         (clock clk_125_clk_bd_clk_wiz_0_0 rise edge)
                                                      0.000     0.000 r  
    U18                                               0.000     0.000 r  adc_clk_p_i (IN)
                         net (fo=0)                   0.000     0.000    design_1_i/clk_0/U0/clk_wiz_0/inst/clk_in1_p
    U18                  IBUFDS (Prop_ibufds_I_O)     0.433     0.433 r  design_1_i/clk_0/U0/clk_wiz_0/inst/clkin1_ibufgds/O
                         net (fo=1, routed)           0.683     1.116    design_1_i/clk_0/U0/clk_wiz_0/inst/clk_in1_clk_bd_clk_wiz_0_0_buf
    BUFGCTRL_X0Y4        BUFG (Prop_bufg_I_O)         0.030     1.146 r  design_1_i/clk_0/U0/clk_wiz_0/inst/clkin1_bufg1/O
                         net (fo=1, routed)           0.812     1.958    design_1_i/clk_0/U0/clk_wiz_0/inst/clk_in1_clk_bd_clk_wiz_0_0
    MMCME2_ADV_X0Y0      MMCME2_ADV (Prop_mmcme2_adv_CLKIN1_CLKOUT0)
                                                     -1.369     0.589 r  design_1_i/clk_0/U0/clk_wiz_0/inst/mmcm_adv_inst/CLKOUT0
                         net (fo=1, routed)           0.528     1.117    design_1_i/clk_0/U0/clk_wiz_0/inst/clk_125_clk_bd_clk_wiz_0_0
    BUFGCTRL_X0Y0        BUFG (Prop_bufg_I_O)         0.029     1.146 r  design_1_i/clk_0/U0/clk_wiz_0/inst/clkout1_buf/O
                         net (fo=2421, routed)        0.825     1.971    design_1_i/proc_sys_reset_0/U0/EXT_LPF/ACTIVE_LOW_EXT.ACT_LO_EXT/dest_clk
    SLICE_X35Y33         FDRE                                         r  design_1_i/proc_sys_reset_0/U0/EXT_LPF/ACTIVE_LOW_EXT.ACT_LO_EXT/syncstages_ff_reg[0]/C





--------------------------------------------------------------------------------------
Path Group:  (none)
From Clock:  adc_clk_p_i
  To Clock:  clk_125_clk_bd_clk_wiz_0_0

Max Delay            28 Endpoints
Min Delay            28 Endpoints
--------------------------------------------------------------------------------------


Max Delay Paths
--------------------------------------------------------------------------------------
Slack:                    inf
  Source:                 adc_data_1_i[5]
                            (input port clocked by adc_clk_p_i  {rise@0.000ns fall@4.000ns period=8.000ns})
  Destination:            design_1_i/adc_0/U0/ADC_0/U0/data_1_reg[5]/D
                            (rising edge-triggered cell FDRE clocked by clk_125_clk_bd_clk_wiz_0_0  {rise@0.000ns fall@4.000ns period=8.000ns})
  Path Group:             (none)
  Path Type:              Setup (Max at Slow Process Corner)
  Data Path Delay:        1.070ns  (logic 1.070ns (100.000%)  route 0.000ns (0.000%))
  Logic Levels:           1  (IBUF=1)
  Input Delay:            3.400ns
  Clock Path Skew:        4.462ns (DCD - SCD + CPR)
    Destination Clock Delay (DCD):    4.462ns
    Source Clock Delay      (SCD):    0.000ns
    Clock Pessimism Removal (CPR):    0.000ns
  Clock Uncertainty:      0.177ns  ((TSJ^2 + TIJ^2 + DJ^2)^1/2) / 2 + PE
    Total System Jitter     (TSJ):    0.071ns
    Total Input Jitter      (TIJ):    0.080ns
    Discrete Jitter          (DJ):    0.119ns
    Phase Error              (PE):    0.097ns
  Timing Exception:       False Path

    Location             Delay type                Incr(ns)  Path(ns)    Netlist Resource(s)
  -------------------------------------------------------------------    -------------------
                         (clock adc_clk_p_i rise edge)
                                                      0.000     0.000 r  
                         input delay                  3.400     3.400    
    Y14                                               0.000     3.400 r  adc_data_1_i[5] (IN)
                         net (fo=0)                   0.000     3.400    adc_data_1_i[5]
    Y14                  IBUF (Prop_ibuf_I_O)         1.070     4.470 r  adc_data_1_i_IBUF[5]_inst/O
                         net (fo=1, routed)           0.000     4.470    design_1_i/adc_0/U0/ADC_0/U0/adc_data_1_i[5]
    ILOGIC_X0Y33         FDRE                                         r  design_1_i/adc_0/U0/ADC_0/U0/data_1_reg[5]/D
  -------------------------------------------------------------------    -------------------

                         (clock clk_125_clk_bd_clk_wiz_0_0 rise edge)
                                                      0.000     0.000 r  
    U18                                               0.000     0.000 r  adc_clk_p_i (IN)
                         net (fo=0)                   0.000     0.000    design_1_i/clk_0/U0/clk_wiz_0/inst/clk_in1_p
    U18                  IBUFDS (Prop_ibufds_I_O)     0.940     0.940 r  design_1_i/clk_0/U0/clk_wiz_0/inst/clkin1_ibufgds/O
                         net (fo=1, routed)           1.880     2.820    design_1_i/clk_0/U0/clk_wiz_0/inst/clk_in1_clk_bd_clk_wiz_0_0_buf
    BUFGCTRL_X0Y4        BUFG (Prop_bufg_I_O)         0.092     2.912 r  design_1_i/clk_0/U0/clk_wiz_0/inst/clkin1_bufg1/O
                         net (fo=1, routed)           1.487     4.399    design_1_i/clk_0/U0/clk_wiz_0/inst/clk_in1_clk_bd_clk_wiz_0_0
    MMCME2_ADV_X0Y0      MMCME2_ADV (Prop_mmcme2_adv_CLKIN1_CLKOUT0)
                                                     -3.177     1.222 r  design_1_i/clk_0/U0/clk_wiz_0/inst/mmcm_adv_inst/CLKOUT0
                         net (fo=1, routed)           1.599     2.821    design_1_i/clk_0/U0/clk_wiz_0/inst/clk_125_clk_bd_clk_wiz_0_0
    BUFGCTRL_X0Y0        BUFG (Prop_bufg_I_O)         0.091     2.912 r  design_1_i/clk_0/U0/clk_wiz_0/inst/clkout1_buf/O
                         net (fo=2421, routed)        1.550     4.462    design_1_i/adc_0/U0/ADC_0/U0/clk_125
    ILOGIC_X0Y33         FDRE                                         r  design_1_i/adc_0/U0/ADC_0/U0/data_1_reg[5]/C

Slack:                    inf
  Source:                 adc_data_1_i[4]
                            (input port clocked by adc_clk_p_i  {rise@0.000ns fall@4.000ns period=8.000ns})
  Destination:            design_1_i/adc_0/U0/ADC_0/U0/data_1_reg[4]/D
                            (rising edge-triggered cell FDRE clocked by clk_125_clk_bd_clk_wiz_0_0  {rise@0.000ns fall@4.000ns period=8.000ns})
  Path Group:             (none)
  Path Type:              Setup (Max at Slow Process Corner)
  Data Path Delay:        1.068ns  (logic 1.068ns (100.000%)  route 0.000ns (0.000%))
  Logic Levels:           1  (IBUF=1)
  Input Delay:            3.400ns
  Clock Path Skew:        4.462ns (DCD - SCD + CPR)
    Destination Clock Delay (DCD):    4.462ns
    Source Clock Delay      (SCD):    0.000ns
    Clock Pessimism Removal (CPR):    0.000ns
  Clock Uncertainty:      0.177ns  ((TSJ^2 + TIJ^2 + DJ^2)^1/2) / 2 + PE
    Total System Jitter     (TSJ):    0.071ns
    Total Input Jitter      (TIJ):    0.080ns
    Discrete Jitter          (DJ):    0.119ns
    Phase Error              (PE):    0.097ns
  Timing Exception:       False Path

    Location             Delay type                Incr(ns)  Path(ns)    Netlist Resource(s)
  -------------------------------------------------------------------    -------------------
                         (clock adc_clk_p_i rise edge)
                                                      0.000     0.000 r  
                         input delay                  3.400     3.400    
    W14                                               0.000     3.400 r  adc_data_1_i[4] (IN)
                         net (fo=0)                   0.000     3.400    adc_data_1_i[4]
    W14                  IBUF (Prop_ibuf_I_O)         1.068     4.468 r  adc_data_1_i_IBUF[4]_inst/O
                         net (fo=1, routed)           0.000     4.468    design_1_i/adc_0/U0/ADC_0/U0/adc_data_1_i[4]
    ILOGIC_X0Y34         FDRE                                         r  design_1_i/adc_0/U0/ADC_0/U0/data_1_reg[4]/D
  -------------------------------------------------------------------    -------------------

                         (clock clk_125_clk_bd_clk_wiz_0_0 rise edge)
                                                      0.000     0.000 r  
    U18                                               0.000     0.000 r  adc_clk_p_i (IN)
                         net (fo=0)                   0.000     0.000    design_1_i/clk_0/U0/clk_wiz_0/inst/clk_in1_p
    U18                  IBUFDS (Prop_ibufds_I_O)     0.940     0.940 r  design_1_i/clk_0/U0/clk_wiz_0/inst/clkin1_ibufgds/O
                         net (fo=1, routed)           1.880     2.820    design_1_i/clk_0/U0/clk_wiz_0/inst/clk_in1_clk_bd_clk_wiz_0_0_buf
    BUFGCTRL_X0Y4        BUFG (Prop_bufg_I_O)         0.092     2.912 r  design_1_i/clk_0/U0/clk_wiz_0/inst/clkin1_bufg1/O
                         net (fo=1, routed)           1.487     4.399    design_1_i/clk_0/U0/clk_wiz_0/inst/clk_in1_clk_bd_clk_wiz_0_0
    MMCME2_ADV_X0Y0      MMCME2_ADV (Prop_mmcme2_adv_CLKIN1_CLKOUT0)
                                                     -3.177     1.222 r  design_1_i/clk_0/U0/clk_wiz_0/inst/mmcm_adv_inst/CLKOUT0
                         net (fo=1, routed)           1.599     2.821    design_1_i/clk_0/U0/clk_wiz_0/inst/clk_125_clk_bd_clk_wiz_0_0
    BUFGCTRL_X0Y0        BUFG (Prop_bufg_I_O)         0.091     2.912 r  design_1_i/clk_0/U0/clk_wiz_0/inst/clkout1_buf/O
                         net (fo=2421, routed)        1.550     4.462    design_1_i/adc_0/U0/ADC_0/U0/clk_125
    ILOGIC_X0Y34         FDRE                                         r  design_1_i/adc_0/U0/ADC_0/U0/data_1_reg[4]/C

Slack:                    inf
  Source:                 adc_data_1_i[11]
                            (input port clocked by adc_clk_p_i  {rise@0.000ns fall@4.000ns period=8.000ns})
  Destination:            design_1_i/adc_0/U0/ADC_0/U0/data_1_reg[11]/D
                            (rising edge-triggered cell FDRE clocked by clk_125_clk_bd_clk_wiz_0_0  {rise@0.000ns fall@4.000ns period=8.000ns})
  Path Group:             (none)
  Path Type:              Setup (Max at Slow Process Corner)
  Data Path Delay:        1.054ns  (logic 1.054ns (100.000%)  route 0.000ns (0.000%))
  Logic Levels:           1  (IBUF=1)
  Input Delay:            3.400ns
  Clock Path Skew:        4.458ns (DCD - SCD + CPR)
    Destination Clock Delay (DCD):    4.458ns
    Source Clock Delay      (SCD):    0.000ns
    Clock Pessimism Removal (CPR):    0.000ns
  Clock Uncertainty:      0.177ns  ((TSJ^2 + TIJ^2 + DJ^2)^1/2) / 2 + PE
    Total System Jitter     (TSJ):    0.071ns
    Total Input Jitter      (TIJ):    0.080ns
    Discrete Jitter          (DJ):    0.119ns
    Phase Error              (PE):    0.097ns
  Timing Exception:       False Path

    Location             Delay type                Incr(ns)  Path(ns)    Netlist Resource(s)
  -------------------------------------------------------------------    -------------------
                         (clock adc_clk_p_i rise edge)
                                                      0.000     0.000 r  
                         input delay                  3.400     3.400    
    V15                                               0.000     3.400 r  adc_data_1_i[11] (IN)
                         net (fo=0)                   0.000     3.400    adc_data_1_i[11]
    V15                  IBUF (Prop_ibuf_I_O)         1.054     4.454 r  adc_data_1_i_IBUF[11]_inst/O
                         net (fo=1, routed)           0.000     4.454    design_1_i/adc_0/U0/ADC_0/U0/adc_data_1_i[11]
    ILOGIC_X0Y30         FDRE                                         r  design_1_i/adc_0/U0/ADC_0/U0/data_1_reg[11]/D
  -------------------------------------------------------------------    -------------------

                         (clock clk_125_clk_bd_clk_wiz_0_0 rise edge)
                                                      0.000     0.000 r  
    U18                                               0.000     0.000 r  adc_clk_p_i (IN)
                         net (fo=0)                   0.000     0.000    design_1_i/clk_0/U0/clk_wiz_0/inst/clk_in1_p
    U18                  IBUFDS (Prop_ibufds_I_O)     0.940     0.940 r  design_1_i/clk_0/U0/clk_wiz_0/inst/clkin1_ibufgds/O
                         net (fo=1, routed)           1.880     2.820    design_1_i/clk_0/U0/clk_wiz_0/inst/clk_in1_clk_bd_clk_wiz_0_0_buf
    BUFGCTRL_X0Y4        BUFG (Prop_bufg_I_O)         0.092     2.912 r  design_1_i/clk_0/U0/clk_wiz_0/inst/clkin1_bufg1/O
                         net (fo=1, routed)           1.487     4.399    design_1_i/clk_0/U0/clk_wiz_0/inst/clk_in1_clk_bd_clk_wiz_0_0
    MMCME2_ADV_X0Y0      MMCME2_ADV (Prop_mmcme2_adv_CLKIN1_CLKOUT0)
                                                     -3.177     1.222 r  design_1_i/clk_0/U0/clk_wiz_0/inst/mmcm_adv_inst/CLKOUT0
                         net (fo=1, routed)           1.599     2.821    design_1_i/clk_0/U0/clk_wiz_0/inst/clk_125_clk_bd_clk_wiz_0_0
    BUFGCTRL_X0Y0        BUFG (Prop_bufg_I_O)         0.091     2.912 r  design_1_i/clk_0/U0/clk_wiz_0/inst/clkout1_buf/O
                         net (fo=2421, routed)        1.546     4.458    design_1_i/adc_0/U0/ADC_0/U0/clk_125
    ILOGIC_X0Y30         FDRE                                         r  design_1_i/adc_0/U0/ADC_0/U0/data_1_reg[11]/C

Slack:                    inf
  Source:                 adc_data_1_i[2]
                            (input port clocked by adc_clk_p_i  {rise@0.000ns fall@4.000ns period=8.000ns})
  Destination:            design_1_i/adc_0/U0/ADC_0/U0/data_1_reg[2]/D
                            (rising edge-triggered cell FDRE clocked by clk_125_clk_bd_clk_wiz_0_0  {rise@0.000ns fall@4.000ns period=8.000ns})
  Path Group:             (none)
  Path Type:              Setup (Max at Slow Process Corner)
  Data Path Delay:        1.052ns  (logic 1.052ns (100.000%)  route 0.000ns (0.000%))
  Logic Levels:           1  (IBUF=1)
  Input Delay:            3.400ns
  Clock Path Skew:        4.463ns (DCD - SCD + CPR)
    Destination Clock Delay (DCD):    4.463ns
    Source Clock Delay      (SCD):    0.000ns
    Clock Pessimism Removal (CPR):    0.000ns
  Clock Uncertainty:      0.177ns  ((TSJ^2 + TIJ^2 + DJ^2)^1/2) / 2 + PE
    Total System Jitter     (TSJ):    0.071ns
    Total Input Jitter      (TIJ):    0.080ns
    Discrete Jitter          (DJ):    0.119ns
    Phase Error              (PE):    0.097ns
  Timing Exception:       False Path

    Location             Delay type                Incr(ns)  Path(ns)    Netlist Resource(s)
  -------------------------------------------------------------------    -------------------
                         (clock adc_clk_p_i rise edge)
                                                      0.000     0.000 r  
                         input delay                  3.400     3.400    
    Y16                                               0.000     3.400 r  adc_data_1_i[2] (IN)
                         net (fo=0)                   0.000     3.400    adc_data_1_i[2]
    Y16                  IBUF (Prop_ibuf_I_O)         1.052     4.452 r  adc_data_1_i_IBUF[2]_inst/O
                         net (fo=1, routed)           0.000     4.452    design_1_i/adc_0/U0/ADC_0/U0/adc_data_1_i[2]
    ILOGIC_X0Y36         FDRE                                         r  design_1_i/adc_0/U0/ADC_0/U0/data_1_reg[2]/D
  -------------------------------------------------------------------    -------------------

                         (clock clk_125_clk_bd_clk_wiz_0_0 rise edge)
                                                      0.000     0.000 r  
    U18                                               0.000     0.000 r  adc_clk_p_i (IN)
                         net (fo=0)                   0.000     0.000    design_1_i/clk_0/U0/clk_wiz_0/inst/clk_in1_p
    U18                  IBUFDS (Prop_ibufds_I_O)     0.940     0.940 r  design_1_i/clk_0/U0/clk_wiz_0/inst/clkin1_ibufgds/O
                         net (fo=1, routed)           1.880     2.820    design_1_i/clk_0/U0/clk_wiz_0/inst/clk_in1_clk_bd_clk_wiz_0_0_buf
    BUFGCTRL_X0Y4        BUFG (Prop_bufg_I_O)         0.092     2.912 r  design_1_i/clk_0/U0/clk_wiz_0/inst/clkin1_bufg1/O
                         net (fo=1, routed)           1.487     4.399    design_1_i/clk_0/U0/clk_wiz_0/inst/clk_in1_clk_bd_clk_wiz_0_0
    MMCME2_ADV_X0Y0      MMCME2_ADV (Prop_mmcme2_adv_CLKIN1_CLKOUT0)
                                                     -3.177     1.222 r  design_1_i/clk_0/U0/clk_wiz_0/inst/mmcm_adv_inst/CLKOUT0
                         net (fo=1, routed)           1.599     2.821    design_1_i/clk_0/U0/clk_wiz_0/inst/clk_125_clk_bd_clk_wiz_0_0
    BUFGCTRL_X0Y0        BUFG (Prop_bufg_I_O)         0.091     2.912 r  design_1_i/clk_0/U0/clk_wiz_0/inst/clkout1_buf/O
                         net (fo=2421, routed)        1.551     4.463    design_1_i/adc_0/U0/ADC_0/U0/clk_125
    ILOGIC_X0Y36         FDRE                                         r  design_1_i/adc_0/U0/ADC_0/U0/data_1_reg[2]/C

Slack:                    inf
  Source:                 adc_data_1_i[3]
                            (input port clocked by adc_clk_p_i  {rise@0.000ns fall@4.000ns period=8.000ns})
  Destination:            design_1_i/adc_0/U0/ADC_0/U0/data_1_reg[3]/D
                            (rising edge-triggered cell FDRE clocked by clk_125_clk_bd_clk_wiz_0_0  {rise@0.000ns fall@4.000ns period=8.000ns})
  Path Group:             (none)
  Path Type:              Setup (Max at Slow Process Corner)
  Data Path Delay:        1.048ns  (logic 1.048ns (100.000%)  route 0.000ns (0.000%))
  Logic Levels:           1  (IBUF=1)
  Input Delay:            3.400ns
  Clock Path Skew:        4.458ns (DCD - SCD + CPR)
    Destination Clock Delay (DCD):    4.458ns
    Source Clock Delay      (SCD):    0.000ns
    Clock Pessimism Removal (CPR):    0.000ns
  Clock Uncertainty:      0.177ns  ((TSJ^2 + TIJ^2 + DJ^2)^1/2) / 2 + PE
    Total System Jitter     (TSJ):    0.071ns
    Total Input Jitter      (TIJ):    0.080ns
    Discrete Jitter          (DJ):    0.119ns
    Phase Error              (PE):    0.097ns
  Timing Exception:       False Path

    Location             Delay type                Incr(ns)  Path(ns)    Netlist Resource(s)
  -------------------------------------------------------------------    -------------------
                         (clock adc_clk_p_i rise edge)
                                                      0.000     0.000 r  
                         input delay                  3.400     3.400    
    W15                                               0.000     3.400 r  adc_data_1_i[3] (IN)
                         net (fo=0)                   0.000     3.400    adc_data_1_i[3]
    W15                  IBUF (Prop_ibuf_I_O)         1.048     4.448 r  adc_data_1_i_IBUF[3]_inst/O
                         net (fo=1, routed)           0.000     4.448    design_1_i/adc_0/U0/ADC_0/U0/adc_data_1_i[3]
    ILOGIC_X0Y29         FDRE                                         r  design_1_i/adc_0/U0/ADC_0/U0/data_1_reg[3]/D
  -------------------------------------------------------------------    -------------------

                         (clock clk_125_clk_bd_clk_wiz_0_0 rise edge)
                                                      0.000     0.000 r  
    U18                                               0.000     0.000 r  adc_clk_p_i (IN)
                         net (fo=0)                   0.000     0.000    design_1_i/clk_0/U0/clk_wiz_0/inst/clk_in1_p
    U18                  IBUFDS (Prop_ibufds_I_O)     0.940     0.940 r  design_1_i/clk_0/U0/clk_wiz_0/inst/clkin1_ibufgds/O
                         net (fo=1, routed)           1.880     2.820    design_1_i/clk_0/U0/clk_wiz_0/inst/clk_in1_clk_bd_clk_wiz_0_0_buf
    BUFGCTRL_X0Y4        BUFG (Prop_bufg_I_O)         0.092     2.912 r  design_1_i/clk_0/U0/clk_wiz_0/inst/clkin1_bufg1/O
                         net (fo=1, routed)           1.487     4.399    design_1_i/clk_0/U0/clk_wiz_0/inst/clk_in1_clk_bd_clk_wiz_0_0
    MMCME2_ADV_X0Y0      MMCME2_ADV (Prop_mmcme2_adv_CLKIN1_CLKOUT0)
                                                     -3.177     1.222 r  design_1_i/clk_0/U0/clk_wiz_0/inst/mmcm_adv_inst/CLKOUT0
                         net (fo=1, routed)           1.599     2.821    design_1_i/clk_0/U0/clk_wiz_0/inst/clk_125_clk_bd_clk_wiz_0_0
    BUFGCTRL_X0Y0        BUFG (Prop_bufg_I_O)         0.091     2.912 r  design_1_i/clk_0/U0/clk_wiz_0/inst/clkout1_buf/O
                         net (fo=2421, routed)        1.546     4.458    design_1_i/adc_0/U0/ADC_0/U0/clk_125
    ILOGIC_X0Y29         FDRE                                         r  design_1_i/adc_0/U0/ADC_0/U0/data_1_reg[3]/C

Slack:                    inf
  Source:                 adc_data_1_i[0]
                            (input port clocked by adc_clk_p_i  {rise@0.000ns fall@4.000ns period=8.000ns})
  Destination:            design_1_i/adc_0/U0/ADC_0/U0/data_1_reg[0]/D
                            (rising edge-triggered cell FDRE clocked by clk_125_clk_bd_clk_wiz_0_0  {rise@0.000ns fall@4.000ns period=8.000ns})
  Path Group:             (none)
  Path Type:              Setup (Max at Slow Process Corner)
  Data Path Delay:        1.045ns  (logic 1.045ns (100.000%)  route 0.000ns (0.000%))
  Logic Levels:           1  (IBUF=1)
  Input Delay:            3.400ns
  Clock Path Skew:        4.463ns (DCD - SCD + CPR)
    Destination Clock Delay (DCD):    4.463ns
    Source Clock Delay      (SCD):    0.000ns
    Clock Pessimism Removal (CPR):    0.000ns
  Clock Uncertainty:      0.177ns  ((TSJ^2 + TIJ^2 + DJ^2)^1/2) / 2 + PE
    Total System Jitter     (TSJ):    0.071ns
    Total Input Jitter      (TIJ):    0.080ns
    Discrete Jitter          (DJ):    0.119ns
    Phase Error              (PE):    0.097ns
  Timing Exception:       False Path

    Location             Delay type                Incr(ns)  Path(ns)    Netlist Resource(s)
  -------------------------------------------------------------------    -------------------
                         (clock adc_clk_p_i rise edge)
                                                      0.000     0.000 r  
                         input delay                  3.400     3.400    
    Y17                                               0.000     3.400 r  adc_data_1_i[0] (IN)
                         net (fo=0)                   0.000     3.400    adc_data_1_i[0]
    Y17                  IBUF (Prop_ibuf_I_O)         1.045     4.445 r  adc_data_1_i_IBUF[0]_inst/O
                         net (fo=1, routed)           0.000     4.445    design_1_i/adc_0/U0/ADC_0/U0/adc_data_1_i[0]
    ILOGIC_X0Y35         FDRE                                         r  design_1_i/adc_0/U0/ADC_0/U0/data_1_reg[0]/D
  -------------------------------------------------------------------    -------------------

                         (clock clk_125_clk_bd_clk_wiz_0_0 rise edge)
                                                      0.000     0.000 r  
    U18                                               0.000     0.000 r  adc_clk_p_i (IN)
                         net (fo=0)                   0.000     0.000    design_1_i/clk_0/U0/clk_wiz_0/inst/clk_in1_p
    U18                  IBUFDS (Prop_ibufds_I_O)     0.940     0.940 r  design_1_i/clk_0/U0/clk_wiz_0/inst/clkin1_ibufgds/O
                         net (fo=1, routed)           1.880     2.820    design_1_i/clk_0/U0/clk_wiz_0/inst/clk_in1_clk_bd_clk_wiz_0_0_buf
    BUFGCTRL_X0Y4        BUFG (Prop_bufg_I_O)         0.092     2.912 r  design_1_i/clk_0/U0/clk_wiz_0/inst/clkin1_bufg1/O
                         net (fo=1, routed)           1.487     4.399    design_1_i/clk_0/U0/clk_wiz_0/inst/clk_in1_clk_bd_clk_wiz_0_0
    MMCME2_ADV_X0Y0      MMCME2_ADV (Prop_mmcme2_adv_CLKIN1_CLKOUT0)
                                                     -3.177     1.222 r  design_1_i/clk_0/U0/clk_wiz_0/inst/mmcm_adv_inst/CLKOUT0
                         net (fo=1, routed)           1.599     2.821    design_1_i/clk_0/U0/clk_wiz_0/inst/clk_125_clk_bd_clk_wiz_0_0
    BUFGCTRL_X0Y0        BUFG (Prop_bufg_I_O)         0.091     2.912 r  design_1_i/clk_0/U0/clk_wiz_0/inst/clkout1_buf/O
                         net (fo=2421, routed)        1.551     4.463    design_1_i/adc_0/U0/ADC_0/U0/clk_125
    ILOGIC_X0Y35         FDRE                                         r  design_1_i/adc_0/U0/ADC_0/U0/data_1_reg[0]/C

Slack:                    inf
  Source:                 adc_data_1_i[6]
                            (input port clocked by adc_clk_p_i  {rise@0.000ns fall@4.000ns period=8.000ns})
  Destination:            design_1_i/adc_0/U0/ADC_0/U0/data_1_reg[6]/D
                            (rising edge-triggered cell FDRE clocked by clk_125_clk_bd_clk_wiz_0_0  {rise@0.000ns fall@4.000ns period=8.000ns})
  Path Group:             (none)
  Path Type:              Setup (Max at Slow Process Corner)
  Data Path Delay:        1.024ns  (logic 1.024ns (100.000%)  route 0.000ns (0.000%))
  Logic Levels:           1  (IBUF=1)
  Input Delay:            3.400ns
  Clock Path Skew:        4.467ns (DCD - SCD + CPR)
    Destination Clock Delay (DCD):    4.467ns
    Source Clock Delay      (SCD):    0.000ns
    Clock Pessimism Removal (CPR):    0.000ns
  Clock Uncertainty:      0.177ns  ((TSJ^2 + TIJ^2 + DJ^2)^1/2) / 2 + PE
    Total System Jitter     (TSJ):    0.071ns
    Total Input Jitter      (TIJ):    0.080ns
    Discrete Jitter          (DJ):    0.119ns
    Phase Error              (PE):    0.097ns
  Timing Exception:       False Path

    Location             Delay type                Incr(ns)  Path(ns)    Netlist Resource(s)
  -------------------------------------------------------------------    -------------------
                         (clock adc_clk_p_i rise edge)
                                                      0.000     0.000 r  
                         input delay                  3.400     3.400    
    W13                                               0.000     3.400 r  adc_data_1_i[6] (IN)
                         net (fo=0)                   0.000     3.400    adc_data_1_i[6]
    W13                  IBUF (Prop_ibuf_I_O)         1.024     4.424 r  adc_data_1_i_IBUF[6]_inst/O
                         net (fo=1, routed)           0.000     4.424    design_1_i/adc_0/U0/ADC_0/U0/adc_data_1_i[6]
    ILOGIC_X0Y41         FDRE                                         r  design_1_i/adc_0/U0/ADC_0/U0/data_1_reg[6]/D
  -------------------------------------------------------------------    -------------------

                         (clock clk_125_clk_bd_clk_wiz_0_0 rise edge)
                                                      0.000     0.000 r  
    U18                                               0.000     0.000 r  adc_clk_p_i (IN)
                         net (fo=0)                   0.000     0.000    design_1_i/clk_0/U0/clk_wiz_0/inst/clk_in1_p
    U18                  IBUFDS (Prop_ibufds_I_O)     0.940     0.940 r  design_1_i/clk_0/U0/clk_wiz_0/inst/clkin1_ibufgds/O
                         net (fo=1, routed)           1.880     2.820    design_1_i/clk_0/U0/clk_wiz_0/inst/clk_in1_clk_bd_clk_wiz_0_0_buf
    BUFGCTRL_X0Y4        BUFG (Prop_bufg_I_O)         0.092     2.912 r  design_1_i/clk_0/U0/clk_wiz_0/inst/clkin1_bufg1/O
                         net (fo=1, routed)           1.487     4.399    design_1_i/clk_0/U0/clk_wiz_0/inst/clk_in1_clk_bd_clk_wiz_0_0
    MMCME2_ADV_X0Y0      MMCME2_ADV (Prop_mmcme2_adv_CLKIN1_CLKOUT0)
                                                     -3.177     1.222 r  design_1_i/clk_0/U0/clk_wiz_0/inst/mmcm_adv_inst/CLKOUT0
                         net (fo=1, routed)           1.599     2.821    design_1_i/clk_0/U0/clk_wiz_0/inst/clk_125_clk_bd_clk_wiz_0_0
    BUFGCTRL_X0Y0        BUFG (Prop_bufg_I_O)         0.091     2.912 r  design_1_i/clk_0/U0/clk_wiz_0/inst/clkout1_buf/O
                         net (fo=2421, routed)        1.555     4.467    design_1_i/adc_0/U0/ADC_0/U0/clk_125
    ILOGIC_X0Y41         FDRE                                         r  design_1_i/adc_0/U0/ADC_0/U0/data_1_reg[6]/C

Slack:                    inf
  Source:                 adc_data_1_i[7]
                            (input port clocked by adc_clk_p_i  {rise@0.000ns fall@4.000ns period=8.000ns})
  Destination:            design_1_i/adc_0/U0/ADC_0/U0/data_1_reg[7]/D
                            (rising edge-triggered cell FDRE clocked by clk_125_clk_bd_clk_wiz_0_0  {rise@0.000ns fall@4.000ns period=8.000ns})
  Path Group:             (none)
  Path Type:              Setup (Max at Slow Process Corner)
  Data Path Delay:        1.018ns  (logic 1.018ns (100.000%)  route 0.000ns (0.000%))
  Logic Levels:           1  (IBUF=1)
  Input Delay:            3.400ns
  Clock Path Skew:        4.467ns (DCD - SCD + CPR)
    Destination Clock Delay (DCD):    4.467ns
    Source Clock Delay      (SCD):    0.000ns
    Clock Pessimism Removal (CPR):    0.000ns
  Clock Uncertainty:      0.177ns  ((TSJ^2 + TIJ^2 + DJ^2)^1/2) / 2 + PE
    Total System Jitter     (TSJ):    0.071ns
    Total Input Jitter      (TIJ):    0.080ns
    Discrete Jitter          (DJ):    0.119ns
    Phase Error              (PE):    0.097ns
  Timing Exception:       False Path

    Location             Delay type                Incr(ns)  Path(ns)    Netlist Resource(s)
  -------------------------------------------------------------------    -------------------
                         (clock adc_clk_p_i rise edge)
                                                      0.000     0.000 r  
                         input delay                  3.400     3.400    
    V12                                               0.000     3.400 r  adc_data_1_i[7] (IN)
                         net (fo=0)                   0.000     3.400    adc_data_1_i[7]
    V12                  IBUF (Prop_ibuf_I_O)         1.018     4.418 r  adc_data_1_i_IBUF[7]_inst/O
                         net (fo=1, routed)           0.000     4.418    design_1_i/adc_0/U0/ADC_0/U0/adc_data_1_i[7]
    ILOGIC_X0Y42         FDRE                                         r  design_1_i/adc_0/U0/ADC_0/U0/data_1_reg[7]/D
  -------------------------------------------------------------------    -------------------

                         (clock clk_125_clk_bd_clk_wiz_0_0 rise edge)
                                                      0.000     0.000 r  
    U18                                               0.000     0.000 r  adc_clk_p_i (IN)
                         net (fo=0)                   0.000     0.000    design_1_i/clk_0/U0/clk_wiz_0/inst/clk_in1_p
    U18                  IBUFDS (Prop_ibufds_I_O)     0.940     0.940 r  design_1_i/clk_0/U0/clk_wiz_0/inst/clkin1_ibufgds/O
                         net (fo=1, routed)           1.880     2.820    design_1_i/clk_0/U0/clk_wiz_0/inst/clk_in1_clk_bd_clk_wiz_0_0_buf
    BUFGCTRL_X0Y4        BUFG (Prop_bufg_I_O)         0.092     2.912 r  design_1_i/clk_0/U0/clk_wiz_0/inst/clkin1_bufg1/O
                         net (fo=1, routed)           1.487     4.399    design_1_i/clk_0/U0/clk_wiz_0/inst/clk_in1_clk_bd_clk_wiz_0_0
    MMCME2_ADV_X0Y0      MMCME2_ADV (Prop_mmcme2_adv_CLKIN1_CLKOUT0)
                                                     -3.177     1.222 r  design_1_i/clk_0/U0/clk_wiz_0/inst/mmcm_adv_inst/CLKOUT0
                         net (fo=1, routed)           1.599     2.821    design_1_i/clk_0/U0/clk_wiz_0/inst/clk_125_clk_bd_clk_wiz_0_0
    BUFGCTRL_X0Y0        BUFG (Prop_bufg_I_O)         0.091     2.912 r  design_1_i/clk_0/U0/clk_wiz_0/inst/clkout1_buf/O
                         net (fo=2421, routed)        1.555     4.467    design_1_i/adc_0/U0/ADC_0/U0/clk_125
    ILOGIC_X0Y42         FDRE                                         r  design_1_i/adc_0/U0/ADC_0/U0/data_1_reg[7]/C

Slack:                    inf
  Source:                 adc_data_1_i[12]
                            (input port clocked by adc_clk_p_i  {rise@0.000ns fall@4.000ns period=8.000ns})
  Destination:            design_1_i/adc_0/U0/ADC_0/U0/data_1_reg[12]/D
                            (rising edge-triggered cell FDRE clocked by clk_125_clk_bd_clk_wiz_0_0  {rise@0.000ns fall@4.000ns period=8.000ns})
  Path Group:             (none)
  Path Type:              Setup (Max at Slow Process Corner)
  Data Path Delay:        1.013ns  (logic 1.013ns (100.000%)  route 0.000ns (0.000%))
  Logic Levels:           1  (IBUF=1)
  Input Delay:            3.400ns
  Clock Path Skew:        4.461ns (DCD - SCD + CPR)
    Destination Clock Delay (DCD):    4.461ns
    Source Clock Delay      (SCD):    0.000ns
    Clock Pessimism Removal (CPR):    0.000ns
  Clock Uncertainty:      0.177ns  ((TSJ^2 + TIJ^2 + DJ^2)^1/2) / 2 + PE
    Total System Jitter     (TSJ):    0.071ns
    Total Input Jitter      (TIJ):    0.080ns
    Discrete Jitter          (DJ):    0.119ns
    Phase Error              (PE):    0.097ns
  Timing Exception:       False Path

    Location             Delay type                Incr(ns)  Path(ns)    Netlist Resource(s)
  -------------------------------------------------------------------    -------------------
                         (clock adc_clk_p_i rise edge)
                                                      0.000     0.000 r  
                         input delay                  3.400     3.400    
    T16                                               0.000     3.400 r  adc_data_1_i[12] (IN)
                         net (fo=0)                   0.000     3.400    adc_data_1_i[12]
    T16                  IBUF (Prop_ibuf_I_O)         1.013     4.413 r  adc_data_1_i_IBUF[12]_inst/O
                         net (fo=1, routed)           0.000     4.413    design_1_i/adc_0/U0/ADC_0/U0/adc_data_1_i[12]
    ILOGIC_X0Y32         FDRE                                         r  design_1_i/adc_0/U0/ADC_0/U0/data_1_reg[12]/D
  -------------------------------------------------------------------    -------------------

                         (clock clk_125_clk_bd_clk_wiz_0_0 rise edge)
                                                      0.000     0.000 r  
    U18                                               0.000     0.000 r  adc_clk_p_i (IN)
                         net (fo=0)                   0.000     0.000    design_1_i/clk_0/U0/clk_wiz_0/inst/clk_in1_p
    U18                  IBUFDS (Prop_ibufds_I_O)     0.940     0.940 r  design_1_i/clk_0/U0/clk_wiz_0/inst/clkin1_ibufgds/O
                         net (fo=1, routed)           1.880     2.820    design_1_i/clk_0/U0/clk_wiz_0/inst/clk_in1_clk_bd_clk_wiz_0_0_buf
    BUFGCTRL_X0Y4        BUFG (Prop_bufg_I_O)         0.092     2.912 r  design_1_i/clk_0/U0/clk_wiz_0/inst/clkin1_bufg1/O
                         net (fo=1, routed)           1.487     4.399    design_1_i/clk_0/U0/clk_wiz_0/inst/clk_in1_clk_bd_clk_wiz_0_0
    MMCME2_ADV_X0Y0      MMCME2_ADV (Prop_mmcme2_adv_CLKIN1_CLKOUT0)
                                                     -3.177     1.222 r  design_1_i/clk_0/U0/clk_wiz_0/inst/mmcm_adv_inst/CLKOUT0
                         net (fo=1, routed)           1.599     2.821    design_1_i/clk_0/U0/clk_wiz_0/inst/clk_125_clk_bd_clk_wiz_0_0
    BUFGCTRL_X0Y0        BUFG (Prop_bufg_I_O)         0.091     2.912 r  design_1_i/clk_0/U0/clk_wiz_0/inst/clkout1_buf/O
                         net (fo=2421, routed)        1.549     4.461    design_1_i/adc_0/U0/ADC_0/U0/clk_125
    ILOGIC_X0Y32         FDRE                                         r  design_1_i/adc_0/U0/ADC_0/U0/data_1_reg[12]/C

Slack:                    inf
  Source:                 adc_data_1_i[8]
                            (input port clocked by adc_clk_p_i  {rise@0.000ns fall@4.000ns period=8.000ns})
  Destination:            design_1_i/adc_0/U0/ADC_0/U0/data_1_reg[8]/D
                            (rising edge-triggered cell FDRE clocked by clk_125_clk_bd_clk_wiz_0_0  {rise@0.000ns fall@4.000ns period=8.000ns})
  Path Group:             (none)
  Path Type:              Setup (Max at Slow Process Corner)
  Data Path Delay:        1.004ns  (logic 1.004ns (100.000%)  route 0.000ns (0.000%))
  Logic Levels:           1  (IBUF=1)
  Input Delay:            3.400ns
  Clock Path Skew:        4.467ns (DCD - SCD + CPR)
    Destination Clock Delay (DCD):    4.467ns
    Source Clock Delay      (SCD):    0.000ns
    Clock Pessimism Removal (CPR):    0.000ns
  Clock Uncertainty:      0.177ns  ((TSJ^2 + TIJ^2 + DJ^2)^1/2) / 2 + PE
    Total System Jitter     (TSJ):    0.071ns
    Total Input Jitter      (TIJ):    0.080ns
    Discrete Jitter          (DJ):    0.119ns
    Phase Error              (PE):    0.097ns
  Timing Exception:       False Path

    Location             Delay type                Incr(ns)  Path(ns)    Netlist Resource(s)
  -------------------------------------------------------------------    -------------------
                         (clock adc_clk_p_i rise edge)
                                                      0.000     0.000 r  
                         input delay                  3.400     3.400    
    V13                                               0.000     3.400 r  adc_data_1_i[8] (IN)
                         net (fo=0)                   0.000     3.400    adc_data_1_i[8]
    V13                  IBUF (Prop_ibuf_I_O)         1.004     4.404 r  adc_data_1_i_IBUF[8]_inst/O
                         net (fo=1, routed)           0.000     4.404    design_1_i/adc_0/U0/ADC_0/U0/adc_data_1_i[8]
    ILOGIC_X0Y43         FDRE                                         r  design_1_i/adc_0/U0/ADC_0/U0/data_1_reg[8]/D
  -------------------------------------------------------------------    -------------------

                         (clock clk_125_clk_bd_clk_wiz_0_0 rise edge)
                                                      0.000     0.000 r  
    U18                                               0.000     0.000 r  adc_clk_p_i (IN)
                         net (fo=0)                   0.000     0.000    design_1_i/clk_0/U0/clk_wiz_0/inst/clk_in1_p
    U18                  IBUFDS (Prop_ibufds_I_O)     0.940     0.940 r  design_1_i/clk_0/U0/clk_wiz_0/inst/clkin1_ibufgds/O
                         net (fo=1, routed)           1.880     2.820    design_1_i/clk_0/U0/clk_wiz_0/inst/clk_in1_clk_bd_clk_wiz_0_0_buf
    BUFGCTRL_X0Y4        BUFG (Prop_bufg_I_O)         0.092     2.912 r  design_1_i/clk_0/U0/clk_wiz_0/inst/clkin1_bufg1/O
                         net (fo=1, routed)           1.487     4.399    design_1_i/clk_0/U0/clk_wiz_0/inst/clk_in1_clk_bd_clk_wiz_0_0
    MMCME2_ADV_X0Y0      MMCME2_ADV (Prop_mmcme2_adv_CLKIN1_CLKOUT0)
                                                     -3.177     1.222 r  design_1_i/clk_0/U0/clk_wiz_0/inst/mmcm_adv_inst/CLKOUT0
                         net (fo=1, routed)           1.599     2.821    design_1_i/clk_0/U0/clk_wiz_0/inst/clk_125_clk_bd_clk_wiz_0_0
    BUFGCTRL_X0Y0        BUFG (Prop_bufg_I_O)         0.091     2.912 r  design_1_i/clk_0/U0/clk_wiz_0/inst/clkout1_buf/O
                         net (fo=2421, routed)        1.555     4.467    design_1_i/adc_0/U0/ADC_0/U0/clk_125
    ILOGIC_X0Y43         FDRE                                         r  design_1_i/adc_0/U0/ADC_0/U0/data_1_reg[8]/C

Slack:                    inf
  Source:                 adc_data_1_i[10]
                            (input port clocked by adc_clk_p_i  {rise@0.000ns fall@4.000ns period=8.000ns})
  Destination:            design_1_i/adc_0/U0/ADC_0/U0/data_1_reg[10]/D
                            (rising edge-triggered cell FDRE clocked by clk_125_clk_bd_clk_wiz_0_0  {rise@0.000ns fall@4.000ns period=8.000ns})
  Path Group:             (none)
  Path Type:              Setup (Max at Slow Process Corner)
  Data Path Delay:        0.996ns  (logic 0.996ns (100.000%)  route 0.000ns (0.000%))
  Logic Levels:           1  (IBUF=1)
  Input Delay:            3.400ns
  Clock Path Skew:        4.466ns (DCD - SCD + CPR)
    Destination Clock Delay (DCD):    4.466ns
    Source Clock Delay      (SCD):    0.000ns
    Clock Pessimism Removal (CPR):    0.000ns
  Clock Uncertainty:      0.177ns  ((TSJ^2 + TIJ^2 + DJ^2)^1/2) / 2 + PE
    Total System Jitter     (TSJ):    0.071ns
    Total Input Jitter      (TIJ):    0.080ns
    Discrete Jitter          (DJ):    0.119ns
    Phase Error              (PE):    0.097ns
  Timing Exception:       False Path

    Location             Delay type                Incr(ns)  Path(ns)    Netlist Resource(s)
  -------------------------------------------------------------------    -------------------
                         (clock adc_clk_p_i rise edge)
                                                      0.000     0.000 r  
                         input delay                  3.400     3.400    
    T15                                               0.000     3.400 r  adc_data_1_i[10] (IN)
                         net (fo=0)                   0.000     3.400    adc_data_1_i[10]
    T15                  IBUF (Prop_ibuf_I_O)         0.996     4.396 r  adc_data_1_i_IBUF[10]_inst/O
                         net (fo=1, routed)           0.000     4.396    design_1_i/adc_0/U0/ADC_0/U0/adc_data_1_i[10]
    ILOGIC_X0Y39         FDRE                                         r  design_1_i/adc_0/U0/ADC_0/U0/data_1_reg[10]/D
  -------------------------------------------------------------------    -------------------

                         (clock clk_125_clk_bd_clk_wiz_0_0 rise edge)
                                                      0.000     0.000 r  
    U18                                               0.000     0.000 r  adc_clk_p_i (IN)
                         net (fo=0)                   0.000     0.000    design_1_i/clk_0/U0/clk_wiz_0/inst/clk_in1_p
    U18                  IBUFDS (Prop_ibufds_I_O)     0.940     0.940 r  design_1_i/clk_0/U0/clk_wiz_0/inst/clkin1_ibufgds/O
                         net (fo=1, routed)           1.880     2.820    design_1_i/clk_0/U0/clk_wiz_0/inst/clk_in1_clk_bd_clk_wiz_0_0_buf
    BUFGCTRL_X0Y4        BUFG (Prop_bufg_I_O)         0.092     2.912 r  design_1_i/clk_0/U0/clk_wiz_0/inst/clkin1_bufg1/O
                         net (fo=1, routed)           1.487     4.399    design_1_i/clk_0/U0/clk_wiz_0/inst/clk_in1_clk_bd_clk_wiz_0_0
    MMCME2_ADV_X0Y0      MMCME2_ADV (Prop_mmcme2_adv_CLKIN1_CLKOUT0)
                                                     -3.177     1.222 r  design_1_i/clk_0/U0/clk_wiz_0/inst/mmcm_adv_inst/CLKOUT0
                         net (fo=1, routed)           1.599     2.821    design_1_i/clk_0/U0/clk_wiz_0/inst/clk_125_clk_bd_clk_wiz_0_0
    BUFGCTRL_X0Y0        BUFG (Prop_bufg_I_O)         0.091     2.912 r  design_1_i/clk_0/U0/clk_wiz_0/inst/clkout1_buf/O
                         net (fo=2421, routed)        1.554     4.466    design_1_i/adc_0/U0/ADC_0/U0/clk_125
    ILOGIC_X0Y39         FDRE                                         r  design_1_i/adc_0/U0/ADC_0/U0/data_1_reg[10]/C

Slack:                    inf
  Source:                 adc_data_1_i[9]
                            (input port clocked by adc_clk_p_i  {rise@0.000ns fall@4.000ns period=8.000ns})
  Destination:            design_1_i/adc_0/U0/ADC_0/U0/data_1_reg[9]/D
                            (rising edge-triggered cell FDRE clocked by clk_125_clk_bd_clk_wiz_0_0  {rise@0.000ns fall@4.000ns period=8.000ns})
  Path Group:             (none)
  Path Type:              Setup (Max at Slow Process Corner)
  Data Path Delay:        0.993ns  (logic 0.993ns (100.000%)  route 0.000ns (0.000%))
  Logic Levels:           1  (IBUF=1)
  Input Delay:            3.400ns
  Clock Path Skew:        4.466ns (DCD - SCD + CPR)
    Destination Clock Delay (DCD):    4.466ns
    Source Clock Delay      (SCD):    0.000ns
    Clock Pessimism Removal (CPR):    0.000ns
  Clock Uncertainty:      0.177ns  ((TSJ^2 + TIJ^2 + DJ^2)^1/2) / 2 + PE
    Total System Jitter     (TSJ):    0.071ns
    Total Input Jitter      (TIJ):    0.080ns
    Discrete Jitter          (DJ):    0.119ns
    Phase Error              (PE):    0.097ns
  Timing Exception:       False Path

    Location             Delay type                Incr(ns)  Path(ns)    Netlist Resource(s)
  -------------------------------------------------------------------    -------------------
                         (clock adc_clk_p_i rise edge)
                                                      0.000     0.000 r  
                         input delay                  3.400     3.400    
    T14                                               0.000     3.400 r  adc_data_1_i[9] (IN)
                         net (fo=0)                   0.000     3.400    adc_data_1_i[9]
    T14                  IBUF (Prop_ibuf_I_O)         0.993     4.393 r  adc_data_1_i_IBUF[9]_inst/O
                         net (fo=1, routed)           0.000     4.393    design_1_i/adc_0/U0/ADC_0/U0/adc_data_1_i[9]
    ILOGIC_X0Y40         FDRE                                         r  design_1_i/adc_0/U0/ADC_0/U0/data_1_reg[9]/D
  -------------------------------------------------------------------    -------------------

                         (clock clk_125_clk_bd_clk_wiz_0_0 rise edge)
                                                      0.000     0.000 r  
    U18                                               0.000     0.000 r  adc_clk_p_i (IN)
                         net (fo=0)                   0.000     0.000    design_1_i/clk_0/U0/clk_wiz_0/inst/clk_in1_p
    U18                  IBUFDS (Prop_ibufds_I_O)     0.940     0.940 r  design_1_i/clk_0/U0/clk_wiz_0/inst/clkin1_ibufgds/O
                         net (fo=1, routed)           1.880     2.820    design_1_i/clk_0/U0/clk_wiz_0/inst/clk_in1_clk_bd_clk_wiz_0_0_buf
    BUFGCTRL_X0Y4        BUFG (Prop_bufg_I_O)         0.092     2.912 r  design_1_i/clk_0/U0/clk_wiz_0/inst/clkin1_bufg1/O
                         net (fo=1, routed)           1.487     4.399    design_1_i/clk_0/U0/clk_wiz_0/inst/clk_in1_clk_bd_clk_wiz_0_0
    MMCME2_ADV_X0Y0      MMCME2_ADV (Prop_mmcme2_adv_CLKIN1_CLKOUT0)
                                                     -3.177     1.222 r  design_1_i/clk_0/U0/clk_wiz_0/inst/mmcm_adv_inst/CLKOUT0
                         net (fo=1, routed)           1.599     2.821    design_1_i/clk_0/U0/clk_wiz_0/inst/clk_125_clk_bd_clk_wiz_0_0
    BUFGCTRL_X0Y0        BUFG (Prop_bufg_I_O)         0.091     2.912 r  design_1_i/clk_0/U0/clk_wiz_0/inst/clkout1_buf/O
                         net (fo=2421, routed)        1.554     4.466    design_1_i/adc_0/U0/ADC_0/U0/clk_125
    ILOGIC_X0Y40         FDRE                                         r  design_1_i/adc_0/U0/ADC_0/U0/data_1_reg[9]/C

Slack:                    inf
  Source:                 adc_data_2_i[13]
                            (input port clocked by adc_clk_p_i  {rise@0.000ns fall@4.000ns period=8.000ns})
  Destination:            design_1_i/adc_0/U0/ADC_0/U0/data_2_reg[13]/D
                            (rising edge-triggered cell FDRE clocked by clk_125_clk_bd_clk_wiz_0_0  {rise@0.000ns fall@4.000ns period=8.000ns})
  Path Group:             (none)
  Path Type:              Setup (Max at Slow Process Corner)
  Data Path Delay:        0.983ns  (logic 0.983ns (100.000%)  route 0.000ns (0.000%))
  Logic Levels:           1  (IBUF=1)
  Input Delay:            3.400ns
  Clock Path Skew:        4.462ns (DCD - SCD + CPR)
    Destination Clock Delay (DCD):    4.462ns
    Source Clock Delay      (SCD):    0.000ns
    Clock Pessimism Removal (CPR):    0.000ns
  Clock Uncertainty:      0.177ns  ((TSJ^2 + TIJ^2 + DJ^2)^1/2) / 2 + PE
    Total System Jitter     (TSJ):    0.071ns
    Total Input Jitter      (TIJ):    0.080ns
    Discrete Jitter          (DJ):    0.119ns
    Phase Error              (PE):    0.097ns
  Timing Exception:       False Path

    Location             Delay type                Incr(ns)  Path(ns)    Netlist Resource(s)
  -------------------------------------------------------------------    -------------------
                         (clock adc_clk_p_i rise edge)
                                                      0.000     0.000 r  
                         input delay                  3.400     3.400    
    Y18                                               0.000     3.400 r  adc_data_2_i[13] (IN)
                         net (fo=0)                   0.000     3.400    adc_data_2_i[13]
    Y18                  IBUF (Prop_ibuf_I_O)         0.983     4.383 r  adc_data_2_i_IBUF[13]_inst/O
                         net (fo=1, routed)           0.000     4.383    design_1_i/adc_0/U0/ADC_0/U0/adc_data_2_i[13]
    ILOGIC_X0Y16         FDRE                                         r  design_1_i/adc_0/U0/ADC_0/U0/data_2_reg[13]/D
  -------------------------------------------------------------------    -------------------

                         (clock clk_125_clk_bd_clk_wiz_0_0 rise edge)
                                                      0.000     0.000 r  
    U18                                               0.000     0.000 r  adc_clk_p_i (IN)
                         net (fo=0)                   0.000     0.000    design_1_i/clk_0/U0/clk_wiz_0/inst/clk_in1_p
    U18                  IBUFDS (Prop_ibufds_I_O)     0.940     0.940 r  design_1_i/clk_0/U0/clk_wiz_0/inst/clkin1_ibufgds/O
                         net (fo=1, routed)           1.880     2.820    design_1_i/clk_0/U0/clk_wiz_0/inst/clk_in1_clk_bd_clk_wiz_0_0_buf
    BUFGCTRL_X0Y4        BUFG (Prop_bufg_I_O)         0.092     2.912 r  design_1_i/clk_0/U0/clk_wiz_0/inst/clkin1_bufg1/O
                         net (fo=1, routed)           1.487     4.399    design_1_i/clk_0/U0/clk_wiz_0/inst/clk_in1_clk_bd_clk_wiz_0_0
    MMCME2_ADV_X0Y0      MMCME2_ADV (Prop_mmcme2_adv_CLKIN1_CLKOUT0)
                                                     -3.177     1.222 r  design_1_i/clk_0/U0/clk_wiz_0/inst/mmcm_adv_inst/CLKOUT0
                         net (fo=1, routed)           1.599     2.821    design_1_i/clk_0/U0/clk_wiz_0/inst/clk_125_clk_bd_clk_wiz_0_0
    BUFGCTRL_X0Y0        BUFG (Prop_bufg_I_O)         0.091     2.912 r  design_1_i/clk_0/U0/clk_wiz_0/inst/clkout1_buf/O
                         net (fo=2421, routed)        1.550     4.462    design_1_i/adc_0/U0/ADC_0/U0/clk_125
    ILOGIC_X0Y16         FDRE                                         r  design_1_i/adc_0/U0/ADC_0/U0/data_2_reg[13]/C

Slack:                    inf
  Source:                 adc_data_2_i[4]
                            (input port clocked by adc_clk_p_i  {rise@0.000ns fall@4.000ns period=8.000ns})
  Destination:            design_1_i/adc_0/U0/ADC_0/U0/data_2_reg[4]/D
                            (rising edge-triggered cell FDRE clocked by clk_125_clk_bd_clk_wiz_0_0  {rise@0.000ns fall@4.000ns period=8.000ns})
  Path Group:             (none)
  Path Type:              Setup (Max at Slow Process Corner)
  Data Path Delay:        0.982ns  (logic 0.982ns (100.000%)  route 0.000ns (0.000%))
  Logic Levels:           1  (IBUF=1)
  Input Delay:            3.400ns
  Clock Path Skew:        4.469ns (DCD - SCD + CPR)
    Destination Clock Delay (DCD):    4.469ns
    Source Clock Delay      (SCD):    0.000ns
    Clock Pessimism Removal (CPR):    0.000ns
  Clock Uncertainty:      0.177ns  ((TSJ^2 + TIJ^2 + DJ^2)^1/2) / 2 + PE
    Total System Jitter     (TSJ):    0.071ns
    Total Input Jitter      (TIJ):    0.080ns
    Discrete Jitter          (DJ):    0.119ns
    Phase Error              (PE):    0.097ns
  Timing Exception:       False Path

    Location             Delay type                Incr(ns)  Path(ns)    Netlist Resource(s)
  -------------------------------------------------------------------    -------------------
                         (clock adc_clk_p_i rise edge)
                                                      0.000     0.000 r  
                         input delay                  3.400     3.400    
    R19                                               0.000     3.400 r  adc_data_2_i[4] (IN)
                         net (fo=0)                   0.000     3.400    adc_data_2_i[4]
    R19                  IBUF (Prop_ibuf_I_O)         0.982     4.382 r  adc_data_2_i_IBUF[4]_inst/O
                         net (fo=1, routed)           0.000     4.382    design_1_i/adc_0/U0/ADC_0/U0/adc_data_2_i[4]
    ILOGIC_X0Y49         FDRE                                         r  design_1_i/adc_0/U0/ADC_0/U0/data_2_reg[4]/D
  -------------------------------------------------------------------    -------------------

                         (clock clk_125_clk_bd_clk_wiz_0_0 rise edge)
                                                      0.000     0.000 r  
    U18                                               0.000     0.000 r  adc_clk_p_i (IN)
                         net (fo=0)                   0.000     0.000    design_1_i/clk_0/U0/clk_wiz_0/inst/clk_in1_p
    U18                  IBUFDS (Prop_ibufds_I_O)     0.940     0.940 r  design_1_i/clk_0/U0/clk_wiz_0/inst/clkin1_ibufgds/O
                         net (fo=1, routed)           1.880     2.820    design_1_i/clk_0/U0/clk_wiz_0/inst/clk_in1_clk_bd_clk_wiz_0_0_buf
    BUFGCTRL_X0Y4        BUFG (Prop_bufg_I_O)         0.092     2.912 r  design_1_i/clk_0/U0/clk_wiz_0/inst/clkin1_bufg1/O
                         net (fo=1, routed)           1.487     4.399    design_1_i/clk_0/U0/clk_wiz_0/inst/clk_in1_clk_bd_clk_wiz_0_0
    MMCME2_ADV_X0Y0      MMCME2_ADV (Prop_mmcme2_adv_CLKIN1_CLKOUT0)
                                                     -3.177     1.222 r  design_1_i/clk_0/U0/clk_wiz_0/inst/mmcm_adv_inst/CLKOUT0
                         net (fo=1, routed)           1.599     2.821    design_1_i/clk_0/U0/clk_wiz_0/inst/clk_125_clk_bd_clk_wiz_0_0
    BUFGCTRL_X0Y0        BUFG (Prop_bufg_I_O)         0.091     2.912 r  design_1_i/clk_0/U0/clk_wiz_0/inst/clkout1_buf/O
                         net (fo=2421, routed)        1.557     4.469    design_1_i/adc_0/U0/ADC_0/U0/clk_125
    ILOGIC_X0Y49         FDRE                                         r  design_1_i/adc_0/U0/ADC_0/U0/data_2_reg[4]/C

Slack:                    inf
  Source:                 adc_data_2_i[3]
                            (input port clocked by adc_clk_p_i  {rise@0.000ns fall@4.000ns period=8.000ns})
  Destination:            design_1_i/adc_0/U0/ADC_0/U0/data_2_reg[3]/D
                            (rising edge-triggered cell FDRE clocked by clk_125_clk_bd_clk_wiz_0_0  {rise@0.000ns fall@4.000ns period=8.000ns})
  Path Group:             (none)
  Path Type:              Setup (Max at Slow Process Corner)
  Data Path Delay:        0.981ns  (logic 0.981ns (100.000%)  route 0.000ns (0.000%))
  Logic Levels:           1  (IBUF=1)
  Input Delay:            3.400ns
  Clock Path Skew:        4.468ns (DCD - SCD + CPR)
    Destination Clock Delay (DCD):    4.468ns
    Source Clock Delay      (SCD):    0.000ns
    Clock Pessimism Removal (CPR):    0.000ns
  Clock Uncertainty:      0.177ns  ((TSJ^2 + TIJ^2 + DJ^2)^1/2) / 2 + PE
    Total System Jitter     (TSJ):    0.071ns
    Total Input Jitter      (TIJ):    0.080ns
    Discrete Jitter          (DJ):    0.119ns
    Phase Error              (PE):    0.097ns
  Timing Exception:       False Path

    Location             Delay type                Incr(ns)  Path(ns)    Netlist Resource(s)
  -------------------------------------------------------------------    -------------------
                         (clock adc_clk_p_i rise edge)
                                                      0.000     0.000 r  
                         input delay                  3.400     3.400    
    N17                                               0.000     3.400 r  adc_data_2_i[3] (IN)
                         net (fo=0)                   0.000     3.400    adc_data_2_i[3]
    N17                  IBUF (Prop_ibuf_I_O)         0.981     4.381 r  adc_data_2_i_IBUF[3]_inst/O
                         net (fo=1, routed)           0.000     4.381    design_1_i/adc_0/U0/ADC_0/U0/adc_data_2_i[3]
    ILOGIC_X0Y4          FDRE                                         r  design_1_i/adc_0/U0/ADC_0/U0/data_2_reg[3]/D
  -------------------------------------------------------------------    -------------------

                         (clock clk_125_clk_bd_clk_wiz_0_0 rise edge)
                                                      0.000     0.000 r  
    U18                                               0.000     0.000 r  adc_clk_p_i (IN)
                         net (fo=0)                   0.000     0.000    design_1_i/clk_0/U0/clk_wiz_0/inst/clk_in1_p
    U18                  IBUFDS (Prop_ibufds_I_O)     0.940     0.940 r  design_1_i/clk_0/U0/clk_wiz_0/inst/clkin1_ibufgds/O
                         net (fo=1, routed)           1.880     2.820    design_1_i/clk_0/U0/clk_wiz_0/inst/clk_in1_clk_bd_clk_wiz_0_0_buf
    BUFGCTRL_X0Y4        BUFG (Prop_bufg_I_O)         0.092     2.912 r  design_1_i/clk_0/U0/clk_wiz_0/inst/clkin1_bufg1/O
                         net (fo=1, routed)           1.487     4.399    design_1_i/clk_0/U0/clk_wiz_0/inst/clk_in1_clk_bd_clk_wiz_0_0
    MMCME2_ADV_X0Y0      MMCME2_ADV (Prop_mmcme2_adv_CLKIN1_CLKOUT0)
                                                     -3.177     1.222 r  design_1_i/clk_0/U0/clk_wiz_0/inst/mmcm_adv_inst/CLKOUT0
                         net (fo=1, routed)           1.599     2.821    design_1_i/clk_0/U0/clk_wiz_0/inst/clk_125_clk_bd_clk_wiz_0_0
    BUFGCTRL_X0Y0        BUFG (Prop_bufg_I_O)         0.091     2.912 r  design_1_i/clk_0/U0/clk_wiz_0/inst/clkout1_buf/O
                         net (fo=2421, routed)        1.556     4.468    design_1_i/adc_0/U0/ADC_0/U0/clk_125
    ILOGIC_X0Y4          FDRE                                         r  design_1_i/adc_0/U0/ADC_0/U0/data_2_reg[3]/C

Slack:                    inf
  Source:                 adc_data_2_i[9]
                            (input port clocked by adc_clk_p_i  {rise@0.000ns fall@4.000ns period=8.000ns})
  Destination:            design_1_i/adc_0/U0/ADC_0/U0/data_2_reg[9]/D
                            (rising edge-triggered cell FDRE clocked by clk_125_clk_bd_clk_wiz_0_0  {rise@0.000ns fall@4.000ns period=8.000ns})
  Path Group:             (none)
  Path Type:              Setup (Max at Slow Process Corner)
  Data Path Delay:        0.977ns  (logic 0.977ns (100.000%)  route 0.000ns (0.000%))
  Logic Levels:           1  (IBUF=1)
  Input Delay:            3.400ns
  Clock Path Skew:        4.461ns (DCD - SCD + CPR)
    Destination Clock Delay (DCD):    4.461ns
    Source Clock Delay      (SCD):    0.000ns
    Clock Pessimism Removal (CPR):    0.000ns
  Clock Uncertainty:      0.177ns  ((TSJ^2 + TIJ^2 + DJ^2)^1/2) / 2 + PE
    Total System Jitter     (TSJ):    0.071ns
    Total Input Jitter      (TIJ):    0.080ns
    Discrete Jitter          (DJ):    0.119ns
    Phase Error              (PE):    0.097ns
  Timing Exception:       False Path

    Location             Delay type                Incr(ns)  Path(ns)    Netlist Resource(s)
  -------------------------------------------------------------------    -------------------
                         (clock adc_clk_p_i rise edge)
                                                      0.000     0.000 r  
                         input delay                  3.400     3.400    
    W20                                               0.000     3.400 r  adc_data_2_i[9] (IN)
                         net (fo=0)                   0.000     3.400    adc_data_2_i[9]
    W20                  IBUF (Prop_ibuf_I_O)         0.977     4.377 r  adc_data_2_i_IBUF[9]_inst/O
                         net (fo=1, routed)           0.000     4.377    design_1_i/adc_0/U0/ADC_0/U0/adc_data_2_i[9]
    ILOGIC_X0Y17         FDRE                                         r  design_1_i/adc_0/U0/ADC_0/U0/data_2_reg[9]/D
  -------------------------------------------------------------------    -------------------

                         (clock clk_125_clk_bd_clk_wiz_0_0 rise edge)
                                                      0.000     0.000 r  
    U18                                               0.000     0.000 r  adc_clk_p_i (IN)
                         net (fo=0)                   0.000     0.000    design_1_i/clk_0/U0/clk_wiz_0/inst/clk_in1_p
    U18                  IBUFDS (Prop_ibufds_I_O)     0.940     0.940 r  design_1_i/clk_0/U0/clk_wiz_0/inst/clkin1_ibufgds/O
                         net (fo=1, routed)           1.880     2.820    design_1_i/clk_0/U0/clk_wiz_0/inst/clk_in1_clk_bd_clk_wiz_0_0_buf
    BUFGCTRL_X0Y4        BUFG (Prop_bufg_I_O)         0.092     2.912 r  design_1_i/clk_0/U0/clk_wiz_0/inst/clkin1_bufg1/O
                         net (fo=1, routed)           1.487     4.399    design_1_i/clk_0/U0/clk_wiz_0/inst/clk_in1_clk_bd_clk_wiz_0_0
    MMCME2_ADV_X0Y0      MMCME2_ADV (Prop_mmcme2_adv_CLKIN1_CLKOUT0)
                                                     -3.177     1.222 r  design_1_i/clk_0/U0/clk_wiz_0/inst/mmcm_adv_inst/CLKOUT0
                         net (fo=1, routed)           1.599     2.821    design_1_i/clk_0/U0/clk_wiz_0/inst/clk_125_clk_bd_clk_wiz_0_0
    BUFGCTRL_X0Y0        BUFG (Prop_bufg_I_O)         0.091     2.912 r  design_1_i/clk_0/U0/clk_wiz_0/inst/clkout1_buf/O
                         net (fo=2421, routed)        1.549     4.461    design_1_i/adc_0/U0/ADC_0/U0/clk_125
    ILOGIC_X0Y17         FDRE                                         r  design_1_i/adc_0/U0/ADC_0/U0/data_2_reg[9]/C

Slack:                    inf
  Source:                 adc_data_2_i[11]
                            (input port clocked by adc_clk_p_i  {rise@0.000ns fall@4.000ns period=8.000ns})
  Destination:            design_1_i/adc_0/U0/ADC_0/U0/data_2_reg[11]/D
                            (rising edge-triggered cell FDRE clocked by clk_125_clk_bd_clk_wiz_0_0  {rise@0.000ns fall@4.000ns period=8.000ns})
  Path Group:             (none)
  Path Type:              Setup (Max at Slow Process Corner)
  Data Path Delay:        0.977ns  (logic 0.977ns (100.000%)  route 0.000ns (0.000%))
  Logic Levels:           1  (IBUF=1)
  Input Delay:            3.400ns
  Clock Path Skew:        4.462ns (DCD - SCD + CPR)
    Destination Clock Delay (DCD):    4.462ns
    Source Clock Delay      (SCD):    0.000ns
    Clock Pessimism Removal (CPR):    0.000ns
  Clock Uncertainty:      0.177ns  ((TSJ^2 + TIJ^2 + DJ^2)^1/2) / 2 + PE
    Total System Jitter     (TSJ):    0.071ns
    Total Input Jitter      (TIJ):    0.080ns
    Discrete Jitter          (DJ):    0.119ns
    Phase Error              (PE):    0.097ns
  Timing Exception:       False Path

    Location             Delay type                Incr(ns)  Path(ns)    Netlist Resource(s)
  -------------------------------------------------------------------    -------------------
                         (clock adc_clk_p_i rise edge)
                                                      0.000     0.000 r  
                         input delay                  3.400     3.400    
    Y19                                               0.000     3.400 r  adc_data_2_i[11] (IN)
                         net (fo=0)                   0.000     3.400    adc_data_2_i[11]
    Y19                  IBUF (Prop_ibuf_I_O)         0.977     4.377 r  adc_data_2_i_IBUF[11]_inst/O
                         net (fo=1, routed)           0.000     4.377    design_1_i/adc_0/U0/ADC_0/U0/adc_data_2_i[11]
    ILOGIC_X0Y15         FDRE                                         r  design_1_i/adc_0/U0/ADC_0/U0/data_2_reg[11]/D
  -------------------------------------------------------------------    -------------------

                         (clock clk_125_clk_bd_clk_wiz_0_0 rise edge)
                                                      0.000     0.000 r  
    U18                                               0.000     0.000 r  adc_clk_p_i (IN)
                         net (fo=0)                   0.000     0.000    design_1_i/clk_0/U0/clk_wiz_0/inst/clk_in1_p
    U18                  IBUFDS (Prop_ibufds_I_O)     0.940     0.940 r  design_1_i/clk_0/U0/clk_wiz_0/inst/clkin1_ibufgds/O
                         net (fo=1, routed)           1.880     2.820    design_1_i/clk_0/U0/clk_wiz_0/inst/clk_in1_clk_bd_clk_wiz_0_0_buf
    BUFGCTRL_X0Y4        BUFG (Prop_bufg_I_O)         0.092     2.912 r  design_1_i/clk_0/U0/clk_wiz_0/inst/clkin1_bufg1/O
                         net (fo=1, routed)           1.487     4.399    design_1_i/clk_0/U0/clk_wiz_0/inst/clk_in1_clk_bd_clk_wiz_0_0
    MMCME2_ADV_X0Y0      MMCME2_ADV (Prop_mmcme2_adv_CLKIN1_CLKOUT0)
                                                     -3.177     1.222 r  design_1_i/clk_0/U0/clk_wiz_0/inst/mmcm_adv_inst/CLKOUT0
                         net (fo=1, routed)           1.599     2.821    design_1_i/clk_0/U0/clk_wiz_0/inst/clk_125_clk_bd_clk_wiz_0_0
    BUFGCTRL_X0Y0        BUFG (Prop_bufg_I_O)         0.091     2.912 r  design_1_i/clk_0/U0/clk_wiz_0/inst/clkout1_buf/O
                         net (fo=2421, routed)        1.550     4.462    design_1_i/adc_0/U0/ADC_0/U0/clk_125
    ILOGIC_X0Y15         FDRE                                         r  design_1_i/adc_0/U0/ADC_0/U0/data_2_reg[11]/C

Slack:                    inf
  Source:                 adc_data_2_i[8]
                            (input port clocked by adc_clk_p_i  {rise@0.000ns fall@4.000ns period=8.000ns})
  Destination:            design_1_i/adc_0/U0/ADC_0/U0/data_2_reg[8]/D
                            (rising edge-triggered cell FDRE clocked by clk_125_clk_bd_clk_wiz_0_0  {rise@0.000ns fall@4.000ns period=8.000ns})
  Path Group:             (none)
  Path Type:              Setup (Max at Slow Process Corner)
  Data Path Delay:        0.975ns  (logic 0.975ns (100.000%)  route 0.000ns (0.000%))
  Logic Levels:           1  (IBUF=1)
  Input Delay:            3.400ns
  Clock Path Skew:        4.461ns (DCD - SCD + CPR)
    Destination Clock Delay (DCD):    4.461ns
    Source Clock Delay      (SCD):    0.000ns
    Clock Pessimism Removal (CPR):    0.000ns
  Clock Uncertainty:      0.177ns  ((TSJ^2 + TIJ^2 + DJ^2)^1/2) / 2 + PE
    Total System Jitter     (TSJ):    0.071ns
    Total Input Jitter      (TIJ):    0.080ns
    Discrete Jitter          (DJ):    0.119ns
    Phase Error              (PE):    0.097ns
  Timing Exception:       False Path

    Location             Delay type                Incr(ns)  Path(ns)    Netlist Resource(s)
  -------------------------------------------------------------------    -------------------
                         (clock adc_clk_p_i rise edge)
                                                      0.000     0.000 r  
                         input delay                  3.400     3.400    
    V20                                               0.000     3.400 r  adc_data_2_i[8] (IN)
                         net (fo=0)                   0.000     3.400    adc_data_2_i[8]
    V20                  IBUF (Prop_ibuf_I_O)         0.975     4.375 r  adc_data_2_i_IBUF[8]_inst/O
                         net (fo=1, routed)           0.000     4.375    design_1_i/adc_0/U0/ADC_0/U0/adc_data_2_i[8]
    ILOGIC_X0Y18         FDRE                                         r  design_1_i/adc_0/U0/ADC_0/U0/data_2_reg[8]/D
  -------------------------------------------------------------------    -------------------

                         (clock clk_125_clk_bd_clk_wiz_0_0 rise edge)
                                                      0.000     0.000 r  
    U18                                               0.000     0.000 r  adc_clk_p_i (IN)
                         net (fo=0)                   0.000     0.000    design_1_i/clk_0/U0/clk_wiz_0/inst/clk_in1_p
    U18                  IBUFDS (Prop_ibufds_I_O)     0.940     0.940 r  design_1_i/clk_0/U0/clk_wiz_0/inst/clkin1_ibufgds/O
                         net (fo=1, routed)           1.880     2.820    design_1_i/clk_0/U0/clk_wiz_0/inst/clk_in1_clk_bd_clk_wiz_0_0_buf
    BUFGCTRL_X0Y4        BUFG (Prop_bufg_I_O)         0.092     2.912 r  design_1_i/clk_0/U0/clk_wiz_0/inst/clkin1_bufg1/O
                         net (fo=1, routed)           1.487     4.399    design_1_i/clk_0/U0/clk_wiz_0/inst/clk_in1_clk_bd_clk_wiz_0_0
    MMCME2_ADV_X0Y0      MMCME2_ADV (Prop_mmcme2_adv_CLKIN1_CLKOUT0)
                                                     -3.177     1.222 r  design_1_i/clk_0/U0/clk_wiz_0/inst/mmcm_adv_inst/CLKOUT0
                         net (fo=1, routed)           1.599     2.821    design_1_i/clk_0/U0/clk_wiz_0/inst/clk_125_clk_bd_clk_wiz_0_0
    BUFGCTRL_X0Y0        BUFG (Prop_bufg_I_O)         0.091     2.912 r  design_1_i/clk_0/U0/clk_wiz_0/inst/clkout1_buf/O
                         net (fo=2421, routed)        1.549     4.461    design_1_i/adc_0/U0/ADC_0/U0/clk_125
    ILOGIC_X0Y18         FDRE                                         r  design_1_i/adc_0/U0/ADC_0/U0/data_2_reg[8]/C

Slack:                    inf
  Source:                 adc_data_2_i[2]
                            (input port clocked by adc_clk_p_i  {rise@0.000ns fall@4.000ns period=8.000ns})
  Destination:            design_1_i/adc_0/U0/ADC_0/U0/data_2_reg[2]/D
                            (rising edge-triggered cell FDRE clocked by clk_125_clk_bd_clk_wiz_0_0  {rise@0.000ns fall@4.000ns period=8.000ns})
  Path Group:             (none)
  Path Type:              Setup (Max at Slow Process Corner)
  Data Path Delay:        0.972ns  (logic 0.972ns (100.000%)  route 0.000ns (0.000%))
  Logic Levels:           1  (IBUF=1)
  Input Delay:            3.400ns
  Clock Path Skew:        4.468ns (DCD - SCD + CPR)
    Destination Clock Delay (DCD):    4.468ns
    Source Clock Delay      (SCD):    0.000ns
    Clock Pessimism Removal (CPR):    0.000ns
  Clock Uncertainty:      0.177ns  ((TSJ^2 + TIJ^2 + DJ^2)^1/2) / 2 + PE
    Total System Jitter     (TSJ):    0.071ns
    Total Input Jitter      (TIJ):    0.080ns
    Discrete Jitter          (DJ):    0.119ns
    Phase Error              (PE):    0.097ns
  Timing Exception:       False Path

    Location             Delay type                Incr(ns)  Path(ns)    Netlist Resource(s)
  -------------------------------------------------------------------    -------------------
                         (clock adc_clk_p_i rise edge)
                                                      0.000     0.000 r  
                         input delay                  3.400     3.400    
    P18                                               0.000     3.400 r  adc_data_2_i[2] (IN)
                         net (fo=0)                   0.000     3.400    adc_data_2_i[2]
    P18                  IBUF (Prop_ibuf_I_O)         0.972     4.372 r  adc_data_2_i_IBUF[2]_inst/O
                         net (fo=1, routed)           0.000     4.372    design_1_i/adc_0/U0/ADC_0/U0/adc_data_2_i[2]
    ILOGIC_X0Y3          FDRE                                         r  design_1_i/adc_0/U0/ADC_0/U0/data_2_reg[2]/D
  -------------------------------------------------------------------    -------------------

                         (clock clk_125_clk_bd_clk_wiz_0_0 rise edge)
                                                      0.000     0.000 r  
    U18                                               0.000     0.000 r  adc_clk_p_i (IN)
                         net (fo=0)                   0.000     0.000    design_1_i/clk_0/U0/clk_wiz_0/inst/clk_in1_p
    U18                  IBUFDS (Prop_ibufds_I_O)     0.940     0.940 r  design_1_i/clk_0/U0/clk_wiz_0/inst/clkin1_ibufgds/O
                         net (fo=1, routed)           1.880     2.820    design_1_i/clk_0/U0/clk_wiz_0/inst/clk_in1_clk_bd_clk_wiz_0_0_buf
    BUFGCTRL_X0Y4        BUFG (Prop_bufg_I_O)         0.092     2.912 r  design_1_i/clk_0/U0/clk_wiz_0/inst/clkin1_bufg1/O
                         net (fo=1, routed)           1.487     4.399    design_1_i/clk_0/U0/clk_wiz_0/inst/clk_in1_clk_bd_clk_wiz_0_0
    MMCME2_ADV_X0Y0      MMCME2_ADV (Prop_mmcme2_adv_CLKIN1_CLKOUT0)
                                                     -3.177     1.222 r  design_1_i/clk_0/U0/clk_wiz_0/inst/mmcm_adv_inst/CLKOUT0
                         net (fo=1, routed)           1.599     2.821    design_1_i/clk_0/U0/clk_wiz_0/inst/clk_125_clk_bd_clk_wiz_0_0
    BUFGCTRL_X0Y0        BUFG (Prop_bufg_I_O)         0.091     2.912 r  design_1_i/clk_0/U0/clk_wiz_0/inst/clkout1_buf/O
                         net (fo=2421, routed)        1.556     4.468    design_1_i/adc_0/U0/ADC_0/U0/clk_125
    ILOGIC_X0Y3          FDRE                                         r  design_1_i/adc_0/U0/ADC_0/U0/data_2_reg[2]/C

Slack:                    inf
  Source:                 adc_data_2_i[5]
                            (input port clocked by adc_clk_p_i  {rise@0.000ns fall@4.000ns period=8.000ns})
  Destination:            design_1_i/adc_0/U0/ADC_0/U0/data_2_reg[5]/D
                            (rising edge-triggered cell FDRE clocked by clk_125_clk_bd_clk_wiz_0_0  {rise@0.000ns fall@4.000ns period=8.000ns})
  Path Group:             (none)
  Path Type:              Setup (Max at Slow Process Corner)
  Data Path Delay:        0.968ns  (logic 0.968ns (100.000%)  route 0.000ns (0.000%))
  Logic Levels:           1  (IBUF=1)
  Input Delay:            3.400ns
  Clock Path Skew:        4.458ns (DCD - SCD + CPR)
    Destination Clock Delay (DCD):    4.458ns
    Source Clock Delay      (SCD):    0.000ns
    Clock Pessimism Removal (CPR):    0.000ns
  Clock Uncertainty:      0.177ns  ((TSJ^2 + TIJ^2 + DJ^2)^1/2) / 2 + PE
    Total System Jitter     (TSJ):    0.071ns
    Total Input Jitter      (TIJ):    0.080ns
    Discrete Jitter          (DJ):    0.119ns
    Phase Error              (PE):    0.097ns
  Timing Exception:       False Path

    Location             Delay type                Incr(ns)  Path(ns)    Netlist Resource(s)
  -------------------------------------------------------------------    -------------------
                         (clock adc_clk_p_i rise edge)
                                                      0.000     0.000 r  
                         input delay                  3.400     3.400    
    T20                                               0.000     3.400 r  adc_data_2_i[5] (IN)
                         net (fo=0)                   0.000     3.400    adc_data_2_i[5]
    T20                  IBUF (Prop_ibuf_I_O)         0.968     4.368 r  adc_data_2_i_IBUF[5]_inst/O
                         net (fo=1, routed)           0.000     4.368    design_1_i/adc_0/U0/ADC_0/U0/adc_data_2_i[5]
    ILOGIC_X0Y20         FDRE                                         r  design_1_i/adc_0/U0/ADC_0/U0/data_2_reg[5]/D
  -------------------------------------------------------------------    -------------------

                         (clock clk_125_clk_bd_clk_wiz_0_0 rise edge)
                                                      0.000     0.000 r  
    U18                                               0.000     0.000 r  adc_clk_p_i (IN)
                         net (fo=0)                   0.000     0.000    design_1_i/clk_0/U0/clk_wiz_0/inst/clk_in1_p
    U18                  IBUFDS (Prop_ibufds_I_O)     0.940     0.940 r  design_1_i/clk_0/U0/clk_wiz_0/inst/clkin1_ibufgds/O
                         net (fo=1, routed)           1.880     2.820    design_1_i/clk_0/U0/clk_wiz_0/inst/clk_in1_clk_bd_clk_wiz_0_0_buf
    BUFGCTRL_X0Y4        BUFG (Prop_bufg_I_O)         0.092     2.912 r  design_1_i/clk_0/U0/clk_wiz_0/inst/clkin1_bufg1/O
                         net (fo=1, routed)           1.487     4.399    design_1_i/clk_0/U0/clk_wiz_0/inst/clk_in1_clk_bd_clk_wiz_0_0
    MMCME2_ADV_X0Y0      MMCME2_ADV (Prop_mmcme2_adv_CLKIN1_CLKOUT0)
                                                     -3.177     1.222 r  design_1_i/clk_0/U0/clk_wiz_0/inst/mmcm_adv_inst/CLKOUT0
                         net (fo=1, routed)           1.599     2.821    design_1_i/clk_0/U0/clk_wiz_0/inst/clk_125_clk_bd_clk_wiz_0_0
    BUFGCTRL_X0Y0        BUFG (Prop_bufg_I_O)         0.091     2.912 r  design_1_i/clk_0/U0/clk_wiz_0/inst/clkout1_buf/O
                         net (fo=2421, routed)        1.546     4.458    design_1_i/adc_0/U0/ADC_0/U0/clk_125
    ILOGIC_X0Y20         FDRE                                         r  design_1_i/adc_0/U0/ADC_0/U0/data_2_reg[5]/C





Min Delay Paths
--------------------------------------------------------------------------------------
Slack:                    inf
  Source:                 adc_data_2_i[1]
                            (input port clocked by adc_clk_p_i  {rise@0.000ns fall@4.000ns period=8.000ns})
  Destination:            design_1_i/adc_0/U0/ADC_0/U0/data_2_reg[1]/D
                            (rising edge-triggered cell FDRE clocked by clk_125_clk_bd_clk_wiz_0_0  {rise@0.000ns fall@4.000ns period=8.000ns})
  Path Group:             (none)
  Path Type:              Hold (Min at Fast Process Corner)
  Data Path Delay:        0.168ns  (logic 0.168ns (100.000%)  route 0.000ns (0.000%))
  Logic Levels:           1  (IBUF=1)
  Input Delay:            3.400ns
  Clock Path Skew:        2.002ns (DCD - SCD - CPR)
    Destination Clock Delay (DCD):    2.002ns
    Source Clock Delay      (SCD):    0.000ns
    Clock Pessimism Removal (CPR):    -0.000ns
  Clock Uncertainty:      0.177ns  ((TSJ^2 + TIJ^2 + DJ^2)^1/2) / 2 + PE
    Total System Jitter     (TSJ):    0.071ns
    Total Input Jitter      (TIJ):    0.080ns
    Discrete Jitter          (DJ):    0.119ns
    Phase Error              (PE):    0.097ns
  Timing Exception:       False Path

    Location             Delay type                Incr(ns)  Path(ns)    Netlist Resource(s)
  -------------------------------------------------------------------    -------------------
                         (clock adc_clk_p_i rise edge)
                                                      0.000     0.000 r  
                         input delay                  3.400     3.400    
    P16                                               0.000     3.400 r  adc_data_2_i[1] (IN)
                         net (fo=0)                   0.000     3.400    adc_data_2_i[1]
    P16                  IBUF (Prop_ibuf_I_O)         0.168     3.568 r  adc_data_2_i_IBUF[1]_inst/O
                         net (fo=1, routed)           0.000     3.568    design_1_i/adc_0/U0/ADC_0/U0/adc_data_2_i[1]
    ILOGIC_X0Y1          FDRE                                         r  design_1_i/adc_0/U0/ADC_0/U0/data_2_reg[1]/D
  -------------------------------------------------------------------    -------------------

                         (clock clk_125_clk_bd_clk_wiz_0_0 rise edge)
                                                      0.000     0.000 r  
    U18                                               0.000     0.000 r  adc_clk_p_i (IN)
                         net (fo=0)                   0.000     0.000    design_1_i/clk_0/U0/clk_wiz_0/inst/clk_in1_p
    U18                  IBUFDS (Prop_ibufds_I_O)     0.433     0.433 r  design_1_i/clk_0/U0/clk_wiz_0/inst/clkin1_ibufgds/O
                         net (fo=1, routed)           0.683     1.116    design_1_i/clk_0/U0/clk_wiz_0/inst/clk_in1_clk_bd_clk_wiz_0_0_buf
    BUFGCTRL_X0Y4        BUFG (Prop_bufg_I_O)         0.030     1.146 r  design_1_i/clk_0/U0/clk_wiz_0/inst/clkin1_bufg1/O
                         net (fo=1, routed)           0.812     1.958    design_1_i/clk_0/U0/clk_wiz_0/inst/clk_in1_clk_bd_clk_wiz_0_0
    MMCME2_ADV_X0Y0      MMCME2_ADV (Prop_mmcme2_adv_CLKIN1_CLKOUT0)
                                                     -1.369     0.589 r  design_1_i/clk_0/U0/clk_wiz_0/inst/mmcm_adv_inst/CLKOUT0
                         net (fo=1, routed)           0.528     1.117    design_1_i/clk_0/U0/clk_wiz_0/inst/clk_125_clk_bd_clk_wiz_0_0
    BUFGCTRL_X0Y0        BUFG (Prop_bufg_I_O)         0.029     1.146 r  design_1_i/clk_0/U0/clk_wiz_0/inst/clkout1_buf/O
                         net (fo=2421, routed)        0.856     2.002    design_1_i/adc_0/U0/ADC_0/U0/clk_125
    ILOGIC_X0Y1          FDRE                                         r  design_1_i/adc_0/U0/ADC_0/U0/data_2_reg[1]/C

Slack:                    inf
  Source:                 adc_data_2_i[0]
                            (input port clocked by adc_clk_p_i  {rise@0.000ns fall@4.000ns period=8.000ns})
  Destination:            design_1_i/adc_0/U0/ADC_0/U0/data_2_reg[0]/D
                            (rising edge-triggered cell FDRE clocked by clk_125_clk_bd_clk_wiz_0_0  {rise@0.000ns fall@4.000ns period=8.000ns})
  Path Group:             (none)
  Path Type:              Hold (Min at Fast Process Corner)
  Data Path Delay:        0.173ns  (logic 0.173ns (100.000%)  route 0.000ns (0.000%))
  Logic Levels:           1  (IBUF=1)
  Input Delay:            3.400ns
  Clock Path Skew:        2.000ns (DCD - SCD - CPR)
    Destination Clock Delay (DCD):    2.000ns
    Source Clock Delay      (SCD):    0.000ns
    Clock Pessimism Removal (CPR):    -0.000ns
  Clock Uncertainty:      0.177ns  ((TSJ^2 + TIJ^2 + DJ^2)^1/2) / 2 + PE
    Total System Jitter     (TSJ):    0.071ns
    Total Input Jitter      (TIJ):    0.080ns
    Discrete Jitter          (DJ):    0.119ns
    Phase Error              (PE):    0.097ns
  Timing Exception:       False Path

    Location             Delay type                Incr(ns)  Path(ns)    Netlist Resource(s)
  -------------------------------------------------------------------    -------------------
                         (clock adc_clk_p_i rise edge)
                                                      0.000     0.000 r  
                         input delay                  3.400     3.400    
    R18                                               0.000     3.400 r  adc_data_2_i[0] (IN)
                         net (fo=0)                   0.000     3.400    adc_data_2_i[0]
    R18                  IBUF (Prop_ibuf_I_O)         0.173     3.573 r  adc_data_2_i_IBUF[0]_inst/O
                         net (fo=1, routed)           0.000     3.573    design_1_i/adc_0/U0/ADC_0/U0/adc_data_2_i[0]
    ILOGIC_X0Y9          FDRE                                         r  design_1_i/adc_0/U0/ADC_0/U0/data_2_reg[0]/D
  -------------------------------------------------------------------    -------------------

                         (clock clk_125_clk_bd_clk_wiz_0_0 rise edge)
                                                      0.000     0.000 r  
    U18                                               0.000     0.000 r  adc_clk_p_i (IN)
                         net (fo=0)                   0.000     0.000    design_1_i/clk_0/U0/clk_wiz_0/inst/clk_in1_p
    U18                  IBUFDS (Prop_ibufds_I_O)     0.433     0.433 r  design_1_i/clk_0/U0/clk_wiz_0/inst/clkin1_ibufgds/O
                         net (fo=1, routed)           0.683     1.116    design_1_i/clk_0/U0/clk_wiz_0/inst/clk_in1_clk_bd_clk_wiz_0_0_buf
    BUFGCTRL_X0Y4        BUFG (Prop_bufg_I_O)         0.030     1.146 r  design_1_i/clk_0/U0/clk_wiz_0/inst/clkin1_bufg1/O
                         net (fo=1, routed)           0.812     1.958    design_1_i/clk_0/U0/clk_wiz_0/inst/clk_in1_clk_bd_clk_wiz_0_0
    MMCME2_ADV_X0Y0      MMCME2_ADV (Prop_mmcme2_adv_CLKIN1_CLKOUT0)
                                                     -1.369     0.589 r  design_1_i/clk_0/U0/clk_wiz_0/inst/mmcm_adv_inst/CLKOUT0
                         net (fo=1, routed)           0.528     1.117    design_1_i/clk_0/U0/clk_wiz_0/inst/clk_125_clk_bd_clk_wiz_0_0
    BUFGCTRL_X0Y0        BUFG (Prop_bufg_I_O)         0.029     1.146 r  design_1_i/clk_0/U0/clk_wiz_0/inst/clkout1_buf/O
                         net (fo=2421, routed)        0.854     2.000    design_1_i/adc_0/U0/ADC_0/U0/clk_125
    ILOGIC_X0Y9          FDRE                                         r  design_1_i/adc_0/U0/ADC_0/U0/data_2_reg[0]/C

Slack:                    inf
  Source:                 adc_data_2_i[6]
                            (input port clocked by adc_clk_p_i  {rise@0.000ns fall@4.000ns period=8.000ns})
  Destination:            design_1_i/adc_0/U0/ADC_0/U0/data_2_reg[6]/D
                            (rising edge-triggered cell FDRE clocked by clk_125_clk_bd_clk_wiz_0_0  {rise@0.000ns fall@4.000ns period=8.000ns})
  Path Group:             (none)
  Path Type:              Hold (Min at Fast Process Corner)
  Data Path Delay:        0.179ns  (logic 0.179ns (100.000%)  route 0.000ns (0.000%))
  Logic Levels:           1  (IBUF=1)
  Input Delay:            3.400ns
  Clock Path Skew:        2.002ns (DCD - SCD - CPR)
    Destination Clock Delay (DCD):    2.002ns
    Source Clock Delay      (SCD):    0.000ns
    Clock Pessimism Removal (CPR):    -0.000ns
  Clock Uncertainty:      0.177ns  ((TSJ^2 + TIJ^2 + DJ^2)^1/2) / 2 + PE
    Total System Jitter     (TSJ):    0.071ns
    Total Input Jitter      (TIJ):    0.080ns
    Discrete Jitter          (DJ):    0.119ns
    Phase Error              (PE):    0.097ns
  Timing Exception:       False Path

    Location             Delay type                Incr(ns)  Path(ns)    Netlist Resource(s)
  -------------------------------------------------------------------    -------------------
                         (clock adc_clk_p_i rise edge)
                                                      0.000     0.000 r  
                         input delay                  3.400     3.400    
    T19                                               0.000     3.400 r  adc_data_2_i[6] (IN)
                         net (fo=0)                   0.000     3.400    adc_data_2_i[6]
    T19                  IBUF (Prop_ibuf_I_O)         0.179     3.579 r  adc_data_2_i_IBUF[6]_inst/O
                         net (fo=1, routed)           0.000     3.579    design_1_i/adc_0/U0/ADC_0/U0/adc_data_2_i[6]
    ILOGIC_X0Y0          FDRE                                         r  design_1_i/adc_0/U0/ADC_0/U0/data_2_reg[6]/D
  -------------------------------------------------------------------    -------------------

                         (clock clk_125_clk_bd_clk_wiz_0_0 rise edge)
                                                      0.000     0.000 r  
    U18                                               0.000     0.000 r  adc_clk_p_i (IN)
                         net (fo=0)                   0.000     0.000    design_1_i/clk_0/U0/clk_wiz_0/inst/clk_in1_p
    U18                  IBUFDS (Prop_ibufds_I_O)     0.433     0.433 r  design_1_i/clk_0/U0/clk_wiz_0/inst/clkin1_ibufgds/O
                         net (fo=1, routed)           0.683     1.116    design_1_i/clk_0/U0/clk_wiz_0/inst/clk_in1_clk_bd_clk_wiz_0_0_buf
    BUFGCTRL_X0Y4        BUFG (Prop_bufg_I_O)         0.030     1.146 r  design_1_i/clk_0/U0/clk_wiz_0/inst/clkin1_bufg1/O
                         net (fo=1, routed)           0.812     1.958    design_1_i/clk_0/U0/clk_wiz_0/inst/clk_in1_clk_bd_clk_wiz_0_0
    MMCME2_ADV_X0Y0      MMCME2_ADV (Prop_mmcme2_adv_CLKIN1_CLKOUT0)
                                                     -1.369     0.589 r  design_1_i/clk_0/U0/clk_wiz_0/inst/mmcm_adv_inst/CLKOUT0
                         net (fo=1, routed)           0.528     1.117    design_1_i/clk_0/U0/clk_wiz_0/inst/clk_125_clk_bd_clk_wiz_0_0
    BUFGCTRL_X0Y0        BUFG (Prop_bufg_I_O)         0.029     1.146 r  design_1_i/clk_0/U0/clk_wiz_0/inst/clkout1_buf/O
                         net (fo=2421, routed)        0.856     2.002    design_1_i/adc_0/U0/ADC_0/U0/clk_125
    ILOGIC_X0Y0          FDRE                                         r  design_1_i/adc_0/U0/ADC_0/U0/data_2_reg[6]/C

Slack:                    inf
  Source:                 adc_data_1_i[13]
                            (input port clocked by adc_clk_p_i  {rise@0.000ns fall@4.000ns period=8.000ns})
  Destination:            design_1_i/adc_0/U0/ADC_0/U0/data_1_reg[13]/D
                            (rising edge-triggered cell FDRE clocked by clk_125_clk_bd_clk_wiz_0_0  {rise@0.000ns fall@4.000ns period=8.000ns})
  Path Group:             (none)
  Path Type:              Hold (Min at Fast Process Corner)
  Data Path Delay:        0.185ns  (logic 0.185ns (100.000%)  route 0.000ns (0.000%))
  Logic Levels:           1  (IBUF=1)
  Input Delay:            3.400ns
  Clock Path Skew:        1.998ns (DCD - SCD - CPR)
    Destination Clock Delay (DCD):    1.998ns
    Source Clock Delay      (SCD):    0.000ns
    Clock Pessimism Removal (CPR):    -0.000ns
  Clock Uncertainty:      0.177ns  ((TSJ^2 + TIJ^2 + DJ^2)^1/2) / 2 + PE
    Total System Jitter     (TSJ):    0.071ns
    Total Input Jitter      (TIJ):    0.080ns
    Discrete Jitter          (DJ):    0.119ns
    Phase Error              (PE):    0.097ns
  Timing Exception:       False Path

    Location             Delay type                Incr(ns)  Path(ns)    Netlist Resource(s)
  -------------------------------------------------------------------    -------------------
                         (clock adc_clk_p_i rise edge)
                                                      0.000     0.000 r  
                         input delay                  3.400     3.400    
    V16                                               0.000     3.400 r  adc_data_1_i[13] (IN)
                         net (fo=0)                   0.000     3.400    adc_data_1_i[13]
    V16                  IBUF (Prop_ibuf_I_O)         0.185     3.585 r  adc_data_1_i_IBUF[13]_inst/O
                         net (fo=1, routed)           0.000     3.585    design_1_i/adc_0/U0/ADC_0/U0/adc_data_1_i[13]
    ILOGIC_X0Y14         FDRE                                         r  design_1_i/adc_0/U0/ADC_0/U0/data_1_reg[13]/D
  -------------------------------------------------------------------    -------------------

                         (clock clk_125_clk_bd_clk_wiz_0_0 rise edge)
                                                      0.000     0.000 r  
    U18                                               0.000     0.000 r  adc_clk_p_i (IN)
                         net (fo=0)                   0.000     0.000    design_1_i/clk_0/U0/clk_wiz_0/inst/clk_in1_p
    U18                  IBUFDS (Prop_ibufds_I_O)     0.433     0.433 r  design_1_i/clk_0/U0/clk_wiz_0/inst/clkin1_ibufgds/O
                         net (fo=1, routed)           0.683     1.116    design_1_i/clk_0/U0/clk_wiz_0/inst/clk_in1_clk_bd_clk_wiz_0_0_buf
    BUFGCTRL_X0Y4        BUFG (Prop_bufg_I_O)         0.030     1.146 r  design_1_i/clk_0/U0/clk_wiz_0/inst/clkin1_bufg1/O
                         net (fo=1, routed)           0.812     1.958    design_1_i/clk_0/U0/clk_wiz_0/inst/clk_in1_clk_bd_clk_wiz_0_0
    MMCME2_ADV_X0Y0      MMCME2_ADV (Prop_mmcme2_adv_CLKIN1_CLKOUT0)
                                                     -1.369     0.589 r  design_1_i/clk_0/U0/clk_wiz_0/inst/mmcm_adv_inst/CLKOUT0
                         net (fo=1, routed)           0.528     1.117    design_1_i/clk_0/U0/clk_wiz_0/inst/clk_125_clk_bd_clk_wiz_0_0
    BUFGCTRL_X0Y0        BUFG (Prop_bufg_I_O)         0.029     1.146 r  design_1_i/clk_0/U0/clk_wiz_0/inst/clkout1_buf/O
                         net (fo=2421, routed)        0.852     1.998    design_1_i/adc_0/U0/ADC_0/U0/clk_125
    ILOGIC_X0Y14         FDRE                                         r  design_1_i/adc_0/U0/ADC_0/U0/data_1_reg[13]/C

Slack:                    inf
  Source:                 adc_data_2_i[10]
                            (input port clocked by adc_clk_p_i  {rise@0.000ns fall@4.000ns period=8.000ns})
  Destination:            design_1_i/adc_0/U0/ADC_0/U0/data_2_reg[10]/D
                            (rising edge-triggered cell FDRE clocked by clk_125_clk_bd_clk_wiz_0_0  {rise@0.000ns fall@4.000ns period=8.000ns})
  Path Group:             (none)
  Path Type:              Hold (Min at Fast Process Corner)
  Data Path Delay:        0.185ns  (logic 0.185ns (100.000%)  route 0.000ns (0.000%))
  Logic Levels:           1  (IBUF=1)
  Input Delay:            3.400ns
  Clock Path Skew:        2.000ns (DCD - SCD - CPR)
    Destination Clock Delay (DCD):    2.000ns
    Source Clock Delay      (SCD):    0.000ns
    Clock Pessimism Removal (CPR):    -0.000ns
  Clock Uncertainty:      0.177ns  ((TSJ^2 + TIJ^2 + DJ^2)^1/2) / 2 + PE
    Total System Jitter     (TSJ):    0.071ns
    Total Input Jitter      (TIJ):    0.080ns
    Discrete Jitter          (DJ):    0.119ns
    Phase Error              (PE):    0.097ns
  Timing Exception:       False Path

    Location             Delay type                Incr(ns)  Path(ns)    Netlist Resource(s)
  -------------------------------------------------------------------    -------------------
                         (clock adc_clk_p_i rise edge)
                                                      0.000     0.000 r  
                         input delay                  3.400     3.400    
    W19                                               0.000     3.400 r  adc_data_2_i[10] (IN)
                         net (fo=0)                   0.000     3.400    adc_data_2_i[10]
    W19                  IBUF (Prop_ibuf_I_O)         0.185     3.585 r  adc_data_2_i_IBUF[10]_inst/O
                         net (fo=1, routed)           0.000     3.585    design_1_i/adc_0/U0/ADC_0/U0/adc_data_2_i[10]
    ILOGIC_X0Y5          FDRE                                         r  design_1_i/adc_0/U0/ADC_0/U0/data_2_reg[10]/D
  -------------------------------------------------------------------    -------------------

                         (clock clk_125_clk_bd_clk_wiz_0_0 rise edge)
                                                      0.000     0.000 r  
    U18                                               0.000     0.000 r  adc_clk_p_i (IN)
                         net (fo=0)                   0.000     0.000    design_1_i/clk_0/U0/clk_wiz_0/inst/clk_in1_p
    U18                  IBUFDS (Prop_ibufds_I_O)     0.433     0.433 r  design_1_i/clk_0/U0/clk_wiz_0/inst/clkin1_ibufgds/O
                         net (fo=1, routed)           0.683     1.116    design_1_i/clk_0/U0/clk_wiz_0/inst/clk_in1_clk_bd_clk_wiz_0_0_buf
    BUFGCTRL_X0Y4        BUFG (Prop_bufg_I_O)         0.030     1.146 r  design_1_i/clk_0/U0/clk_wiz_0/inst/clkin1_bufg1/O
                         net (fo=1, routed)           0.812     1.958    design_1_i/clk_0/U0/clk_wiz_0/inst/clk_in1_clk_bd_clk_wiz_0_0
    MMCME2_ADV_X0Y0      MMCME2_ADV (Prop_mmcme2_adv_CLKIN1_CLKOUT0)
                                                     -1.369     0.589 r  design_1_i/clk_0/U0/clk_wiz_0/inst/mmcm_adv_inst/CLKOUT0
                         net (fo=1, routed)           0.528     1.117    design_1_i/clk_0/U0/clk_wiz_0/inst/clk_125_clk_bd_clk_wiz_0_0
    BUFGCTRL_X0Y0        BUFG (Prop_bufg_I_O)         0.029     1.146 r  design_1_i/clk_0/U0/clk_wiz_0/inst/clkout1_buf/O
                         net (fo=2421, routed)        0.854     2.000    design_1_i/adc_0/U0/ADC_0/U0/clk_125
    ILOGIC_X0Y5          FDRE                                         r  design_1_i/adc_0/U0/ADC_0/U0/data_2_reg[10]/C

Slack:                    inf
  Source:                 adc_data_2_i[12]
                            (input port clocked by adc_clk_p_i  {rise@0.000ns fall@4.000ns period=8.000ns})
  Destination:            design_1_i/adc_0/U0/ADC_0/U0/data_2_reg[12]/D
                            (rising edge-triggered cell FDRE clocked by clk_125_clk_bd_clk_wiz_0_0  {rise@0.000ns fall@4.000ns period=8.000ns})
  Path Group:             (none)
  Path Type:              Hold (Min at Fast Process Corner)
  Data Path Delay:        0.187ns  (logic 0.187ns (100.000%)  route 0.000ns (0.000%))
  Logic Levels:           1  (IBUF=1)
  Input Delay:            3.400ns
  Clock Path Skew:        2.000ns (DCD - SCD - CPR)
    Destination Clock Delay (DCD):    2.000ns
    Source Clock Delay      (SCD):    0.000ns
    Clock Pessimism Removal (CPR):    -0.000ns
  Clock Uncertainty:      0.177ns  ((TSJ^2 + TIJ^2 + DJ^2)^1/2) / 2 + PE
    Total System Jitter     (TSJ):    0.071ns
    Total Input Jitter      (TIJ):    0.080ns
    Discrete Jitter          (DJ):    0.119ns
    Phase Error              (PE):    0.097ns
  Timing Exception:       False Path

    Location             Delay type                Incr(ns)  Path(ns)    Netlist Resource(s)
  -------------------------------------------------------------------    -------------------
                         (clock adc_clk_p_i rise edge)
                                                      0.000     0.000 r  
                         input delay                  3.400     3.400    
    W18                                               0.000     3.400 r  adc_data_2_i[12] (IN)
                         net (fo=0)                   0.000     3.400    adc_data_2_i[12]
    W18                  IBUF (Prop_ibuf_I_O)         0.187     3.587 r  adc_data_2_i_IBUF[12]_inst/O
                         net (fo=1, routed)           0.000     3.587    design_1_i/adc_0/U0/ADC_0/U0/adc_data_2_i[12]
    ILOGIC_X0Y6          FDRE                                         r  design_1_i/adc_0/U0/ADC_0/U0/data_2_reg[12]/D
  -------------------------------------------------------------------    -------------------

                         (clock clk_125_clk_bd_clk_wiz_0_0 rise edge)
                                                      0.000     0.000 r  
    U18                                               0.000     0.000 r  adc_clk_p_i (IN)
                         net (fo=0)                   0.000     0.000    design_1_i/clk_0/U0/clk_wiz_0/inst/clk_in1_p
    U18                  IBUFDS (Prop_ibufds_I_O)     0.433     0.433 r  design_1_i/clk_0/U0/clk_wiz_0/inst/clkin1_ibufgds/O
                         net (fo=1, routed)           0.683     1.116    design_1_i/clk_0/U0/clk_wiz_0/inst/clk_in1_clk_bd_clk_wiz_0_0_buf
    BUFGCTRL_X0Y4        BUFG (Prop_bufg_I_O)         0.030     1.146 r  design_1_i/clk_0/U0/clk_wiz_0/inst/clkin1_bufg1/O
                         net (fo=1, routed)           0.812     1.958    design_1_i/clk_0/U0/clk_wiz_0/inst/clk_in1_clk_bd_clk_wiz_0_0
    MMCME2_ADV_X0Y0      MMCME2_ADV (Prop_mmcme2_adv_CLKIN1_CLKOUT0)
                                                     -1.369     0.589 r  design_1_i/clk_0/U0/clk_wiz_0/inst/mmcm_adv_inst/CLKOUT0
                         net (fo=1, routed)           0.528     1.117    design_1_i/clk_0/U0/clk_wiz_0/inst/clk_125_clk_bd_clk_wiz_0_0
    BUFGCTRL_X0Y0        BUFG (Prop_bufg_I_O)         0.029     1.146 r  design_1_i/clk_0/U0/clk_wiz_0/inst/clkout1_buf/O
                         net (fo=2421, routed)        0.854     2.000    design_1_i/adc_0/U0/ADC_0/U0/clk_125
    ILOGIC_X0Y6          FDRE                                         r  design_1_i/adc_0/U0/ADC_0/U0/data_2_reg[12]/C

Slack:                    inf
  Source:                 adc_data_1_i[1]
                            (input port clocked by adc_clk_p_i  {rise@0.000ns fall@4.000ns period=8.000ns})
  Destination:            design_1_i/adc_0/U0/ADC_0/U0/data_1_reg[1]/D
                            (rising edge-triggered cell FDRE clocked by clk_125_clk_bd_clk_wiz_0_0  {rise@0.000ns fall@4.000ns period=8.000ns})
  Path Group:             (none)
  Path Type:              Hold (Min at Fast Process Corner)
  Data Path Delay:        0.190ns  (logic 0.190ns (100.000%)  route 0.000ns (0.000%))
  Logic Levels:           1  (IBUF=1)
  Input Delay:            3.400ns
  Clock Path Skew:        1.998ns (DCD - SCD - CPR)
    Destination Clock Delay (DCD):    1.998ns
    Source Clock Delay      (SCD):    0.000ns
    Clock Pessimism Removal (CPR):    -0.000ns
  Clock Uncertainty:      0.177ns  ((TSJ^2 + TIJ^2 + DJ^2)^1/2) / 2 + PE
    Total System Jitter     (TSJ):    0.071ns
    Total Input Jitter      (TIJ):    0.080ns
    Discrete Jitter          (DJ):    0.119ns
    Phase Error              (PE):    0.097ns
  Timing Exception:       False Path

    Location             Delay type                Incr(ns)  Path(ns)    Netlist Resource(s)
  -------------------------------------------------------------------    -------------------
                         (clock adc_clk_p_i rise edge)
                                                      0.000     0.000 r  
                         input delay                  3.400     3.400    
    W16                                               0.000     3.400 r  adc_data_1_i[1] (IN)
                         net (fo=0)                   0.000     3.400    adc_data_1_i[1]
    W16                  IBUF (Prop_ibuf_I_O)         0.190     3.590 r  adc_data_1_i_IBUF[1]_inst/O
                         net (fo=1, routed)           0.000     3.590    design_1_i/adc_0/U0/ADC_0/U0/adc_data_1_i[1]
    ILOGIC_X0Y13         FDRE                                         r  design_1_i/adc_0/U0/ADC_0/U0/data_1_reg[1]/D
  -------------------------------------------------------------------    -------------------

                         (clock clk_125_clk_bd_clk_wiz_0_0 rise edge)
                                                      0.000     0.000 r  
    U18                                               0.000     0.000 r  adc_clk_p_i (IN)
                         net (fo=0)                   0.000     0.000    design_1_i/clk_0/U0/clk_wiz_0/inst/clk_in1_p
    U18                  IBUFDS (Prop_ibufds_I_O)     0.433     0.433 r  design_1_i/clk_0/U0/clk_wiz_0/inst/clkin1_ibufgds/O
                         net (fo=1, routed)           0.683     1.116    design_1_i/clk_0/U0/clk_wiz_0/inst/clk_in1_clk_bd_clk_wiz_0_0_buf
    BUFGCTRL_X0Y4        BUFG (Prop_bufg_I_O)         0.030     1.146 r  design_1_i/clk_0/U0/clk_wiz_0/inst/clkin1_bufg1/O
                         net (fo=1, routed)           0.812     1.958    design_1_i/clk_0/U0/clk_wiz_0/inst/clk_in1_clk_bd_clk_wiz_0_0
    MMCME2_ADV_X0Y0      MMCME2_ADV (Prop_mmcme2_adv_CLKIN1_CLKOUT0)
                                                     -1.369     0.589 r  design_1_i/clk_0/U0/clk_wiz_0/inst/mmcm_adv_inst/CLKOUT0
                         net (fo=1, routed)           0.528     1.117    design_1_i/clk_0/U0/clk_wiz_0/inst/clk_125_clk_bd_clk_wiz_0_0
    BUFGCTRL_X0Y0        BUFG (Prop_bufg_I_O)         0.029     1.146 r  design_1_i/clk_0/U0/clk_wiz_0/inst/clkout1_buf/O
                         net (fo=2421, routed)        0.852     1.998    design_1_i/adc_0/U0/ADC_0/U0/clk_125
    ILOGIC_X0Y13         FDRE                                         r  design_1_i/adc_0/U0/ADC_0/U0/data_1_reg[1]/C

Slack:                    inf
  Source:                 adc_data_2_i[7]
                            (input port clocked by adc_clk_p_i  {rise@0.000ns fall@4.000ns period=8.000ns})
  Destination:            design_1_i/adc_0/U0/ADC_0/U0/data_2_reg[7]/D
                            (rising edge-triggered cell FDRE clocked by clk_125_clk_bd_clk_wiz_0_0  {rise@0.000ns fall@4.000ns period=8.000ns})
  Path Group:             (none)
  Path Type:              Hold (Min at Fast Process Corner)
  Data Path Delay:        0.193ns  (logic 0.193ns (100.000%)  route 0.000ns (0.000%))
  Logic Levels:           1  (IBUF=1)
  Input Delay:            3.400ns
  Clock Path Skew:        1.994ns (DCD - SCD - CPR)
    Destination Clock Delay (DCD):    1.994ns
    Source Clock Delay      (SCD):    0.000ns
    Clock Pessimism Removal (CPR):    -0.000ns
  Clock Uncertainty:      0.177ns  ((TSJ^2 + TIJ^2 + DJ^2)^1/2) / 2 + PE
    Total System Jitter     (TSJ):    0.071ns
    Total Input Jitter      (TIJ):    0.080ns
    Discrete Jitter          (DJ):    0.119ns
    Phase Error              (PE):    0.097ns
  Timing Exception:       False Path

    Location             Delay type                Incr(ns)  Path(ns)    Netlist Resource(s)
  -------------------------------------------------------------------    -------------------
                         (clock adc_clk_p_i rise edge)
                                                      0.000     0.000 r  
                         input delay                  3.400     3.400    
    U20                                               0.000     3.400 r  adc_data_2_i[7] (IN)
                         net (fo=0)                   0.000     3.400    adc_data_2_i[7]
    U20                  IBUF (Prop_ibuf_I_O)         0.193     3.593 r  adc_data_2_i_IBUF[7]_inst/O
                         net (fo=1, routed)           0.000     3.593    design_1_i/adc_0/U0/ADC_0/U0/adc_data_2_i[7]
    ILOGIC_X0Y19         FDRE                                         r  design_1_i/adc_0/U0/ADC_0/U0/data_2_reg[7]/D
  -------------------------------------------------------------------    -------------------

                         (clock clk_125_clk_bd_clk_wiz_0_0 rise edge)
                                                      0.000     0.000 r  
    U18                                               0.000     0.000 r  adc_clk_p_i (IN)
                         net (fo=0)                   0.000     0.000    design_1_i/clk_0/U0/clk_wiz_0/inst/clk_in1_p
    U18                  IBUFDS (Prop_ibufds_I_O)     0.433     0.433 r  design_1_i/clk_0/U0/clk_wiz_0/inst/clkin1_ibufgds/O
                         net (fo=1, routed)           0.683     1.116    design_1_i/clk_0/U0/clk_wiz_0/inst/clk_in1_clk_bd_clk_wiz_0_0_buf
    BUFGCTRL_X0Y4        BUFG (Prop_bufg_I_O)         0.030     1.146 r  design_1_i/clk_0/U0/clk_wiz_0/inst/clkin1_bufg1/O
                         net (fo=1, routed)           0.812     1.958    design_1_i/clk_0/U0/clk_wiz_0/inst/clk_in1_clk_bd_clk_wiz_0_0
    MMCME2_ADV_X0Y0      MMCME2_ADV (Prop_mmcme2_adv_CLKIN1_CLKOUT0)
                                                     -1.369     0.589 r  design_1_i/clk_0/U0/clk_wiz_0/inst/mmcm_adv_inst/CLKOUT0
                         net (fo=1, routed)           0.528     1.117    design_1_i/clk_0/U0/clk_wiz_0/inst/clk_125_clk_bd_clk_wiz_0_0
    BUFGCTRL_X0Y0        BUFG (Prop_bufg_I_O)         0.029     1.146 r  design_1_i/clk_0/U0/clk_wiz_0/inst/clkout1_buf/O
                         net (fo=2421, routed)        0.848     1.994    design_1_i/adc_0/U0/ADC_0/U0/clk_125
    ILOGIC_X0Y19         FDRE                                         r  design_1_i/adc_0/U0/ADC_0/U0/data_2_reg[7]/C

Slack:                    inf
  Source:                 adc_data_2_i[5]
                            (input port clocked by adc_clk_p_i  {rise@0.000ns fall@4.000ns period=8.000ns})
  Destination:            design_1_i/adc_0/U0/ADC_0/U0/data_2_reg[5]/D
                            (rising edge-triggered cell FDRE clocked by clk_125_clk_bd_clk_wiz_0_0  {rise@0.000ns fall@4.000ns period=8.000ns})
  Path Group:             (none)
  Path Type:              Hold (Min at Fast Process Corner)
  Data Path Delay:        0.196ns  (logic 0.196ns (100.000%)  route 0.000ns (0.000%))
  Logic Levels:           1  (IBUF=1)
  Input Delay:            3.400ns
  Clock Path Skew:        1.994ns (DCD - SCD - CPR)
    Destination Clock Delay (DCD):    1.994ns
    Source Clock Delay      (SCD):    0.000ns
    Clock Pessimism Removal (CPR):    -0.000ns
  Clock Uncertainty:      0.177ns  ((TSJ^2 + TIJ^2 + DJ^2)^1/2) / 2 + PE
    Total System Jitter     (TSJ):    0.071ns
    Total Input Jitter      (TIJ):    0.080ns
    Discrete Jitter          (DJ):    0.119ns
    Phase Error              (PE):    0.097ns
  Timing Exception:       False Path

    Location             Delay type                Incr(ns)  Path(ns)    Netlist Resource(s)
  -------------------------------------------------------------------    -------------------
                         (clock adc_clk_p_i rise edge)
                                                      0.000     0.000 r  
                         input delay                  3.400     3.400    
    T20                                               0.000     3.400 r  adc_data_2_i[5] (IN)
                         net (fo=0)                   0.000     3.400    adc_data_2_i[5]
    T20                  IBUF (Prop_ibuf_I_O)         0.196     3.596 r  adc_data_2_i_IBUF[5]_inst/O
                         net (fo=1, routed)           0.000     3.596    design_1_i/adc_0/U0/ADC_0/U0/adc_data_2_i[5]
    ILOGIC_X0Y20         FDRE                                         r  design_1_i/adc_0/U0/ADC_0/U0/data_2_reg[5]/D
  -------------------------------------------------------------------    -------------------

                         (clock clk_125_clk_bd_clk_wiz_0_0 rise edge)
                                                      0.000     0.000 r  
    U18                                               0.000     0.000 r  adc_clk_p_i (IN)
                         net (fo=0)                   0.000     0.000    design_1_i/clk_0/U0/clk_wiz_0/inst/clk_in1_p
    U18                  IBUFDS (Prop_ibufds_I_O)     0.433     0.433 r  design_1_i/clk_0/U0/clk_wiz_0/inst/clkin1_ibufgds/O
                         net (fo=1, routed)           0.683     1.116    design_1_i/clk_0/U0/clk_wiz_0/inst/clk_in1_clk_bd_clk_wiz_0_0_buf
    BUFGCTRL_X0Y4        BUFG (Prop_bufg_I_O)         0.030     1.146 r  design_1_i/clk_0/U0/clk_wiz_0/inst/clkin1_bufg1/O
                         net (fo=1, routed)           0.812     1.958    design_1_i/clk_0/U0/clk_wiz_0/inst/clk_in1_clk_bd_clk_wiz_0_0
    MMCME2_ADV_X0Y0      MMCME2_ADV (Prop_mmcme2_adv_CLKIN1_CLKOUT0)
                                                     -1.369     0.589 r  design_1_i/clk_0/U0/clk_wiz_0/inst/mmcm_adv_inst/CLKOUT0
                         net (fo=1, routed)           0.528     1.117    design_1_i/clk_0/U0/clk_wiz_0/inst/clk_125_clk_bd_clk_wiz_0_0
    BUFGCTRL_X0Y0        BUFG (Prop_bufg_I_O)         0.029     1.146 r  design_1_i/clk_0/U0/clk_wiz_0/inst/clkout1_buf/O
                         net (fo=2421, routed)        0.848     1.994    design_1_i/adc_0/U0/ADC_0/U0/clk_125
    ILOGIC_X0Y20         FDRE                                         r  design_1_i/adc_0/U0/ADC_0/U0/data_2_reg[5]/C

Slack:                    inf
  Source:                 adc_data_2_i[2]
                            (input port clocked by adc_clk_p_i  {rise@0.000ns fall@4.000ns period=8.000ns})
  Destination:            design_1_i/adc_0/U0/ADC_0/U0/data_2_reg[2]/D
                            (rising edge-triggered cell FDRE clocked by clk_125_clk_bd_clk_wiz_0_0  {rise@0.000ns fall@4.000ns period=8.000ns})
  Path Group:             (none)
  Path Type:              Hold (Min at Fast Process Corner)
  Data Path Delay:        0.201ns  (logic 0.201ns (100.000%)  route 0.000ns (0.000%))
  Logic Levels:           1  (IBUF=1)
  Input Delay:            3.400ns
  Clock Path Skew:        2.001ns (DCD - SCD - CPR)
    Destination Clock Delay (DCD):    2.001ns
    Source Clock Delay      (SCD):    0.000ns
    Clock Pessimism Removal (CPR):    -0.000ns
  Clock Uncertainty:      0.177ns  ((TSJ^2 + TIJ^2 + DJ^2)^1/2) / 2 + PE
    Total System Jitter     (TSJ):    0.071ns
    Total Input Jitter      (TIJ):    0.080ns
    Discrete Jitter          (DJ):    0.119ns
    Phase Error              (PE):    0.097ns
  Timing Exception:       False Path

    Location             Delay type                Incr(ns)  Path(ns)    Netlist Resource(s)
  -------------------------------------------------------------------    -------------------
                         (clock adc_clk_p_i rise edge)
                                                      0.000     0.000 r  
                         input delay                  3.400     3.400    
    P18                                               0.000     3.400 r  adc_data_2_i[2] (IN)
                         net (fo=0)                   0.000     3.400    adc_data_2_i[2]
    P18                  IBUF (Prop_ibuf_I_O)         0.201     3.601 r  adc_data_2_i_IBUF[2]_inst/O
                         net (fo=1, routed)           0.000     3.601    design_1_i/adc_0/U0/ADC_0/U0/adc_data_2_i[2]
    ILOGIC_X0Y3          FDRE                                         r  design_1_i/adc_0/U0/ADC_0/U0/data_2_reg[2]/D
  -------------------------------------------------------------------    -------------------

                         (clock clk_125_clk_bd_clk_wiz_0_0 rise edge)
                                                      0.000     0.000 r  
    U18                                               0.000     0.000 r  adc_clk_p_i (IN)
                         net (fo=0)                   0.000     0.000    design_1_i/clk_0/U0/clk_wiz_0/inst/clk_in1_p
    U18                  IBUFDS (Prop_ibufds_I_O)     0.433     0.433 r  design_1_i/clk_0/U0/clk_wiz_0/inst/clkin1_ibufgds/O
                         net (fo=1, routed)           0.683     1.116    design_1_i/clk_0/U0/clk_wiz_0/inst/clk_in1_clk_bd_clk_wiz_0_0_buf
    BUFGCTRL_X0Y4        BUFG (Prop_bufg_I_O)         0.030     1.146 r  design_1_i/clk_0/U0/clk_wiz_0/inst/clkin1_bufg1/O
                         net (fo=1, routed)           0.812     1.958    design_1_i/clk_0/U0/clk_wiz_0/inst/clk_in1_clk_bd_clk_wiz_0_0
    MMCME2_ADV_X0Y0      MMCME2_ADV (Prop_mmcme2_adv_CLKIN1_CLKOUT0)
                                                     -1.369     0.589 r  design_1_i/clk_0/U0/clk_wiz_0/inst/mmcm_adv_inst/CLKOUT0
                         net (fo=1, routed)           0.528     1.117    design_1_i/clk_0/U0/clk_wiz_0/inst/clk_125_clk_bd_clk_wiz_0_0
    BUFGCTRL_X0Y0        BUFG (Prop_bufg_I_O)         0.029     1.146 r  design_1_i/clk_0/U0/clk_wiz_0/inst/clkout1_buf/O
                         net (fo=2421, routed)        0.855     2.001    design_1_i/adc_0/U0/ADC_0/U0/clk_125
    ILOGIC_X0Y3          FDRE                                         r  design_1_i/adc_0/U0/ADC_0/U0/data_2_reg[2]/C

Slack:                    inf
  Source:                 adc_data_2_i[8]
                            (input port clocked by adc_clk_p_i  {rise@0.000ns fall@4.000ns period=8.000ns})
  Destination:            design_1_i/adc_0/U0/ADC_0/U0/data_2_reg[8]/D
                            (rising edge-triggered cell FDRE clocked by clk_125_clk_bd_clk_wiz_0_0  {rise@0.000ns fall@4.000ns period=8.000ns})
  Path Group:             (none)
  Path Type:              Hold (Min at Fast Process Corner)
  Data Path Delay:        0.204ns  (logic 0.204ns (100.000%)  route 0.000ns (0.000%))
  Logic Levels:           1  (IBUF=1)
  Input Delay:            3.400ns
  Clock Path Skew:        1.996ns (DCD - SCD - CPR)
    Destination Clock Delay (DCD):    1.996ns
    Source Clock Delay      (SCD):    0.000ns
    Clock Pessimism Removal (CPR):    -0.000ns
  Clock Uncertainty:      0.177ns  ((TSJ^2 + TIJ^2 + DJ^2)^1/2) / 2 + PE
    Total System Jitter     (TSJ):    0.071ns
    Total Input Jitter      (TIJ):    0.080ns
    Discrete Jitter          (DJ):    0.119ns
    Phase Error              (PE):    0.097ns
  Timing Exception:       False Path

    Location             Delay type                Incr(ns)  Path(ns)    Netlist Resource(s)
  -------------------------------------------------------------------    -------------------
                         (clock adc_clk_p_i rise edge)
                                                      0.000     0.000 r  
                         input delay                  3.400     3.400    
    V20                                               0.000     3.400 r  adc_data_2_i[8] (IN)
                         net (fo=0)                   0.000     3.400    adc_data_2_i[8]
    V20                  IBUF (Prop_ibuf_I_O)         0.204     3.604 r  adc_data_2_i_IBUF[8]_inst/O
                         net (fo=1, routed)           0.000     3.604    design_1_i/adc_0/U0/ADC_0/U0/adc_data_2_i[8]
    ILOGIC_X0Y18         FDRE                                         r  design_1_i/adc_0/U0/ADC_0/U0/data_2_reg[8]/D
  -------------------------------------------------------------------    -------------------

                         (clock clk_125_clk_bd_clk_wiz_0_0 rise edge)
                                                      0.000     0.000 r  
    U18                                               0.000     0.000 r  adc_clk_p_i (IN)
                         net (fo=0)                   0.000     0.000    design_1_i/clk_0/U0/clk_wiz_0/inst/clk_in1_p
    U18                  IBUFDS (Prop_ibufds_I_O)     0.433     0.433 r  design_1_i/clk_0/U0/clk_wiz_0/inst/clkin1_ibufgds/O
                         net (fo=1, routed)           0.683     1.116    design_1_i/clk_0/U0/clk_wiz_0/inst/clk_in1_clk_bd_clk_wiz_0_0_buf
    BUFGCTRL_X0Y4        BUFG (Prop_bufg_I_O)         0.030     1.146 r  design_1_i/clk_0/U0/clk_wiz_0/inst/clkin1_bufg1/O
                         net (fo=1, routed)           0.812     1.958    design_1_i/clk_0/U0/clk_wiz_0/inst/clk_in1_clk_bd_clk_wiz_0_0
    MMCME2_ADV_X0Y0      MMCME2_ADV (Prop_mmcme2_adv_CLKIN1_CLKOUT0)
                                                     -1.369     0.589 r  design_1_i/clk_0/U0/clk_wiz_0/inst/mmcm_adv_inst/CLKOUT0
                         net (fo=1, routed)           0.528     1.117    design_1_i/clk_0/U0/clk_wiz_0/inst/clk_125_clk_bd_clk_wiz_0_0
    BUFGCTRL_X0Y0        BUFG (Prop_bufg_I_O)         0.029     1.146 r  design_1_i/clk_0/U0/clk_wiz_0/inst/clkout1_buf/O
                         net (fo=2421, routed)        0.850     1.996    design_1_i/adc_0/U0/ADC_0/U0/clk_125
    ILOGIC_X0Y18         FDRE                                         r  design_1_i/adc_0/U0/ADC_0/U0/data_2_reg[8]/C

Slack:                    inf
  Source:                 adc_data_2_i[11]
                            (input port clocked by adc_clk_p_i  {rise@0.000ns fall@4.000ns period=8.000ns})
  Destination:            design_1_i/adc_0/U0/ADC_0/U0/data_2_reg[11]/D
                            (rising edge-triggered cell FDRE clocked by clk_125_clk_bd_clk_wiz_0_0  {rise@0.000ns fall@4.000ns period=8.000ns})
  Path Group:             (none)
  Path Type:              Hold (Min at Fast Process Corner)
  Data Path Delay:        0.205ns  (logic 0.205ns (100.000%)  route 0.000ns (0.000%))
  Logic Levels:           1  (IBUF=1)
  Input Delay:            3.400ns
  Clock Path Skew:        1.998ns (DCD - SCD - CPR)
    Destination Clock Delay (DCD):    1.998ns
    Source Clock Delay      (SCD):    0.000ns
    Clock Pessimism Removal (CPR):    -0.000ns
  Clock Uncertainty:      0.177ns  ((TSJ^2 + TIJ^2 + DJ^2)^1/2) / 2 + PE
    Total System Jitter     (TSJ):    0.071ns
    Total Input Jitter      (TIJ):    0.080ns
    Discrete Jitter          (DJ):    0.119ns
    Phase Error              (PE):    0.097ns
  Timing Exception:       False Path

    Location             Delay type                Incr(ns)  Path(ns)    Netlist Resource(s)
  -------------------------------------------------------------------    -------------------
                         (clock adc_clk_p_i rise edge)
                                                      0.000     0.000 r  
                         input delay                  3.400     3.400    
    Y19                                               0.000     3.400 r  adc_data_2_i[11] (IN)
                         net (fo=0)                   0.000     3.400    adc_data_2_i[11]
    Y19                  IBUF (Prop_ibuf_I_O)         0.205     3.605 r  adc_data_2_i_IBUF[11]_inst/O
                         net (fo=1, routed)           0.000     3.605    design_1_i/adc_0/U0/ADC_0/U0/adc_data_2_i[11]
    ILOGIC_X0Y15         FDRE                                         r  design_1_i/adc_0/U0/ADC_0/U0/data_2_reg[11]/D
  -------------------------------------------------------------------    -------------------

                         (clock clk_125_clk_bd_clk_wiz_0_0 rise edge)
                                                      0.000     0.000 r  
    U18                                               0.000     0.000 r  adc_clk_p_i (IN)
                         net (fo=0)                   0.000     0.000    design_1_i/clk_0/U0/clk_wiz_0/inst/clk_in1_p
    U18                  IBUFDS (Prop_ibufds_I_O)     0.433     0.433 r  design_1_i/clk_0/U0/clk_wiz_0/inst/clkin1_ibufgds/O
                         net (fo=1, routed)           0.683     1.116    design_1_i/clk_0/U0/clk_wiz_0/inst/clk_in1_clk_bd_clk_wiz_0_0_buf
    BUFGCTRL_X0Y4        BUFG (Prop_bufg_I_O)         0.030     1.146 r  design_1_i/clk_0/U0/clk_wiz_0/inst/clkin1_bufg1/O
                         net (fo=1, routed)           0.812     1.958    design_1_i/clk_0/U0/clk_wiz_0/inst/clk_in1_clk_bd_clk_wiz_0_0
    MMCME2_ADV_X0Y0      MMCME2_ADV (Prop_mmcme2_adv_CLKIN1_CLKOUT0)
                                                     -1.369     0.589 r  design_1_i/clk_0/U0/clk_wiz_0/inst/mmcm_adv_inst/CLKOUT0
                         net (fo=1, routed)           0.528     1.117    design_1_i/clk_0/U0/clk_wiz_0/inst/clk_125_clk_bd_clk_wiz_0_0
    BUFGCTRL_X0Y0        BUFG (Prop_bufg_I_O)         0.029     1.146 r  design_1_i/clk_0/U0/clk_wiz_0/inst/clkout1_buf/O
                         net (fo=2421, routed)        0.852     1.998    design_1_i/adc_0/U0/ADC_0/U0/clk_125
    ILOGIC_X0Y15         FDRE                                         r  design_1_i/adc_0/U0/ADC_0/U0/data_2_reg[11]/C

Slack:                    inf
  Source:                 adc_data_2_i[9]
                            (input port clocked by adc_clk_p_i  {rise@0.000ns fall@4.000ns period=8.000ns})
  Destination:            design_1_i/adc_0/U0/ADC_0/U0/data_2_reg[9]/D
                            (rising edge-triggered cell FDRE clocked by clk_125_clk_bd_clk_wiz_0_0  {rise@0.000ns fall@4.000ns period=8.000ns})
  Path Group:             (none)
  Path Type:              Hold (Min at Fast Process Corner)
  Data Path Delay:        0.206ns  (logic 0.206ns (100.000%)  route 0.000ns (0.000%))
  Logic Levels:           1  (IBUF=1)
  Input Delay:            3.400ns
  Clock Path Skew:        1.996ns (DCD - SCD - CPR)
    Destination Clock Delay (DCD):    1.996ns
    Source Clock Delay      (SCD):    0.000ns
    Clock Pessimism Removal (CPR):    -0.000ns
  Clock Uncertainty:      0.177ns  ((TSJ^2 + TIJ^2 + DJ^2)^1/2) / 2 + PE
    Total System Jitter     (TSJ):    0.071ns
    Total Input Jitter      (TIJ):    0.080ns
    Discrete Jitter          (DJ):    0.119ns
    Phase Error              (PE):    0.097ns
  Timing Exception:       False Path

    Location             Delay type                Incr(ns)  Path(ns)    Netlist Resource(s)
  -------------------------------------------------------------------    -------------------
                         (clock adc_clk_p_i rise edge)
                                                      0.000     0.000 r  
                         input delay                  3.400     3.400    
    W20                                               0.000     3.400 r  adc_data_2_i[9] (IN)
                         net (fo=0)                   0.000     3.400    adc_data_2_i[9]
    W20                  IBUF (Prop_ibuf_I_O)         0.206     3.606 r  adc_data_2_i_IBUF[9]_inst/O
                         net (fo=1, routed)           0.000     3.606    design_1_i/adc_0/U0/ADC_0/U0/adc_data_2_i[9]
    ILOGIC_X0Y17         FDRE                                         r  design_1_i/adc_0/U0/ADC_0/U0/data_2_reg[9]/D
  -------------------------------------------------------------------    -------------------

                         (clock clk_125_clk_bd_clk_wiz_0_0 rise edge)
                                                      0.000     0.000 r  
    U18                                               0.000     0.000 r  adc_clk_p_i (IN)
                         net (fo=0)                   0.000     0.000    design_1_i/clk_0/U0/clk_wiz_0/inst/clk_in1_p
    U18                  IBUFDS (Prop_ibufds_I_O)     0.433     0.433 r  design_1_i/clk_0/U0/clk_wiz_0/inst/clkin1_ibufgds/O
                         net (fo=1, routed)           0.683     1.116    design_1_i/clk_0/U0/clk_wiz_0/inst/clk_in1_clk_bd_clk_wiz_0_0_buf
    BUFGCTRL_X0Y4        BUFG (Prop_bufg_I_O)         0.030     1.146 r  design_1_i/clk_0/U0/clk_wiz_0/inst/clkin1_bufg1/O
                         net (fo=1, routed)           0.812     1.958    design_1_i/clk_0/U0/clk_wiz_0/inst/clk_in1_clk_bd_clk_wiz_0_0
    MMCME2_ADV_X0Y0      MMCME2_ADV (Prop_mmcme2_adv_CLKIN1_CLKOUT0)
                                                     -1.369     0.589 r  design_1_i/clk_0/U0/clk_wiz_0/inst/mmcm_adv_inst/CLKOUT0
                         net (fo=1, routed)           0.528     1.117    design_1_i/clk_0/U0/clk_wiz_0/inst/clk_125_clk_bd_clk_wiz_0_0
    BUFGCTRL_X0Y0        BUFG (Prop_bufg_I_O)         0.029     1.146 r  design_1_i/clk_0/U0/clk_wiz_0/inst/clkout1_buf/O
                         net (fo=2421, routed)        0.850     1.996    design_1_i/adc_0/U0/ADC_0/U0/clk_125
    ILOGIC_X0Y17         FDRE                                         r  design_1_i/adc_0/U0/ADC_0/U0/data_2_reg[9]/C

Slack:                    inf
  Source:                 adc_data_2_i[3]
                            (input port clocked by adc_clk_p_i  {rise@0.000ns fall@4.000ns period=8.000ns})
  Destination:            design_1_i/adc_0/U0/ADC_0/U0/data_2_reg[3]/D
                            (rising edge-triggered cell FDRE clocked by clk_125_clk_bd_clk_wiz_0_0  {rise@0.000ns fall@4.000ns period=8.000ns})
  Path Group:             (none)
  Path Type:              Hold (Min at Fast Process Corner)
  Data Path Delay:        0.209ns  (logic 0.209ns (100.000%)  route 0.000ns (0.000%))
  Logic Levels:           1  (IBUF=1)
  Input Delay:            3.400ns
  Clock Path Skew:        2.001ns (DCD - SCD - CPR)
    Destination Clock Delay (DCD):    2.001ns
    Source Clock Delay      (SCD):    0.000ns
    Clock Pessimism Removal (CPR):    -0.000ns
  Clock Uncertainty:      0.177ns  ((TSJ^2 + TIJ^2 + DJ^2)^1/2) / 2 + PE
    Total System Jitter     (TSJ):    0.071ns
    Total Input Jitter      (TIJ):    0.080ns
    Discrete Jitter          (DJ):    0.119ns
    Phase Error              (PE):    0.097ns
  Timing Exception:       False Path

    Location             Delay type                Incr(ns)  Path(ns)    Netlist Resource(s)
  -------------------------------------------------------------------    -------------------
                         (clock adc_clk_p_i rise edge)
                                                      0.000     0.000 r  
                         input delay                  3.400     3.400    
    N17                                               0.000     3.400 r  adc_data_2_i[3] (IN)
                         net (fo=0)                   0.000     3.400    adc_data_2_i[3]
    N17                  IBUF (Prop_ibuf_I_O)         0.209     3.609 r  adc_data_2_i_IBUF[3]_inst/O
                         net (fo=1, routed)           0.000     3.609    design_1_i/adc_0/U0/ADC_0/U0/adc_data_2_i[3]
    ILOGIC_X0Y4          FDRE                                         r  design_1_i/adc_0/U0/ADC_0/U0/data_2_reg[3]/D
  -------------------------------------------------------------------    -------------------

                         (clock clk_125_clk_bd_clk_wiz_0_0 rise edge)
                                                      0.000     0.000 r  
    U18                                               0.000     0.000 r  adc_clk_p_i (IN)
                         net (fo=0)                   0.000     0.000    design_1_i/clk_0/U0/clk_wiz_0/inst/clk_in1_p
    U18                  IBUFDS (Prop_ibufds_I_O)     0.433     0.433 r  design_1_i/clk_0/U0/clk_wiz_0/inst/clkin1_ibufgds/O
                         net (fo=1, routed)           0.683     1.116    design_1_i/clk_0/U0/clk_wiz_0/inst/clk_in1_clk_bd_clk_wiz_0_0_buf
    BUFGCTRL_X0Y4        BUFG (Prop_bufg_I_O)         0.030     1.146 r  design_1_i/clk_0/U0/clk_wiz_0/inst/clkin1_bufg1/O
                         net (fo=1, routed)           0.812     1.958    design_1_i/clk_0/U0/clk_wiz_0/inst/clk_in1_clk_bd_clk_wiz_0_0
    MMCME2_ADV_X0Y0      MMCME2_ADV (Prop_mmcme2_adv_CLKIN1_CLKOUT0)
                                                     -1.369     0.589 r  design_1_i/clk_0/U0/clk_wiz_0/inst/mmcm_adv_inst/CLKOUT0
                         net (fo=1, routed)           0.528     1.117    design_1_i/clk_0/U0/clk_wiz_0/inst/clk_125_clk_bd_clk_wiz_0_0
    BUFGCTRL_X0Y0        BUFG (Prop_bufg_I_O)         0.029     1.146 r  design_1_i/clk_0/U0/clk_wiz_0/inst/clkout1_buf/O
                         net (fo=2421, routed)        0.855     2.001    design_1_i/adc_0/U0/ADC_0/U0/clk_125
    ILOGIC_X0Y4          FDRE                                         r  design_1_i/adc_0/U0/ADC_0/U0/data_2_reg[3]/C

Slack:                    inf
  Source:                 adc_data_2_i[4]
                            (input port clocked by adc_clk_p_i  {rise@0.000ns fall@4.000ns period=8.000ns})
  Destination:            design_1_i/adc_0/U0/ADC_0/U0/data_2_reg[4]/D
                            (rising edge-triggered cell FDRE clocked by clk_125_clk_bd_clk_wiz_0_0  {rise@0.000ns fall@4.000ns period=8.000ns})
  Path Group:             (none)
  Path Type:              Hold (Min at Fast Process Corner)
  Data Path Delay:        0.211ns  (logic 0.211ns (100.000%)  route 0.000ns (0.000%))
  Logic Levels:           1  (IBUF=1)
  Input Delay:            3.400ns
  Clock Path Skew:        2.002ns (DCD - SCD - CPR)
    Destination Clock Delay (DCD):    2.002ns
    Source Clock Delay      (SCD):    0.000ns
    Clock Pessimism Removal (CPR):    -0.000ns
  Clock Uncertainty:      0.177ns  ((TSJ^2 + TIJ^2 + DJ^2)^1/2) / 2 + PE
    Total System Jitter     (TSJ):    0.071ns
    Total Input Jitter      (TIJ):    0.080ns
    Discrete Jitter          (DJ):    0.119ns
    Phase Error              (PE):    0.097ns
  Timing Exception:       False Path

    Location             Delay type                Incr(ns)  Path(ns)    Netlist Resource(s)
  -------------------------------------------------------------------    -------------------
                         (clock adc_clk_p_i rise edge)
                                                      0.000     0.000 r  
                         input delay                  3.400     3.400    
    R19                                               0.000     3.400 r  adc_data_2_i[4] (IN)
                         net (fo=0)                   0.000     3.400    adc_data_2_i[4]
    R19                  IBUF (Prop_ibuf_I_O)         0.211     3.611 r  adc_data_2_i_IBUF[4]_inst/O
                         net (fo=1, routed)           0.000     3.611    design_1_i/adc_0/U0/ADC_0/U0/adc_data_2_i[4]
    ILOGIC_X0Y49         FDRE                                         r  design_1_i/adc_0/U0/ADC_0/U0/data_2_reg[4]/D
  -------------------------------------------------------------------    -------------------

                         (clock clk_125_clk_bd_clk_wiz_0_0 rise edge)
                                                      0.000     0.000 r  
    U18                                               0.000     0.000 r  adc_clk_p_i (IN)
                         net (fo=0)                   0.000     0.000    design_1_i/clk_0/U0/clk_wiz_0/inst/clk_in1_p
    U18                  IBUFDS (Prop_ibufds_I_O)     0.433     0.433 r  design_1_i/clk_0/U0/clk_wiz_0/inst/clkin1_ibufgds/O
                         net (fo=1, routed)           0.683     1.116    design_1_i/clk_0/U0/clk_wiz_0/inst/clk_in1_clk_bd_clk_wiz_0_0_buf
    BUFGCTRL_X0Y4        BUFG (Prop_bufg_I_O)         0.030     1.146 r  design_1_i/clk_0/U0/clk_wiz_0/inst/clkin1_bufg1/O
                         net (fo=1, routed)           0.812     1.958    design_1_i/clk_0/U0/clk_wiz_0/inst/clk_in1_clk_bd_clk_wiz_0_0
    MMCME2_ADV_X0Y0      MMCME2_ADV (Prop_mmcme2_adv_CLKIN1_CLKOUT0)
                                                     -1.369     0.589 r  design_1_i/clk_0/U0/clk_wiz_0/inst/mmcm_adv_inst/CLKOUT0
                         net (fo=1, routed)           0.528     1.117    design_1_i/clk_0/U0/clk_wiz_0/inst/clk_125_clk_bd_clk_wiz_0_0
    BUFGCTRL_X0Y0        BUFG (Prop_bufg_I_O)         0.029     1.146 r  design_1_i/clk_0/U0/clk_wiz_0/inst/clkout1_buf/O
                         net (fo=2421, routed)        0.856     2.002    design_1_i/adc_0/U0/ADC_0/U0/clk_125
    ILOGIC_X0Y49         FDRE                                         r  design_1_i/adc_0/U0/ADC_0/U0/data_2_reg[4]/C

Slack:                    inf
  Source:                 adc_data_2_i[13]
                            (input port clocked by adc_clk_p_i  {rise@0.000ns fall@4.000ns period=8.000ns})
  Destination:            design_1_i/adc_0/U0/ADC_0/U0/data_2_reg[13]/D
                            (rising edge-triggered cell FDRE clocked by clk_125_clk_bd_clk_wiz_0_0  {rise@0.000ns fall@4.000ns period=8.000ns})
  Path Group:             (none)
  Path Type:              Hold (Min at Fast Process Corner)
  Data Path Delay:        0.212ns  (logic 0.212ns (100.000%)  route 0.000ns (0.000%))
  Logic Levels:           1  (IBUF=1)
  Input Delay:            3.400ns
  Clock Path Skew:        1.998ns (DCD - SCD - CPR)
    Destination Clock Delay (DCD):    1.998ns
    Source Clock Delay      (SCD):    0.000ns
    Clock Pessimism Removal (CPR):    -0.000ns
  Clock Uncertainty:      0.177ns  ((TSJ^2 + TIJ^2 + DJ^2)^1/2) / 2 + PE
    Total System Jitter     (TSJ):    0.071ns
    Total Input Jitter      (TIJ):    0.080ns
    Discrete Jitter          (DJ):    0.119ns
    Phase Error              (PE):    0.097ns
  Timing Exception:       False Path

    Location             Delay type                Incr(ns)  Path(ns)    Netlist Resource(s)
  -------------------------------------------------------------------    -------------------
                         (clock adc_clk_p_i rise edge)
                                                      0.000     0.000 r  
                         input delay                  3.400     3.400    
    Y18                                               0.000     3.400 r  adc_data_2_i[13] (IN)
                         net (fo=0)                   0.000     3.400    adc_data_2_i[13]
    Y18                  IBUF (Prop_ibuf_I_O)         0.212     3.612 r  adc_data_2_i_IBUF[13]_inst/O
                         net (fo=1, routed)           0.000     3.612    design_1_i/adc_0/U0/ADC_0/U0/adc_data_2_i[13]
    ILOGIC_X0Y16         FDRE                                         r  design_1_i/adc_0/U0/ADC_0/U0/data_2_reg[13]/D
  -------------------------------------------------------------------    -------------------

                         (clock clk_125_clk_bd_clk_wiz_0_0 rise edge)
                                                      0.000     0.000 r  
    U18                                               0.000     0.000 r  adc_clk_p_i (IN)
                         net (fo=0)                   0.000     0.000    design_1_i/clk_0/U0/clk_wiz_0/inst/clk_in1_p
    U18                  IBUFDS (Prop_ibufds_I_O)     0.433     0.433 r  design_1_i/clk_0/U0/clk_wiz_0/inst/clkin1_ibufgds/O
                         net (fo=1, routed)           0.683     1.116    design_1_i/clk_0/U0/clk_wiz_0/inst/clk_in1_clk_bd_clk_wiz_0_0_buf
    BUFGCTRL_X0Y4        BUFG (Prop_bufg_I_O)         0.030     1.146 r  design_1_i/clk_0/U0/clk_wiz_0/inst/clkin1_bufg1/O
                         net (fo=1, routed)           0.812     1.958    design_1_i/clk_0/U0/clk_wiz_0/inst/clk_in1_clk_bd_clk_wiz_0_0
    MMCME2_ADV_X0Y0      MMCME2_ADV (Prop_mmcme2_adv_CLKIN1_CLKOUT0)
                                                     -1.369     0.589 r  design_1_i/clk_0/U0/clk_wiz_0/inst/mmcm_adv_inst/CLKOUT0
                         net (fo=1, routed)           0.528     1.117    design_1_i/clk_0/U0/clk_wiz_0/inst/clk_125_clk_bd_clk_wiz_0_0
    BUFGCTRL_X0Y0        BUFG (Prop_bufg_I_O)         0.029     1.146 r  design_1_i/clk_0/U0/clk_wiz_0/inst/clkout1_buf/O
                         net (fo=2421, routed)        0.852     1.998    design_1_i/adc_0/U0/ADC_0/U0/clk_125
    ILOGIC_X0Y16         FDRE                                         r  design_1_i/adc_0/U0/ADC_0/U0/data_2_reg[13]/C

Slack:                    inf
  Source:                 adc_data_1_i[9]
                            (input port clocked by adc_clk_p_i  {rise@0.000ns fall@4.000ns period=8.000ns})
  Destination:            design_1_i/adc_0/U0/ADC_0/U0/data_1_reg[9]/D
                            (rising edge-triggered cell FDRE clocked by clk_125_clk_bd_clk_wiz_0_0  {rise@0.000ns fall@4.000ns period=8.000ns})
  Path Group:             (none)
  Path Type:              Hold (Min at Fast Process Corner)
  Data Path Delay:        0.222ns  (logic 0.222ns (100.000%)  route 0.000ns (0.000%))
  Logic Levels:           1  (IBUF=1)
  Input Delay:            3.400ns
  Clock Path Skew:        2.000ns (DCD - SCD - CPR)
    Destination Clock Delay (DCD):    2.000ns
    Source Clock Delay      (SCD):    0.000ns
    Clock Pessimism Removal (CPR):    -0.000ns
  Clock Uncertainty:      0.177ns  ((TSJ^2 + TIJ^2 + DJ^2)^1/2) / 2 + PE
    Total System Jitter     (TSJ):    0.071ns
    Total Input Jitter      (TIJ):    0.080ns
    Discrete Jitter          (DJ):    0.119ns
    Phase Error              (PE):    0.097ns
  Timing Exception:       False Path

    Location             Delay type                Incr(ns)  Path(ns)    Netlist Resource(s)
  -------------------------------------------------------------------    -------------------
                         (clock adc_clk_p_i rise edge)
                                                      0.000     0.000 r  
                         input delay                  3.400     3.400    
    T14                                               0.000     3.400 r  adc_data_1_i[9] (IN)
                         net (fo=0)                   0.000     3.400    adc_data_1_i[9]
    T14                  IBUF (Prop_ibuf_I_O)         0.222     3.622 r  adc_data_1_i_IBUF[9]_inst/O
                         net (fo=1, routed)           0.000     3.622    design_1_i/adc_0/U0/ADC_0/U0/adc_data_1_i[9]
    ILOGIC_X0Y40         FDRE                                         r  design_1_i/adc_0/U0/ADC_0/U0/data_1_reg[9]/D
  -------------------------------------------------------------------    -------------------

                         (clock clk_125_clk_bd_clk_wiz_0_0 rise edge)
                                                      0.000     0.000 r  
    U18                                               0.000     0.000 r  adc_clk_p_i (IN)
                         net (fo=0)                   0.000     0.000    design_1_i/clk_0/U0/clk_wiz_0/inst/clk_in1_p
    U18                  IBUFDS (Prop_ibufds_I_O)     0.433     0.433 r  design_1_i/clk_0/U0/clk_wiz_0/inst/clkin1_ibufgds/O
                         net (fo=1, routed)           0.683     1.116    design_1_i/clk_0/U0/clk_wiz_0/inst/clk_in1_clk_bd_clk_wiz_0_0_buf
    BUFGCTRL_X0Y4        BUFG (Prop_bufg_I_O)         0.030     1.146 r  design_1_i/clk_0/U0/clk_wiz_0/inst/clkin1_bufg1/O
                         net (fo=1, routed)           0.812     1.958    design_1_i/clk_0/U0/clk_wiz_0/inst/clk_in1_clk_bd_clk_wiz_0_0
    MMCME2_ADV_X0Y0      MMCME2_ADV (Prop_mmcme2_adv_CLKIN1_CLKOUT0)
                                                     -1.369     0.589 r  design_1_i/clk_0/U0/clk_wiz_0/inst/mmcm_adv_inst/CLKOUT0
                         net (fo=1, routed)           0.528     1.117    design_1_i/clk_0/U0/clk_wiz_0/inst/clk_125_clk_bd_clk_wiz_0_0
    BUFGCTRL_X0Y0        BUFG (Prop_bufg_I_O)         0.029     1.146 r  design_1_i/clk_0/U0/clk_wiz_0/inst/clkout1_buf/O
                         net (fo=2421, routed)        0.854     2.000    design_1_i/adc_0/U0/ADC_0/U0/clk_125
    ILOGIC_X0Y40         FDRE                                         r  design_1_i/adc_0/U0/ADC_0/U0/data_1_reg[9]/C

Slack:                    inf
  Source:                 adc_data_1_i[10]
                            (input port clocked by adc_clk_p_i  {rise@0.000ns fall@4.000ns period=8.000ns})
  Destination:            design_1_i/adc_0/U0/ADC_0/U0/data_1_reg[10]/D
                            (rising edge-triggered cell FDRE clocked by clk_125_clk_bd_clk_wiz_0_0  {rise@0.000ns fall@4.000ns period=8.000ns})
  Path Group:             (none)
  Path Type:              Hold (Min at Fast Process Corner)
  Data Path Delay:        0.225ns  (logic 0.225ns (100.000%)  route 0.000ns (0.000%))
  Logic Levels:           1  (IBUF=1)
  Input Delay:            3.400ns
  Clock Path Skew:        2.000ns (DCD - SCD - CPR)
    Destination Clock Delay (DCD):    2.000ns
    Source Clock Delay      (SCD):    0.000ns
    Clock Pessimism Removal (CPR):    -0.000ns
  Clock Uncertainty:      0.177ns  ((TSJ^2 + TIJ^2 + DJ^2)^1/2) / 2 + PE
    Total System Jitter     (TSJ):    0.071ns
    Total Input Jitter      (TIJ):    0.080ns
    Discrete Jitter          (DJ):    0.119ns
    Phase Error              (PE):    0.097ns
  Timing Exception:       False Path

    Location             Delay type                Incr(ns)  Path(ns)    Netlist Resource(s)
  -------------------------------------------------------------------    -------------------
                         (clock adc_clk_p_i rise edge)
                                                      0.000     0.000 r  
                         input delay                  3.400     3.400    
    T15                                               0.000     3.400 r  adc_data_1_i[10] (IN)
                         net (fo=0)                   0.000     3.400    adc_data_1_i[10]
    T15                  IBUF (Prop_ibuf_I_O)         0.225     3.625 r  adc_data_1_i_IBUF[10]_inst/O
                         net (fo=1, routed)           0.000     3.625    design_1_i/adc_0/U0/ADC_0/U0/adc_data_1_i[10]
    ILOGIC_X0Y39         FDRE                                         r  design_1_i/adc_0/U0/ADC_0/U0/data_1_reg[10]/D
  -------------------------------------------------------------------    -------------------

                         (clock clk_125_clk_bd_clk_wiz_0_0 rise edge)
                                                      0.000     0.000 r  
    U18                                               0.000     0.000 r  adc_clk_p_i (IN)
                         net (fo=0)                   0.000     0.000    design_1_i/clk_0/U0/clk_wiz_0/inst/clk_in1_p
    U18                  IBUFDS (Prop_ibufds_I_O)     0.433     0.433 r  design_1_i/clk_0/U0/clk_wiz_0/inst/clkin1_ibufgds/O
                         net (fo=1, routed)           0.683     1.116    design_1_i/clk_0/U0/clk_wiz_0/inst/clk_in1_clk_bd_clk_wiz_0_0_buf
    BUFGCTRL_X0Y4        BUFG (Prop_bufg_I_O)         0.030     1.146 r  design_1_i/clk_0/U0/clk_wiz_0/inst/clkin1_bufg1/O
                         net (fo=1, routed)           0.812     1.958    design_1_i/clk_0/U0/clk_wiz_0/inst/clk_in1_clk_bd_clk_wiz_0_0
    MMCME2_ADV_X0Y0      MMCME2_ADV (Prop_mmcme2_adv_CLKIN1_CLKOUT0)
                                                     -1.369     0.589 r  design_1_i/clk_0/U0/clk_wiz_0/inst/mmcm_adv_inst/CLKOUT0
                         net (fo=1, routed)           0.528     1.117    design_1_i/clk_0/U0/clk_wiz_0/inst/clk_125_clk_bd_clk_wiz_0_0
    BUFGCTRL_X0Y0        BUFG (Prop_bufg_I_O)         0.029     1.146 r  design_1_i/clk_0/U0/clk_wiz_0/inst/clkout1_buf/O
                         net (fo=2421, routed)        0.854     2.000    design_1_i/adc_0/U0/ADC_0/U0/clk_125
    ILOGIC_X0Y39         FDRE                                         r  design_1_i/adc_0/U0/ADC_0/U0/data_1_reg[10]/C

Slack:                    inf
  Source:                 adc_data_1_i[8]
                            (input port clocked by adc_clk_p_i  {rise@0.000ns fall@4.000ns period=8.000ns})
  Destination:            design_1_i/adc_0/U0/ADC_0/U0/data_1_reg[8]/D
                            (rising edge-triggered cell FDRE clocked by clk_125_clk_bd_clk_wiz_0_0  {rise@0.000ns fall@4.000ns period=8.000ns})
  Path Group:             (none)
  Path Type:              Hold (Min at Fast Process Corner)
  Data Path Delay:        0.233ns  (logic 0.233ns (100.000%)  route 0.000ns (0.000%))
  Logic Levels:           1  (IBUF=1)
  Input Delay:            3.400ns
  Clock Path Skew:        2.000ns (DCD - SCD - CPR)
    Destination Clock Delay (DCD):    2.000ns
    Source Clock Delay      (SCD):    0.000ns
    Clock Pessimism Removal (CPR):    -0.000ns
  Clock Uncertainty:      0.177ns  ((TSJ^2 + TIJ^2 + DJ^2)^1/2) / 2 + PE
    Total System Jitter     (TSJ):    0.071ns
    Total Input Jitter      (TIJ):    0.080ns
    Discrete Jitter          (DJ):    0.119ns
    Phase Error              (PE):    0.097ns
  Timing Exception:       False Path

    Location             Delay type                Incr(ns)  Path(ns)    Netlist Resource(s)
  -------------------------------------------------------------------    -------------------
                         (clock adc_clk_p_i rise edge)
                                                      0.000     0.000 r  
                         input delay                  3.400     3.400    
    V13                                               0.000     3.400 r  adc_data_1_i[8] (IN)
                         net (fo=0)                   0.000     3.400    adc_data_1_i[8]
    V13                  IBUF (Prop_ibuf_I_O)         0.233     3.633 r  adc_data_1_i_IBUF[8]_inst/O
                         net (fo=1, routed)           0.000     3.633    design_1_i/adc_0/U0/ADC_0/U0/adc_data_1_i[8]
    ILOGIC_X0Y43         FDRE                                         r  design_1_i/adc_0/U0/ADC_0/U0/data_1_reg[8]/D
  -------------------------------------------------------------------    -------------------

                         (clock clk_125_clk_bd_clk_wiz_0_0 rise edge)
                                                      0.000     0.000 r  
    U18                                               0.000     0.000 r  adc_clk_p_i (IN)
                         net (fo=0)                   0.000     0.000    design_1_i/clk_0/U0/clk_wiz_0/inst/clk_in1_p
    U18                  IBUFDS (Prop_ibufds_I_O)     0.433     0.433 r  design_1_i/clk_0/U0/clk_wiz_0/inst/clkin1_ibufgds/O
                         net (fo=1, routed)           0.683     1.116    design_1_i/clk_0/U0/clk_wiz_0/inst/clk_in1_clk_bd_clk_wiz_0_0_buf
    BUFGCTRL_X0Y4        BUFG (Prop_bufg_I_O)         0.030     1.146 r  design_1_i/clk_0/U0/clk_wiz_0/inst/clkin1_bufg1/O
                         net (fo=1, routed)           0.812     1.958    design_1_i/clk_0/U0/clk_wiz_0/inst/clk_in1_clk_bd_clk_wiz_0_0
    MMCME2_ADV_X0Y0      MMCME2_ADV (Prop_mmcme2_adv_CLKIN1_CLKOUT0)
                                                     -1.369     0.589 r  design_1_i/clk_0/U0/clk_wiz_0/inst/mmcm_adv_inst/CLKOUT0
                         net (fo=1, routed)           0.528     1.117    design_1_i/clk_0/U0/clk_wiz_0/inst/clk_125_clk_bd_clk_wiz_0_0
    BUFGCTRL_X0Y0        BUFG (Prop_bufg_I_O)         0.029     1.146 r  design_1_i/clk_0/U0/clk_wiz_0/inst/clkout1_buf/O
                         net (fo=2421, routed)        0.854     2.000    design_1_i/adc_0/U0/ADC_0/U0/clk_125
    ILOGIC_X0Y43         FDRE                                         r  design_1_i/adc_0/U0/ADC_0/U0/data_1_reg[8]/C

Slack:                    inf
  Source:                 adc_data_1_i[12]
                            (input port clocked by adc_clk_p_i  {rise@0.000ns fall@4.000ns period=8.000ns})
  Destination:            design_1_i/adc_0/U0/ADC_0/U0/data_1_reg[12]/D
                            (rising edge-triggered cell FDRE clocked by clk_125_clk_bd_clk_wiz_0_0  {rise@0.000ns fall@4.000ns period=8.000ns})
  Path Group:             (none)
  Path Type:              Hold (Min at Fast Process Corner)
  Data Path Delay:        0.242ns  (logic 0.242ns (100.000%)  route 0.000ns (0.000%))
  Logic Levels:           1  (IBUF=1)
  Input Delay:            3.400ns
  Clock Path Skew:        1.996ns (DCD - SCD - CPR)
    Destination Clock Delay (DCD):    1.996ns
    Source Clock Delay      (SCD):    0.000ns
    Clock Pessimism Removal (CPR):    -0.000ns
  Clock Uncertainty:      0.177ns  ((TSJ^2 + TIJ^2 + DJ^2)^1/2) / 2 + PE
    Total System Jitter     (TSJ):    0.071ns
    Total Input Jitter      (TIJ):    0.080ns
    Discrete Jitter          (DJ):    0.119ns
    Phase Error              (PE):    0.097ns
  Timing Exception:       False Path

    Location             Delay type                Incr(ns)  Path(ns)    Netlist Resource(s)
  -------------------------------------------------------------------    -------------------
                         (clock adc_clk_p_i rise edge)
                                                      0.000     0.000 r  
                         input delay                  3.400     3.400    
    T16                                               0.000     3.400 r  adc_data_1_i[12] (IN)
                         net (fo=0)                   0.000     3.400    adc_data_1_i[12]
    T16                  IBUF (Prop_ibuf_I_O)         0.242     3.642 r  adc_data_1_i_IBUF[12]_inst/O
                         net (fo=1, routed)           0.000     3.642    design_1_i/adc_0/U0/ADC_0/U0/adc_data_1_i[12]
    ILOGIC_X0Y32         FDRE                                         r  design_1_i/adc_0/U0/ADC_0/U0/data_1_reg[12]/D
  -------------------------------------------------------------------    -------------------

                         (clock clk_125_clk_bd_clk_wiz_0_0 rise edge)
                                                      0.000     0.000 r  
    U18                                               0.000     0.000 r  adc_clk_p_i (IN)
                         net (fo=0)                   0.000     0.000    design_1_i/clk_0/U0/clk_wiz_0/inst/clk_in1_p
    U18                  IBUFDS (Prop_ibufds_I_O)     0.433     0.433 r  design_1_i/clk_0/U0/clk_wiz_0/inst/clkin1_ibufgds/O
                         net (fo=1, routed)           0.683     1.116    design_1_i/clk_0/U0/clk_wiz_0/inst/clk_in1_clk_bd_clk_wiz_0_0_buf
    BUFGCTRL_X0Y4        BUFG (Prop_bufg_I_O)         0.030     1.146 r  design_1_i/clk_0/U0/clk_wiz_0/inst/clkin1_bufg1/O
                         net (fo=1, routed)           0.812     1.958    design_1_i/clk_0/U0/clk_wiz_0/inst/clk_in1_clk_bd_clk_wiz_0_0
    MMCME2_ADV_X0Y0      MMCME2_ADV (Prop_mmcme2_adv_CLKIN1_CLKOUT0)
                                                     -1.369     0.589 r  design_1_i/clk_0/U0/clk_wiz_0/inst/mmcm_adv_inst/CLKOUT0
                         net (fo=1, routed)           0.528     1.117    design_1_i/clk_0/U0/clk_wiz_0/inst/clk_125_clk_bd_clk_wiz_0_0
    BUFGCTRL_X0Y0        BUFG (Prop_bufg_I_O)         0.029     1.146 r  design_1_i/clk_0/U0/clk_wiz_0/inst/clkout1_buf/O
                         net (fo=2421, routed)        0.850     1.996    design_1_i/adc_0/U0/ADC_0/U0/clk_125
    ILOGIC_X0Y32         FDRE                                         r  design_1_i/adc_0/U0/ADC_0/U0/data_1_reg[12]/C





--------------------------------------------------------------------------------------
Path Group:  (none)
From Clock:  clk_125_clk_bd_clk_wiz_0_0
  To Clock:  clk_125_clk_bd_clk_wiz_0_0

Max Delay           184 Endpoints
Min Delay           184 Endpoints
--------------------------------------------------------------------------------------


Max Delay Paths
--------------------------------------------------------------------------------------
Slack:                    inf
  Source:                 design_1_i/axi_smc/inst/clk_map/psr_aclk/U0/ACTIVE_LOW_BSR_OUT_DFF[0].FDRE_BSR_N/C
                            (rising edge-triggered cell FDRE clocked by clk_125_clk_bd_clk_wiz_0_0  {rise@0.000ns fall@4.000ns period=8.000ns})
  Destination:            design_1_i/axi_smc/inst/s00_entry_pipeline/s00_transaction_regulator/inst/xpm_cdc_async_rst_inst/arststages_ff_reg[0]/CLR
                            (recovery check against rising-edge clock clk_125_clk_bd_clk_wiz_0_0  {rise@0.000ns fall@4.000ns period=8.000ns})
  Path Group:             (none)
  Path Type:              Recovery (Max at Slow Process Corner)
  Data Path Delay:        6.040ns  (logic 0.610ns (10.099%)  route 5.430ns (89.901%))
  Logic Levels:           1  (LUT1=1)
  Clock Path Skew:        -0.456ns (DCD - SCD + CPR)
    Destination Clock Delay (DCD):    4.419ns
    Source Clock Delay      (SCD):    4.875ns
    Clock Pessimism Removal (CPR):    0.000ns
  Clock Uncertainty:      0.069ns  ((TSJ^2 + DJ^2)^1/2) / 2 + PE
    Total System Jitter     (TSJ):    0.071ns
    Discrete Jitter          (DJ):    0.119ns
    Phase Error              (PE):    0.000ns
  Timing Exception:       False Path

    Location             Delay type                Incr(ns)  Path(ns)    Netlist Resource(s)
  -------------------------------------------------------------------    -------------------
                         (clock clk_125_clk_bd_clk_wiz_0_0 rise edge)
                                                      0.000     0.000 r  
    U18                                               0.000     0.000 r  adc_clk_p_i (IN)
                         net (fo=0)                   0.000     0.000    design_1_i/clk_0/U0/clk_wiz_0/inst/clk_in1_p
    U18                  IBUFDS (Prop_ibufds_I_O)     0.983     0.983 r  design_1_i/clk_0/U0/clk_wiz_0/inst/clkin1_ibufgds/O
                         net (fo=1, routed)           2.076     3.059    design_1_i/clk_0/U0/clk_wiz_0/inst/clk_in1_clk_bd_clk_wiz_0_0_buf
    BUFGCTRL_X0Y4        BUFG (Prop_bufg_I_O)         0.102     3.161 r  design_1_i/clk_0/U0/clk_wiz_0/inst/clkin1_bufg1/O
                         net (fo=1, routed)           1.677     4.838    design_1_i/clk_0/U0/clk_wiz_0/inst/clk_in1_clk_bd_clk_wiz_0_0
    MMCME2_ADV_X0Y0      MMCME2_ADV (Prop_mmcme2_adv_CLKIN1_CLKOUT0)
                                                     -3.538     1.300 r  design_1_i/clk_0/U0/clk_wiz_0/inst/mmcm_adv_inst/CLKOUT0
                         net (fo=1, routed)           1.760     3.060    design_1_i/clk_0/U0/clk_wiz_0/inst/clk_125_clk_bd_clk_wiz_0_0
    BUFGCTRL_X0Y0        BUFG (Prop_bufg_I_O)         0.101     3.161 r  design_1_i/clk_0/U0/clk_wiz_0/inst/clkout1_buf/O
                         net (fo=2421, routed)        1.714     4.875    design_1_i/axi_smc/inst/clk_map/psr_aclk/U0/aclk
    SLICE_X2Y21          FDRE                                         r  design_1_i/axi_smc/inst/clk_map/psr_aclk/U0/ACTIVE_LOW_BSR_OUT_DFF[0].FDRE_BSR_N/C
  -------------------------------------------------------------------    -------------------
    SLICE_X2Y21          FDRE (Prop_fdre_C_Q)         0.456     5.331 r  design_1_i/axi_smc/inst/clk_map/psr_aclk/U0/ACTIVE_LOW_BSR_OUT_DFF[0].FDRE_BSR_N/Q
                         net (fo=61, routed)          4.795    10.126    design_1_i/axi_smc/inst/s00_entry_pipeline/s00_transaction_regulator/inst/xpm_cdc_async_rst_inst/src_arst
    SLICE_X9Y44          LUT1 (Prop_lut1_I0_O)        0.154    10.280 f  design_1_i/axi_smc/inst/s00_entry_pipeline/s00_transaction_regulator/inst/xpm_cdc_async_rst_inst/arststages_ff[2]_i_1/O
                         net (fo=3, routed)           0.636    10.915    design_1_i/axi_smc/inst/s00_entry_pipeline/s00_transaction_regulator/inst/xpm_cdc_async_rst_inst/reset_pol
    SLICE_X9Y44          FDCE                                         f  design_1_i/axi_smc/inst/s00_entry_pipeline/s00_transaction_regulator/inst/xpm_cdc_async_rst_inst/arststages_ff_reg[0]/CLR
  -------------------------------------------------------------------    -------------------

                         (clock clk_125_clk_bd_clk_wiz_0_0 rise edge)
                                                      0.000     0.000 r  
    U18                                               0.000     0.000 r  adc_clk_p_i (IN)
                         net (fo=0)                   0.000     0.000    design_1_i/clk_0/U0/clk_wiz_0/inst/clk_in1_p
    U18                  IBUFDS (Prop_ibufds_I_O)     0.940     0.940 r  design_1_i/clk_0/U0/clk_wiz_0/inst/clkin1_ibufgds/O
                         net (fo=1, routed)           1.880     2.820    design_1_i/clk_0/U0/clk_wiz_0/inst/clk_in1_clk_bd_clk_wiz_0_0_buf
    BUFGCTRL_X0Y4        BUFG (Prop_bufg_I_O)         0.092     2.912 r  design_1_i/clk_0/U0/clk_wiz_0/inst/clkin1_bufg1/O
                         net (fo=1, routed)           1.487     4.399    design_1_i/clk_0/U0/clk_wiz_0/inst/clk_in1_clk_bd_clk_wiz_0_0
    MMCME2_ADV_X0Y0      MMCME2_ADV (Prop_mmcme2_adv_CLKIN1_CLKOUT0)
                                                     -3.177     1.222 r  design_1_i/clk_0/U0/clk_wiz_0/inst/mmcm_adv_inst/CLKOUT0
                         net (fo=1, routed)           1.599     2.821    design_1_i/clk_0/U0/clk_wiz_0/inst/clk_125_clk_bd_clk_wiz_0_0
    BUFGCTRL_X0Y0        BUFG (Prop_bufg_I_O)         0.091     2.912 r  design_1_i/clk_0/U0/clk_wiz_0/inst/clkout1_buf/O
                         net (fo=2421, routed)        1.507     4.419    design_1_i/axi_smc/inst/s00_entry_pipeline/s00_transaction_regulator/inst/xpm_cdc_async_rst_inst/dest_clk
    SLICE_X9Y44          FDCE                                         r  design_1_i/axi_smc/inst/s00_entry_pipeline/s00_transaction_regulator/inst/xpm_cdc_async_rst_inst/arststages_ff_reg[0]/C

Slack:                    inf
  Source:                 design_1_i/axi_smc/inst/clk_map/psr_aclk/U0/ACTIVE_LOW_BSR_OUT_DFF[0].FDRE_BSR_N/C
                            (rising edge-triggered cell FDRE clocked by clk_125_clk_bd_clk_wiz_0_0  {rise@0.000ns fall@4.000ns period=8.000ns})
  Destination:            design_1_i/axi_smc/inst/s00_entry_pipeline/s00_transaction_regulator/inst/xpm_cdc_async_rst_inst/arststages_ff_reg[1]/CLR
                            (recovery check against rising-edge clock clk_125_clk_bd_clk_wiz_0_0  {rise@0.000ns fall@4.000ns period=8.000ns})
  Path Group:             (none)
  Path Type:              Recovery (Max at Slow Process Corner)
  Data Path Delay:        6.040ns  (logic 0.610ns (10.099%)  route 5.430ns (89.901%))
  Logic Levels:           1  (LUT1=1)
  Clock Path Skew:        -0.456ns (DCD - SCD + CPR)
    Destination Clock Delay (DCD):    4.419ns
    Source Clock Delay      (SCD):    4.875ns
    Clock Pessimism Removal (CPR):    0.000ns
  Clock Uncertainty:      0.069ns  ((TSJ^2 + DJ^2)^1/2) / 2 + PE
    Total System Jitter     (TSJ):    0.071ns
    Discrete Jitter          (DJ):    0.119ns
    Phase Error              (PE):    0.000ns
  Timing Exception:       False Path

    Location             Delay type                Incr(ns)  Path(ns)    Netlist Resource(s)
  -------------------------------------------------------------------    -------------------
                         (clock clk_125_clk_bd_clk_wiz_0_0 rise edge)
                                                      0.000     0.000 r  
    U18                                               0.000     0.000 r  adc_clk_p_i (IN)
                         net (fo=0)                   0.000     0.000    design_1_i/clk_0/U0/clk_wiz_0/inst/clk_in1_p
    U18                  IBUFDS (Prop_ibufds_I_O)     0.983     0.983 r  design_1_i/clk_0/U0/clk_wiz_0/inst/clkin1_ibufgds/O
                         net (fo=1, routed)           2.076     3.059    design_1_i/clk_0/U0/clk_wiz_0/inst/clk_in1_clk_bd_clk_wiz_0_0_buf
    BUFGCTRL_X0Y4        BUFG (Prop_bufg_I_O)         0.102     3.161 r  design_1_i/clk_0/U0/clk_wiz_0/inst/clkin1_bufg1/O
                         net (fo=1, routed)           1.677     4.838    design_1_i/clk_0/U0/clk_wiz_0/inst/clk_in1_clk_bd_clk_wiz_0_0
    MMCME2_ADV_X0Y0      MMCME2_ADV (Prop_mmcme2_adv_CLKIN1_CLKOUT0)
                                                     -3.538     1.300 r  design_1_i/clk_0/U0/clk_wiz_0/inst/mmcm_adv_inst/CLKOUT0
                         net (fo=1, routed)           1.760     3.060    design_1_i/clk_0/U0/clk_wiz_0/inst/clk_125_clk_bd_clk_wiz_0_0
    BUFGCTRL_X0Y0        BUFG (Prop_bufg_I_O)         0.101     3.161 r  design_1_i/clk_0/U0/clk_wiz_0/inst/clkout1_buf/O
                         net (fo=2421, routed)        1.714     4.875    design_1_i/axi_smc/inst/clk_map/psr_aclk/U0/aclk
    SLICE_X2Y21          FDRE                                         r  design_1_i/axi_smc/inst/clk_map/psr_aclk/U0/ACTIVE_LOW_BSR_OUT_DFF[0].FDRE_BSR_N/C
  -------------------------------------------------------------------    -------------------
    SLICE_X2Y21          FDRE (Prop_fdre_C_Q)         0.456     5.331 r  design_1_i/axi_smc/inst/clk_map/psr_aclk/U0/ACTIVE_LOW_BSR_OUT_DFF[0].FDRE_BSR_N/Q
                         net (fo=61, routed)          4.795    10.126    design_1_i/axi_smc/inst/s00_entry_pipeline/s00_transaction_regulator/inst/xpm_cdc_async_rst_inst/src_arst
    SLICE_X9Y44          LUT1 (Prop_lut1_I0_O)        0.154    10.280 f  design_1_i/axi_smc/inst/s00_entry_pipeline/s00_transaction_regulator/inst/xpm_cdc_async_rst_inst/arststages_ff[2]_i_1/O
                         net (fo=3, routed)           0.636    10.915    design_1_i/axi_smc/inst/s00_entry_pipeline/s00_transaction_regulator/inst/xpm_cdc_async_rst_inst/reset_pol
    SLICE_X9Y44          FDCE                                         f  design_1_i/axi_smc/inst/s00_entry_pipeline/s00_transaction_regulator/inst/xpm_cdc_async_rst_inst/arststages_ff_reg[1]/CLR
  -------------------------------------------------------------------    -------------------

                         (clock clk_125_clk_bd_clk_wiz_0_0 rise edge)
                                                      0.000     0.000 r  
    U18                                               0.000     0.000 r  adc_clk_p_i (IN)
                         net (fo=0)                   0.000     0.000    design_1_i/clk_0/U0/clk_wiz_0/inst/clk_in1_p
    U18                  IBUFDS (Prop_ibufds_I_O)     0.940     0.940 r  design_1_i/clk_0/U0/clk_wiz_0/inst/clkin1_ibufgds/O
                         net (fo=1, routed)           1.880     2.820    design_1_i/clk_0/U0/clk_wiz_0/inst/clk_in1_clk_bd_clk_wiz_0_0_buf
    BUFGCTRL_X0Y4        BUFG (Prop_bufg_I_O)         0.092     2.912 r  design_1_i/clk_0/U0/clk_wiz_0/inst/clkin1_bufg1/O
                         net (fo=1, routed)           1.487     4.399    design_1_i/clk_0/U0/clk_wiz_0/inst/clk_in1_clk_bd_clk_wiz_0_0
    MMCME2_ADV_X0Y0      MMCME2_ADV (Prop_mmcme2_adv_CLKIN1_CLKOUT0)
                                                     -3.177     1.222 r  design_1_i/clk_0/U0/clk_wiz_0/inst/mmcm_adv_inst/CLKOUT0
                         net (fo=1, routed)           1.599     2.821    design_1_i/clk_0/U0/clk_wiz_0/inst/clk_125_clk_bd_clk_wiz_0_0
    BUFGCTRL_X0Y0        BUFG (Prop_bufg_I_O)         0.091     2.912 r  design_1_i/clk_0/U0/clk_wiz_0/inst/clkout1_buf/O
                         net (fo=2421, routed)        1.507     4.419    design_1_i/axi_smc/inst/s00_entry_pipeline/s00_transaction_regulator/inst/xpm_cdc_async_rst_inst/dest_clk
    SLICE_X9Y44          FDCE                                         r  design_1_i/axi_smc/inst/s00_entry_pipeline/s00_transaction_regulator/inst/xpm_cdc_async_rst_inst/arststages_ff_reg[1]/C

Slack:                    inf
  Source:                 design_1_i/axi_smc/inst/clk_map/psr_aclk/U0/ACTIVE_LOW_BSR_OUT_DFF[0].FDRE_BSR_N/C
                            (rising edge-triggered cell FDRE clocked by clk_125_clk_bd_clk_wiz_0_0  {rise@0.000ns fall@4.000ns period=8.000ns})
  Destination:            design_1_i/axi_smc/inst/s00_entry_pipeline/s00_transaction_regulator/inst/xpm_cdc_async_rst_inst/arststages_ff_reg[2]/CLR
                            (recovery check against rising-edge clock clk_125_clk_bd_clk_wiz_0_0  {rise@0.000ns fall@4.000ns period=8.000ns})
  Path Group:             (none)
  Path Type:              Recovery (Max at Slow Process Corner)
  Data Path Delay:        6.040ns  (logic 0.610ns (10.099%)  route 5.430ns (89.901%))
  Logic Levels:           1  (LUT1=1)
  Clock Path Skew:        -0.456ns (DCD - SCD + CPR)
    Destination Clock Delay (DCD):    4.419ns
    Source Clock Delay      (SCD):    4.875ns
    Clock Pessimism Removal (CPR):    0.000ns
  Clock Uncertainty:      0.069ns  ((TSJ^2 + DJ^2)^1/2) / 2 + PE
    Total System Jitter     (TSJ):    0.071ns
    Discrete Jitter          (DJ):    0.119ns
    Phase Error              (PE):    0.000ns
  Timing Exception:       False Path

    Location             Delay type                Incr(ns)  Path(ns)    Netlist Resource(s)
  -------------------------------------------------------------------    -------------------
                         (clock clk_125_clk_bd_clk_wiz_0_0 rise edge)
                                                      0.000     0.000 r  
    U18                                               0.000     0.000 r  adc_clk_p_i (IN)
                         net (fo=0)                   0.000     0.000    design_1_i/clk_0/U0/clk_wiz_0/inst/clk_in1_p
    U18                  IBUFDS (Prop_ibufds_I_O)     0.983     0.983 r  design_1_i/clk_0/U0/clk_wiz_0/inst/clkin1_ibufgds/O
                         net (fo=1, routed)           2.076     3.059    design_1_i/clk_0/U0/clk_wiz_0/inst/clk_in1_clk_bd_clk_wiz_0_0_buf
    BUFGCTRL_X0Y4        BUFG (Prop_bufg_I_O)         0.102     3.161 r  design_1_i/clk_0/U0/clk_wiz_0/inst/clkin1_bufg1/O
                         net (fo=1, routed)           1.677     4.838    design_1_i/clk_0/U0/clk_wiz_0/inst/clk_in1_clk_bd_clk_wiz_0_0
    MMCME2_ADV_X0Y0      MMCME2_ADV (Prop_mmcme2_adv_CLKIN1_CLKOUT0)
                                                     -3.538     1.300 r  design_1_i/clk_0/U0/clk_wiz_0/inst/mmcm_adv_inst/CLKOUT0
                         net (fo=1, routed)           1.760     3.060    design_1_i/clk_0/U0/clk_wiz_0/inst/clk_125_clk_bd_clk_wiz_0_0
    BUFGCTRL_X0Y0        BUFG (Prop_bufg_I_O)         0.101     3.161 r  design_1_i/clk_0/U0/clk_wiz_0/inst/clkout1_buf/O
                         net (fo=2421, routed)        1.714     4.875    design_1_i/axi_smc/inst/clk_map/psr_aclk/U0/aclk
    SLICE_X2Y21          FDRE                                         r  design_1_i/axi_smc/inst/clk_map/psr_aclk/U0/ACTIVE_LOW_BSR_OUT_DFF[0].FDRE_BSR_N/C
  -------------------------------------------------------------------    -------------------
    SLICE_X2Y21          FDRE (Prop_fdre_C_Q)         0.456     5.331 r  design_1_i/axi_smc/inst/clk_map/psr_aclk/U0/ACTIVE_LOW_BSR_OUT_DFF[0].FDRE_BSR_N/Q
                         net (fo=61, routed)          4.795    10.126    design_1_i/axi_smc/inst/s00_entry_pipeline/s00_transaction_regulator/inst/xpm_cdc_async_rst_inst/src_arst
    SLICE_X9Y44          LUT1 (Prop_lut1_I0_O)        0.154    10.280 f  design_1_i/axi_smc/inst/s00_entry_pipeline/s00_transaction_regulator/inst/xpm_cdc_async_rst_inst/arststages_ff[2]_i_1/O
                         net (fo=3, routed)           0.636    10.915    design_1_i/axi_smc/inst/s00_entry_pipeline/s00_transaction_regulator/inst/xpm_cdc_async_rst_inst/reset_pol
    SLICE_X9Y44          FDCE                                         f  design_1_i/axi_smc/inst/s00_entry_pipeline/s00_transaction_regulator/inst/xpm_cdc_async_rst_inst/arststages_ff_reg[2]/CLR
  -------------------------------------------------------------------    -------------------

                         (clock clk_125_clk_bd_clk_wiz_0_0 rise edge)
                                                      0.000     0.000 r  
    U18                                               0.000     0.000 r  adc_clk_p_i (IN)
                         net (fo=0)                   0.000     0.000    design_1_i/clk_0/U0/clk_wiz_0/inst/clk_in1_p
    U18                  IBUFDS (Prop_ibufds_I_O)     0.940     0.940 r  design_1_i/clk_0/U0/clk_wiz_0/inst/clkin1_ibufgds/O
                         net (fo=1, routed)           1.880     2.820    design_1_i/clk_0/U0/clk_wiz_0/inst/clk_in1_clk_bd_clk_wiz_0_0_buf
    BUFGCTRL_X0Y4        BUFG (Prop_bufg_I_O)         0.092     2.912 r  design_1_i/clk_0/U0/clk_wiz_0/inst/clkin1_bufg1/O
                         net (fo=1, routed)           1.487     4.399    design_1_i/clk_0/U0/clk_wiz_0/inst/clk_in1_clk_bd_clk_wiz_0_0
    MMCME2_ADV_X0Y0      MMCME2_ADV (Prop_mmcme2_adv_CLKIN1_CLKOUT0)
                                                     -3.177     1.222 r  design_1_i/clk_0/U0/clk_wiz_0/inst/mmcm_adv_inst/CLKOUT0
                         net (fo=1, routed)           1.599     2.821    design_1_i/clk_0/U0/clk_wiz_0/inst/clk_125_clk_bd_clk_wiz_0_0
    BUFGCTRL_X0Y0        BUFG (Prop_bufg_I_O)         0.091     2.912 r  design_1_i/clk_0/U0/clk_wiz_0/inst/clkout1_buf/O
                         net (fo=2421, routed)        1.507     4.419    design_1_i/axi_smc/inst/s00_entry_pipeline/s00_transaction_regulator/inst/xpm_cdc_async_rst_inst/dest_clk
    SLICE_X9Y44          FDCE                                         r  design_1_i/axi_smc/inst/s00_entry_pipeline/s00_transaction_regulator/inst/xpm_cdc_async_rst_inst/arststages_ff_reg[2]/C

Slack:                    inf
  Source:                 design_1_i/axi_smc/inst/clk_map/psr_aclk/U0/ACTIVE_LOW_BSR_OUT_DFF[0].FDRE_BSR_N/C
                            (rising edge-triggered cell FDRE clocked by clk_125_clk_bd_clk_wiz_0_0  {rise@0.000ns fall@4.000ns period=8.000ns})
  Destination:            design_1_i/axi_smc/inst/s00_entry_pipeline/s00_mmu/inst/xpm_cdc_async_rst_inst/arststages_ff_reg[0]/CLR
                            (recovery check against rising-edge clock clk_125_clk_bd_clk_wiz_0_0  {rise@0.000ns fall@4.000ns period=8.000ns})
  Path Group:             (none)
  Path Type:              Recovery (Max at Slow Process Corner)
  Data Path Delay:        5.855ns  (logic 0.580ns (9.906%)  route 5.275ns (90.094%))
  Logic Levels:           1  (LUT1=1)
  Clock Path Skew:        -0.456ns (DCD - SCD + CPR)
    Destination Clock Delay (DCD):    4.419ns
    Source Clock Delay      (SCD):    4.875ns
    Clock Pessimism Removal (CPR):    0.000ns
  Clock Uncertainty:      0.069ns  ((TSJ^2 + DJ^2)^1/2) / 2 + PE
    Total System Jitter     (TSJ):    0.071ns
    Discrete Jitter          (DJ):    0.119ns
    Phase Error              (PE):    0.000ns
  Timing Exception:       False Path

    Location             Delay type                Incr(ns)  Path(ns)    Netlist Resource(s)
  -------------------------------------------------------------------    -------------------
                         (clock clk_125_clk_bd_clk_wiz_0_0 rise edge)
                                                      0.000     0.000 r  
    U18                                               0.000     0.000 r  adc_clk_p_i (IN)
                         net (fo=0)                   0.000     0.000    design_1_i/clk_0/U0/clk_wiz_0/inst/clk_in1_p
    U18                  IBUFDS (Prop_ibufds_I_O)     0.983     0.983 r  design_1_i/clk_0/U0/clk_wiz_0/inst/clkin1_ibufgds/O
                         net (fo=1, routed)           2.076     3.059    design_1_i/clk_0/U0/clk_wiz_0/inst/clk_in1_clk_bd_clk_wiz_0_0_buf
    BUFGCTRL_X0Y4        BUFG (Prop_bufg_I_O)         0.102     3.161 r  design_1_i/clk_0/U0/clk_wiz_0/inst/clkin1_bufg1/O
                         net (fo=1, routed)           1.677     4.838    design_1_i/clk_0/U0/clk_wiz_0/inst/clk_in1_clk_bd_clk_wiz_0_0
    MMCME2_ADV_X0Y0      MMCME2_ADV (Prop_mmcme2_adv_CLKIN1_CLKOUT0)
                                                     -3.538     1.300 r  design_1_i/clk_0/U0/clk_wiz_0/inst/mmcm_adv_inst/CLKOUT0
                         net (fo=1, routed)           1.760     3.060    design_1_i/clk_0/U0/clk_wiz_0/inst/clk_125_clk_bd_clk_wiz_0_0
    BUFGCTRL_X0Y0        BUFG (Prop_bufg_I_O)         0.101     3.161 r  design_1_i/clk_0/U0/clk_wiz_0/inst/clkout1_buf/O
                         net (fo=2421, routed)        1.714     4.875    design_1_i/axi_smc/inst/clk_map/psr_aclk/U0/aclk
    SLICE_X2Y21          FDRE                                         r  design_1_i/axi_smc/inst/clk_map/psr_aclk/U0/ACTIVE_LOW_BSR_OUT_DFF[0].FDRE_BSR_N/C
  -------------------------------------------------------------------    -------------------
    SLICE_X2Y21          FDRE (Prop_fdre_C_Q)         0.456     5.331 r  design_1_i/axi_smc/inst/clk_map/psr_aclk/U0/ACTIVE_LOW_BSR_OUT_DFF[0].FDRE_BSR_N/Q
                         net (fo=61, routed)          4.795    10.126    design_1_i/axi_smc/inst/s00_entry_pipeline/s00_mmu/inst/xpm_cdc_async_rst_inst/src_arst
    SLICE_X9Y44          LUT1 (Prop_lut1_I0_O)        0.124    10.250 f  design_1_i/axi_smc/inst/s00_entry_pipeline/s00_mmu/inst/xpm_cdc_async_rst_inst/arststages_ff[2]_i_1/O
                         net (fo=3, routed)           0.481    10.730    design_1_i/axi_smc/inst/s00_entry_pipeline/s00_mmu/inst/xpm_cdc_async_rst_inst/reset_pol
    SLICE_X9Y46          FDCE                                         f  design_1_i/axi_smc/inst/s00_entry_pipeline/s00_mmu/inst/xpm_cdc_async_rst_inst/arststages_ff_reg[0]/CLR
  -------------------------------------------------------------------    -------------------

                         (clock clk_125_clk_bd_clk_wiz_0_0 rise edge)
                                                      0.000     0.000 r  
    U18                                               0.000     0.000 r  adc_clk_p_i (IN)
                         net (fo=0)                   0.000     0.000    design_1_i/clk_0/U0/clk_wiz_0/inst/clk_in1_p
    U18                  IBUFDS (Prop_ibufds_I_O)     0.940     0.940 r  design_1_i/clk_0/U0/clk_wiz_0/inst/clkin1_ibufgds/O
                         net (fo=1, routed)           1.880     2.820    design_1_i/clk_0/U0/clk_wiz_0/inst/clk_in1_clk_bd_clk_wiz_0_0_buf
    BUFGCTRL_X0Y4        BUFG (Prop_bufg_I_O)         0.092     2.912 r  design_1_i/clk_0/U0/clk_wiz_0/inst/clkin1_bufg1/O
                         net (fo=1, routed)           1.487     4.399    design_1_i/clk_0/U0/clk_wiz_0/inst/clk_in1_clk_bd_clk_wiz_0_0
    MMCME2_ADV_X0Y0      MMCME2_ADV (Prop_mmcme2_adv_CLKIN1_CLKOUT0)
                                                     -3.177     1.222 r  design_1_i/clk_0/U0/clk_wiz_0/inst/mmcm_adv_inst/CLKOUT0
                         net (fo=1, routed)           1.599     2.821    design_1_i/clk_0/U0/clk_wiz_0/inst/clk_125_clk_bd_clk_wiz_0_0
    BUFGCTRL_X0Y0        BUFG (Prop_bufg_I_O)         0.091     2.912 r  design_1_i/clk_0/U0/clk_wiz_0/inst/clkout1_buf/O
                         net (fo=2421, routed)        1.507     4.419    design_1_i/axi_smc/inst/s00_entry_pipeline/s00_mmu/inst/xpm_cdc_async_rst_inst/dest_clk
    SLICE_X9Y46          FDCE                                         r  design_1_i/axi_smc/inst/s00_entry_pipeline/s00_mmu/inst/xpm_cdc_async_rst_inst/arststages_ff_reg[0]/C

Slack:                    inf
  Source:                 design_1_i/axi_smc/inst/clk_map/psr_aclk/U0/ACTIVE_LOW_BSR_OUT_DFF[0].FDRE_BSR_N/C
                            (rising edge-triggered cell FDRE clocked by clk_125_clk_bd_clk_wiz_0_0  {rise@0.000ns fall@4.000ns period=8.000ns})
  Destination:            design_1_i/axi_smc/inst/s00_entry_pipeline/s00_mmu/inst/xpm_cdc_async_rst_inst/arststages_ff_reg[1]/CLR
                            (recovery check against rising-edge clock clk_125_clk_bd_clk_wiz_0_0  {rise@0.000ns fall@4.000ns period=8.000ns})
  Path Group:             (none)
  Path Type:              Recovery (Max at Slow Process Corner)
  Data Path Delay:        5.855ns  (logic 0.580ns (9.906%)  route 5.275ns (90.094%))
  Logic Levels:           1  (LUT1=1)
  Clock Path Skew:        -0.456ns (DCD - SCD + CPR)
    Destination Clock Delay (DCD):    4.419ns
    Source Clock Delay      (SCD):    4.875ns
    Clock Pessimism Removal (CPR):    0.000ns
  Clock Uncertainty:      0.069ns  ((TSJ^2 + DJ^2)^1/2) / 2 + PE
    Total System Jitter     (TSJ):    0.071ns
    Discrete Jitter          (DJ):    0.119ns
    Phase Error              (PE):    0.000ns
  Timing Exception:       False Path

    Location             Delay type                Incr(ns)  Path(ns)    Netlist Resource(s)
  -------------------------------------------------------------------    -------------------
                         (clock clk_125_clk_bd_clk_wiz_0_0 rise edge)
                                                      0.000     0.000 r  
    U18                                               0.000     0.000 r  adc_clk_p_i (IN)
                         net (fo=0)                   0.000     0.000    design_1_i/clk_0/U0/clk_wiz_0/inst/clk_in1_p
    U18                  IBUFDS (Prop_ibufds_I_O)     0.983     0.983 r  design_1_i/clk_0/U0/clk_wiz_0/inst/clkin1_ibufgds/O
                         net (fo=1, routed)           2.076     3.059    design_1_i/clk_0/U0/clk_wiz_0/inst/clk_in1_clk_bd_clk_wiz_0_0_buf
    BUFGCTRL_X0Y4        BUFG (Prop_bufg_I_O)         0.102     3.161 r  design_1_i/clk_0/U0/clk_wiz_0/inst/clkin1_bufg1/O
                         net (fo=1, routed)           1.677     4.838    design_1_i/clk_0/U0/clk_wiz_0/inst/clk_in1_clk_bd_clk_wiz_0_0
    MMCME2_ADV_X0Y0      MMCME2_ADV (Prop_mmcme2_adv_CLKIN1_CLKOUT0)
                                                     -3.538     1.300 r  design_1_i/clk_0/U0/clk_wiz_0/inst/mmcm_adv_inst/CLKOUT0
                         net (fo=1, routed)           1.760     3.060    design_1_i/clk_0/U0/clk_wiz_0/inst/clk_125_clk_bd_clk_wiz_0_0
    BUFGCTRL_X0Y0        BUFG (Prop_bufg_I_O)         0.101     3.161 r  design_1_i/clk_0/U0/clk_wiz_0/inst/clkout1_buf/O
                         net (fo=2421, routed)        1.714     4.875    design_1_i/axi_smc/inst/clk_map/psr_aclk/U0/aclk
    SLICE_X2Y21          FDRE                                         r  design_1_i/axi_smc/inst/clk_map/psr_aclk/U0/ACTIVE_LOW_BSR_OUT_DFF[0].FDRE_BSR_N/C
  -------------------------------------------------------------------    -------------------
    SLICE_X2Y21          FDRE (Prop_fdre_C_Q)         0.456     5.331 r  design_1_i/axi_smc/inst/clk_map/psr_aclk/U0/ACTIVE_LOW_BSR_OUT_DFF[0].FDRE_BSR_N/Q
                         net (fo=61, routed)          4.795    10.126    design_1_i/axi_smc/inst/s00_entry_pipeline/s00_mmu/inst/xpm_cdc_async_rst_inst/src_arst
    SLICE_X9Y44          LUT1 (Prop_lut1_I0_O)        0.124    10.250 f  design_1_i/axi_smc/inst/s00_entry_pipeline/s00_mmu/inst/xpm_cdc_async_rst_inst/arststages_ff[2]_i_1/O
                         net (fo=3, routed)           0.481    10.730    design_1_i/axi_smc/inst/s00_entry_pipeline/s00_mmu/inst/xpm_cdc_async_rst_inst/reset_pol
    SLICE_X9Y46          FDCE                                         f  design_1_i/axi_smc/inst/s00_entry_pipeline/s00_mmu/inst/xpm_cdc_async_rst_inst/arststages_ff_reg[1]/CLR
  -------------------------------------------------------------------    -------------------

                         (clock clk_125_clk_bd_clk_wiz_0_0 rise edge)
                                                      0.000     0.000 r  
    U18                                               0.000     0.000 r  adc_clk_p_i (IN)
                         net (fo=0)                   0.000     0.000    design_1_i/clk_0/U0/clk_wiz_0/inst/clk_in1_p
    U18                  IBUFDS (Prop_ibufds_I_O)     0.940     0.940 r  design_1_i/clk_0/U0/clk_wiz_0/inst/clkin1_ibufgds/O
                         net (fo=1, routed)           1.880     2.820    design_1_i/clk_0/U0/clk_wiz_0/inst/clk_in1_clk_bd_clk_wiz_0_0_buf
    BUFGCTRL_X0Y4        BUFG (Prop_bufg_I_O)         0.092     2.912 r  design_1_i/clk_0/U0/clk_wiz_0/inst/clkin1_bufg1/O
                         net (fo=1, routed)           1.487     4.399    design_1_i/clk_0/U0/clk_wiz_0/inst/clk_in1_clk_bd_clk_wiz_0_0
    MMCME2_ADV_X0Y0      MMCME2_ADV (Prop_mmcme2_adv_CLKIN1_CLKOUT0)
                                                     -3.177     1.222 r  design_1_i/clk_0/U0/clk_wiz_0/inst/mmcm_adv_inst/CLKOUT0
                         net (fo=1, routed)           1.599     2.821    design_1_i/clk_0/U0/clk_wiz_0/inst/clk_125_clk_bd_clk_wiz_0_0
    BUFGCTRL_X0Y0        BUFG (Prop_bufg_I_O)         0.091     2.912 r  design_1_i/clk_0/U0/clk_wiz_0/inst/clkout1_buf/O
                         net (fo=2421, routed)        1.507     4.419    design_1_i/axi_smc/inst/s00_entry_pipeline/s00_mmu/inst/xpm_cdc_async_rst_inst/dest_clk
    SLICE_X9Y46          FDCE                                         r  design_1_i/axi_smc/inst/s00_entry_pipeline/s00_mmu/inst/xpm_cdc_async_rst_inst/arststages_ff_reg[1]/C

Slack:                    inf
  Source:                 design_1_i/axi_smc/inst/clk_map/psr_aclk/U0/ACTIVE_LOW_BSR_OUT_DFF[0].FDRE_BSR_N/C
                            (rising edge-triggered cell FDRE clocked by clk_125_clk_bd_clk_wiz_0_0  {rise@0.000ns fall@4.000ns period=8.000ns})
  Destination:            design_1_i/axi_smc/inst/s00_entry_pipeline/s00_mmu/inst/xpm_cdc_async_rst_inst/arststages_ff_reg[2]/CLR
                            (recovery check against rising-edge clock clk_125_clk_bd_clk_wiz_0_0  {rise@0.000ns fall@4.000ns period=8.000ns})
  Path Group:             (none)
  Path Type:              Recovery (Max at Slow Process Corner)
  Data Path Delay:        5.855ns  (logic 0.580ns (9.906%)  route 5.275ns (90.094%))
  Logic Levels:           1  (LUT1=1)
  Clock Path Skew:        -0.456ns (DCD - SCD + CPR)
    Destination Clock Delay (DCD):    4.419ns
    Source Clock Delay      (SCD):    4.875ns
    Clock Pessimism Removal (CPR):    0.000ns
  Clock Uncertainty:      0.069ns  ((TSJ^2 + DJ^2)^1/2) / 2 + PE
    Total System Jitter     (TSJ):    0.071ns
    Discrete Jitter          (DJ):    0.119ns
    Phase Error              (PE):    0.000ns
  Timing Exception:       False Path

    Location             Delay type                Incr(ns)  Path(ns)    Netlist Resource(s)
  -------------------------------------------------------------------    -------------------
                         (clock clk_125_clk_bd_clk_wiz_0_0 rise edge)
                                                      0.000     0.000 r  
    U18                                               0.000     0.000 r  adc_clk_p_i (IN)
                         net (fo=0)                   0.000     0.000    design_1_i/clk_0/U0/clk_wiz_0/inst/clk_in1_p
    U18                  IBUFDS (Prop_ibufds_I_O)     0.983     0.983 r  design_1_i/clk_0/U0/clk_wiz_0/inst/clkin1_ibufgds/O
                         net (fo=1, routed)           2.076     3.059    design_1_i/clk_0/U0/clk_wiz_0/inst/clk_in1_clk_bd_clk_wiz_0_0_buf
    BUFGCTRL_X0Y4        BUFG (Prop_bufg_I_O)         0.102     3.161 r  design_1_i/clk_0/U0/clk_wiz_0/inst/clkin1_bufg1/O
                         net (fo=1, routed)           1.677     4.838    design_1_i/clk_0/U0/clk_wiz_0/inst/clk_in1_clk_bd_clk_wiz_0_0
    MMCME2_ADV_X0Y0      MMCME2_ADV (Prop_mmcme2_adv_CLKIN1_CLKOUT0)
                                                     -3.538     1.300 r  design_1_i/clk_0/U0/clk_wiz_0/inst/mmcm_adv_inst/CLKOUT0
                         net (fo=1, routed)           1.760     3.060    design_1_i/clk_0/U0/clk_wiz_0/inst/clk_125_clk_bd_clk_wiz_0_0
    BUFGCTRL_X0Y0        BUFG (Prop_bufg_I_O)         0.101     3.161 r  design_1_i/clk_0/U0/clk_wiz_0/inst/clkout1_buf/O
                         net (fo=2421, routed)        1.714     4.875    design_1_i/axi_smc/inst/clk_map/psr_aclk/U0/aclk
    SLICE_X2Y21          FDRE                                         r  design_1_i/axi_smc/inst/clk_map/psr_aclk/U0/ACTIVE_LOW_BSR_OUT_DFF[0].FDRE_BSR_N/C
  -------------------------------------------------------------------    -------------------
    SLICE_X2Y21          FDRE (Prop_fdre_C_Q)         0.456     5.331 r  design_1_i/axi_smc/inst/clk_map/psr_aclk/U0/ACTIVE_LOW_BSR_OUT_DFF[0].FDRE_BSR_N/Q
                         net (fo=61, routed)          4.795    10.126    design_1_i/axi_smc/inst/s00_entry_pipeline/s00_mmu/inst/xpm_cdc_async_rst_inst/src_arst
    SLICE_X9Y44          LUT1 (Prop_lut1_I0_O)        0.124    10.250 f  design_1_i/axi_smc/inst/s00_entry_pipeline/s00_mmu/inst/xpm_cdc_async_rst_inst/arststages_ff[2]_i_1/O
                         net (fo=3, routed)           0.481    10.730    design_1_i/axi_smc/inst/s00_entry_pipeline/s00_mmu/inst/xpm_cdc_async_rst_inst/reset_pol
    SLICE_X9Y46          FDCE                                         f  design_1_i/axi_smc/inst/s00_entry_pipeline/s00_mmu/inst/xpm_cdc_async_rst_inst/arststages_ff_reg[2]/CLR
  -------------------------------------------------------------------    -------------------

                         (clock clk_125_clk_bd_clk_wiz_0_0 rise edge)
                                                      0.000     0.000 r  
    U18                                               0.000     0.000 r  adc_clk_p_i (IN)
                         net (fo=0)                   0.000     0.000    design_1_i/clk_0/U0/clk_wiz_0/inst/clk_in1_p
    U18                  IBUFDS (Prop_ibufds_I_O)     0.940     0.940 r  design_1_i/clk_0/U0/clk_wiz_0/inst/clkin1_ibufgds/O
                         net (fo=1, routed)           1.880     2.820    design_1_i/clk_0/U0/clk_wiz_0/inst/clk_in1_clk_bd_clk_wiz_0_0_buf
    BUFGCTRL_X0Y4        BUFG (Prop_bufg_I_O)         0.092     2.912 r  design_1_i/clk_0/U0/clk_wiz_0/inst/clkin1_bufg1/O
                         net (fo=1, routed)           1.487     4.399    design_1_i/clk_0/U0/clk_wiz_0/inst/clk_in1_clk_bd_clk_wiz_0_0
    MMCME2_ADV_X0Y0      MMCME2_ADV (Prop_mmcme2_adv_CLKIN1_CLKOUT0)
                                                     -3.177     1.222 r  design_1_i/clk_0/U0/clk_wiz_0/inst/mmcm_adv_inst/CLKOUT0
                         net (fo=1, routed)           1.599     2.821    design_1_i/clk_0/U0/clk_wiz_0/inst/clk_125_clk_bd_clk_wiz_0_0
    BUFGCTRL_X0Y0        BUFG (Prop_bufg_I_O)         0.091     2.912 r  design_1_i/clk_0/U0/clk_wiz_0/inst/clkout1_buf/O
                         net (fo=2421, routed)        1.507     4.419    design_1_i/axi_smc/inst/s00_entry_pipeline/s00_mmu/inst/xpm_cdc_async_rst_inst/dest_clk
    SLICE_X9Y46          FDCE                                         r  design_1_i/axi_smc/inst/s00_entry_pipeline/s00_mmu/inst/xpm_cdc_async_rst_inst/arststages_ff_reg[2]/C

Slack:                    inf
  Source:                 design_1_i/axi_smc/inst/clk_map/psr_aclk/U0/ACTIVE_LOW_BSR_OUT_DFF[0].FDRE_BSR_N/C
                            (rising edge-triggered cell FDRE clocked by clk_125_clk_bd_clk_wiz_0_0  {rise@0.000ns fall@4.000ns period=8.000ns})
  Destination:            design_1_i/axi_smc/inst/s00_nodes/s00_r_node/inst/s_sc_xpm_cdc_async_rst_inst/arststages_ff_reg[0]/CLR
                            (recovery check against rising-edge clock clk_125_clk_bd_clk_wiz_0_0  {rise@0.000ns fall@4.000ns period=8.000ns})
  Path Group:             (none)
  Path Type:              Recovery (Max at Slow Process Corner)
  Data Path Delay:        5.771ns  (logic 0.609ns (10.553%)  route 5.162ns (89.447%))
  Logic Levels:           1  (LUT1=1)
  Clock Path Skew:        -0.456ns (DCD - SCD + CPR)
    Destination Clock Delay (DCD):    4.419ns
    Source Clock Delay      (SCD):    4.875ns
    Clock Pessimism Removal (CPR):    0.000ns
  Clock Uncertainty:      0.069ns  ((TSJ^2 + DJ^2)^1/2) / 2 + PE
    Total System Jitter     (TSJ):    0.071ns
    Discrete Jitter          (DJ):    0.119ns
    Phase Error              (PE):    0.000ns
  Timing Exception:       False Path

    Location             Delay type                Incr(ns)  Path(ns)    Netlist Resource(s)
  -------------------------------------------------------------------    -------------------
                         (clock clk_125_clk_bd_clk_wiz_0_0 rise edge)
                                                      0.000     0.000 r  
    U18                                               0.000     0.000 r  adc_clk_p_i (IN)
                         net (fo=0)                   0.000     0.000    design_1_i/clk_0/U0/clk_wiz_0/inst/clk_in1_p
    U18                  IBUFDS (Prop_ibufds_I_O)     0.983     0.983 r  design_1_i/clk_0/U0/clk_wiz_0/inst/clkin1_ibufgds/O
                         net (fo=1, routed)           2.076     3.059    design_1_i/clk_0/U0/clk_wiz_0/inst/clk_in1_clk_bd_clk_wiz_0_0_buf
    BUFGCTRL_X0Y4        BUFG (Prop_bufg_I_O)         0.102     3.161 r  design_1_i/clk_0/U0/clk_wiz_0/inst/clkin1_bufg1/O
                         net (fo=1, routed)           1.677     4.838    design_1_i/clk_0/U0/clk_wiz_0/inst/clk_in1_clk_bd_clk_wiz_0_0
    MMCME2_ADV_X0Y0      MMCME2_ADV (Prop_mmcme2_adv_CLKIN1_CLKOUT0)
                                                     -3.538     1.300 r  design_1_i/clk_0/U0/clk_wiz_0/inst/mmcm_adv_inst/CLKOUT0
                         net (fo=1, routed)           1.760     3.060    design_1_i/clk_0/U0/clk_wiz_0/inst/clk_125_clk_bd_clk_wiz_0_0
    BUFGCTRL_X0Y0        BUFG (Prop_bufg_I_O)         0.101     3.161 r  design_1_i/clk_0/U0/clk_wiz_0/inst/clkout1_buf/O
                         net (fo=2421, routed)        1.714     4.875    design_1_i/axi_smc/inst/clk_map/psr_aclk/U0/aclk
    SLICE_X2Y21          FDRE                                         r  design_1_i/axi_smc/inst/clk_map/psr_aclk/U0/ACTIVE_LOW_BSR_OUT_DFF[0].FDRE_BSR_N/C
  -------------------------------------------------------------------    -------------------
    SLICE_X2Y21          FDRE (Prop_fdre_C_Q)         0.456     5.331 r  design_1_i/axi_smc/inst/clk_map/psr_aclk/U0/ACTIVE_LOW_BSR_OUT_DFF[0].FDRE_BSR_N/Q
                         net (fo=61, routed)          4.277     9.608    design_1_i/axi_smc/inst/s00_nodes/s00_r_node/inst/s_sc_xpm_cdc_async_rst_inst/src_arst
    SLICE_X12Y44         LUT1 (Prop_lut1_I0_O)        0.153     9.761 f  design_1_i/axi_smc/inst/s00_nodes/s00_r_node/inst/s_sc_xpm_cdc_async_rst_inst/arststages_ff[2]_i_1/O
                         net (fo=3, routed)           0.885    10.646    design_1_i/axi_smc/inst/s00_nodes/s00_r_node/inst/s_sc_xpm_cdc_async_rst_inst/reset_pol
    SLICE_X12Y44         FDCE                                         f  design_1_i/axi_smc/inst/s00_nodes/s00_r_node/inst/s_sc_xpm_cdc_async_rst_inst/arststages_ff_reg[0]/CLR
  -------------------------------------------------------------------    -------------------

                         (clock clk_125_clk_bd_clk_wiz_0_0 rise edge)
                                                      0.000     0.000 r  
    U18                                               0.000     0.000 r  adc_clk_p_i (IN)
                         net (fo=0)                   0.000     0.000    design_1_i/clk_0/U0/clk_wiz_0/inst/clk_in1_p
    U18                  IBUFDS (Prop_ibufds_I_O)     0.940     0.940 r  design_1_i/clk_0/U0/clk_wiz_0/inst/clkin1_ibufgds/O
                         net (fo=1, routed)           1.880     2.820    design_1_i/clk_0/U0/clk_wiz_0/inst/clk_in1_clk_bd_clk_wiz_0_0_buf
    BUFGCTRL_X0Y4        BUFG (Prop_bufg_I_O)         0.092     2.912 r  design_1_i/clk_0/U0/clk_wiz_0/inst/clkin1_bufg1/O
                         net (fo=1, routed)           1.487     4.399    design_1_i/clk_0/U0/clk_wiz_0/inst/clk_in1_clk_bd_clk_wiz_0_0
    MMCME2_ADV_X0Y0      MMCME2_ADV (Prop_mmcme2_adv_CLKIN1_CLKOUT0)
                                                     -3.177     1.222 r  design_1_i/clk_0/U0/clk_wiz_0/inst/mmcm_adv_inst/CLKOUT0
                         net (fo=1, routed)           1.599     2.821    design_1_i/clk_0/U0/clk_wiz_0/inst/clk_125_clk_bd_clk_wiz_0_0
    BUFGCTRL_X0Y0        BUFG (Prop_bufg_I_O)         0.091     2.912 r  design_1_i/clk_0/U0/clk_wiz_0/inst/clkout1_buf/O
                         net (fo=2421, routed)        1.507     4.419    design_1_i/axi_smc/inst/s00_nodes/s00_r_node/inst/s_sc_xpm_cdc_async_rst_inst/dest_clk
    SLICE_X12Y44         FDCE                                         r  design_1_i/axi_smc/inst/s00_nodes/s00_r_node/inst/s_sc_xpm_cdc_async_rst_inst/arststages_ff_reg[0]/C

Slack:                    inf
  Source:                 design_1_i/axi_smc/inst/clk_map/psr_aclk/U0/ACTIVE_LOW_BSR_OUT_DFF[0].FDRE_BSR_N/C
                            (rising edge-triggered cell FDRE clocked by clk_125_clk_bd_clk_wiz_0_0  {rise@0.000ns fall@4.000ns period=8.000ns})
  Destination:            design_1_i/axi_smc/inst/s00_nodes/s00_r_node/inst/s_sc_xpm_cdc_async_rst_inst/arststages_ff_reg[1]/CLR
                            (recovery check against rising-edge clock clk_125_clk_bd_clk_wiz_0_0  {rise@0.000ns fall@4.000ns period=8.000ns})
  Path Group:             (none)
  Path Type:              Recovery (Max at Slow Process Corner)
  Data Path Delay:        5.771ns  (logic 0.609ns (10.553%)  route 5.162ns (89.447%))
  Logic Levels:           1  (LUT1=1)
  Clock Path Skew:        -0.456ns (DCD - SCD + CPR)
    Destination Clock Delay (DCD):    4.419ns
    Source Clock Delay      (SCD):    4.875ns
    Clock Pessimism Removal (CPR):    0.000ns
  Clock Uncertainty:      0.069ns  ((TSJ^2 + DJ^2)^1/2) / 2 + PE
    Total System Jitter     (TSJ):    0.071ns
    Discrete Jitter          (DJ):    0.119ns
    Phase Error              (PE):    0.000ns
  Timing Exception:       False Path

    Location             Delay type                Incr(ns)  Path(ns)    Netlist Resource(s)
  -------------------------------------------------------------------    -------------------
                         (clock clk_125_clk_bd_clk_wiz_0_0 rise edge)
                                                      0.000     0.000 r  
    U18                                               0.000     0.000 r  adc_clk_p_i (IN)
                         net (fo=0)                   0.000     0.000    design_1_i/clk_0/U0/clk_wiz_0/inst/clk_in1_p
    U18                  IBUFDS (Prop_ibufds_I_O)     0.983     0.983 r  design_1_i/clk_0/U0/clk_wiz_0/inst/clkin1_ibufgds/O
                         net (fo=1, routed)           2.076     3.059    design_1_i/clk_0/U0/clk_wiz_0/inst/clk_in1_clk_bd_clk_wiz_0_0_buf
    BUFGCTRL_X0Y4        BUFG (Prop_bufg_I_O)         0.102     3.161 r  design_1_i/clk_0/U0/clk_wiz_0/inst/clkin1_bufg1/O
                         net (fo=1, routed)           1.677     4.838    design_1_i/clk_0/U0/clk_wiz_0/inst/clk_in1_clk_bd_clk_wiz_0_0
    MMCME2_ADV_X0Y0      MMCME2_ADV (Prop_mmcme2_adv_CLKIN1_CLKOUT0)
                                                     -3.538     1.300 r  design_1_i/clk_0/U0/clk_wiz_0/inst/mmcm_adv_inst/CLKOUT0
                         net (fo=1, routed)           1.760     3.060    design_1_i/clk_0/U0/clk_wiz_0/inst/clk_125_clk_bd_clk_wiz_0_0
    BUFGCTRL_X0Y0        BUFG (Prop_bufg_I_O)         0.101     3.161 r  design_1_i/clk_0/U0/clk_wiz_0/inst/clkout1_buf/O
                         net (fo=2421, routed)        1.714     4.875    design_1_i/axi_smc/inst/clk_map/psr_aclk/U0/aclk
    SLICE_X2Y21          FDRE                                         r  design_1_i/axi_smc/inst/clk_map/psr_aclk/U0/ACTIVE_LOW_BSR_OUT_DFF[0].FDRE_BSR_N/C
  -------------------------------------------------------------------    -------------------
    SLICE_X2Y21          FDRE (Prop_fdre_C_Q)         0.456     5.331 r  design_1_i/axi_smc/inst/clk_map/psr_aclk/U0/ACTIVE_LOW_BSR_OUT_DFF[0].FDRE_BSR_N/Q
                         net (fo=61, routed)          4.277     9.608    design_1_i/axi_smc/inst/s00_nodes/s00_r_node/inst/s_sc_xpm_cdc_async_rst_inst/src_arst
    SLICE_X12Y44         LUT1 (Prop_lut1_I0_O)        0.153     9.761 f  design_1_i/axi_smc/inst/s00_nodes/s00_r_node/inst/s_sc_xpm_cdc_async_rst_inst/arststages_ff[2]_i_1/O
                         net (fo=3, routed)           0.885    10.646    design_1_i/axi_smc/inst/s00_nodes/s00_r_node/inst/s_sc_xpm_cdc_async_rst_inst/reset_pol
    SLICE_X12Y44         FDCE                                         f  design_1_i/axi_smc/inst/s00_nodes/s00_r_node/inst/s_sc_xpm_cdc_async_rst_inst/arststages_ff_reg[1]/CLR
  -------------------------------------------------------------------    -------------------

                         (clock clk_125_clk_bd_clk_wiz_0_0 rise edge)
                                                      0.000     0.000 r  
    U18                                               0.000     0.000 r  adc_clk_p_i (IN)
                         net (fo=0)                   0.000     0.000    design_1_i/clk_0/U0/clk_wiz_0/inst/clk_in1_p
    U18                  IBUFDS (Prop_ibufds_I_O)     0.940     0.940 r  design_1_i/clk_0/U0/clk_wiz_0/inst/clkin1_ibufgds/O
                         net (fo=1, routed)           1.880     2.820    design_1_i/clk_0/U0/clk_wiz_0/inst/clk_in1_clk_bd_clk_wiz_0_0_buf
    BUFGCTRL_X0Y4        BUFG (Prop_bufg_I_O)         0.092     2.912 r  design_1_i/clk_0/U0/clk_wiz_0/inst/clkin1_bufg1/O
                         net (fo=1, routed)           1.487     4.399    design_1_i/clk_0/U0/clk_wiz_0/inst/clk_in1_clk_bd_clk_wiz_0_0
    MMCME2_ADV_X0Y0      MMCME2_ADV (Prop_mmcme2_adv_CLKIN1_CLKOUT0)
                                                     -3.177     1.222 r  design_1_i/clk_0/U0/clk_wiz_0/inst/mmcm_adv_inst/CLKOUT0
                         net (fo=1, routed)           1.599     2.821    design_1_i/clk_0/U0/clk_wiz_0/inst/clk_125_clk_bd_clk_wiz_0_0
    BUFGCTRL_X0Y0        BUFG (Prop_bufg_I_O)         0.091     2.912 r  design_1_i/clk_0/U0/clk_wiz_0/inst/clkout1_buf/O
                         net (fo=2421, routed)        1.507     4.419    design_1_i/axi_smc/inst/s00_nodes/s00_r_node/inst/s_sc_xpm_cdc_async_rst_inst/dest_clk
    SLICE_X12Y44         FDCE                                         r  design_1_i/axi_smc/inst/s00_nodes/s00_r_node/inst/s_sc_xpm_cdc_async_rst_inst/arststages_ff_reg[1]/C

Slack:                    inf
  Source:                 design_1_i/axi_smc/inst/clk_map/psr_aclk/U0/ACTIVE_LOW_BSR_OUT_DFF[0].FDRE_BSR_N/C
                            (rising edge-triggered cell FDRE clocked by clk_125_clk_bd_clk_wiz_0_0  {rise@0.000ns fall@4.000ns period=8.000ns})
  Destination:            design_1_i/axi_smc/inst/s00_nodes/s00_r_node/inst/s_sc_xpm_cdc_async_rst_inst/arststages_ff_reg[2]/CLR
                            (recovery check against rising-edge clock clk_125_clk_bd_clk_wiz_0_0  {rise@0.000ns fall@4.000ns period=8.000ns})
  Path Group:             (none)
  Path Type:              Recovery (Max at Slow Process Corner)
  Data Path Delay:        5.771ns  (logic 0.609ns (10.553%)  route 5.162ns (89.447%))
  Logic Levels:           1  (LUT1=1)
  Clock Path Skew:        -0.456ns (DCD - SCD + CPR)
    Destination Clock Delay (DCD):    4.419ns
    Source Clock Delay      (SCD):    4.875ns
    Clock Pessimism Removal (CPR):    0.000ns
  Clock Uncertainty:      0.069ns  ((TSJ^2 + DJ^2)^1/2) / 2 + PE
    Total System Jitter     (TSJ):    0.071ns
    Discrete Jitter          (DJ):    0.119ns
    Phase Error              (PE):    0.000ns
  Timing Exception:       False Path

    Location             Delay type                Incr(ns)  Path(ns)    Netlist Resource(s)
  -------------------------------------------------------------------    -------------------
                         (clock clk_125_clk_bd_clk_wiz_0_0 rise edge)
                                                      0.000     0.000 r  
    U18                                               0.000     0.000 r  adc_clk_p_i (IN)
                         net (fo=0)                   0.000     0.000    design_1_i/clk_0/U0/clk_wiz_0/inst/clk_in1_p
    U18                  IBUFDS (Prop_ibufds_I_O)     0.983     0.983 r  design_1_i/clk_0/U0/clk_wiz_0/inst/clkin1_ibufgds/O
                         net (fo=1, routed)           2.076     3.059    design_1_i/clk_0/U0/clk_wiz_0/inst/clk_in1_clk_bd_clk_wiz_0_0_buf
    BUFGCTRL_X0Y4        BUFG (Prop_bufg_I_O)         0.102     3.161 r  design_1_i/clk_0/U0/clk_wiz_0/inst/clkin1_bufg1/O
                         net (fo=1, routed)           1.677     4.838    design_1_i/clk_0/U0/clk_wiz_0/inst/clk_in1_clk_bd_clk_wiz_0_0
    MMCME2_ADV_X0Y0      MMCME2_ADV (Prop_mmcme2_adv_CLKIN1_CLKOUT0)
                                                     -3.538     1.300 r  design_1_i/clk_0/U0/clk_wiz_0/inst/mmcm_adv_inst/CLKOUT0
                         net (fo=1, routed)           1.760     3.060    design_1_i/clk_0/U0/clk_wiz_0/inst/clk_125_clk_bd_clk_wiz_0_0
    BUFGCTRL_X0Y0        BUFG (Prop_bufg_I_O)         0.101     3.161 r  design_1_i/clk_0/U0/clk_wiz_0/inst/clkout1_buf/O
                         net (fo=2421, routed)        1.714     4.875    design_1_i/axi_smc/inst/clk_map/psr_aclk/U0/aclk
    SLICE_X2Y21          FDRE                                         r  design_1_i/axi_smc/inst/clk_map/psr_aclk/U0/ACTIVE_LOW_BSR_OUT_DFF[0].FDRE_BSR_N/C
  -------------------------------------------------------------------    -------------------
    SLICE_X2Y21          FDRE (Prop_fdre_C_Q)         0.456     5.331 r  design_1_i/axi_smc/inst/clk_map/psr_aclk/U0/ACTIVE_LOW_BSR_OUT_DFF[0].FDRE_BSR_N/Q
                         net (fo=61, routed)          4.277     9.608    design_1_i/axi_smc/inst/s00_nodes/s00_r_node/inst/s_sc_xpm_cdc_async_rst_inst/src_arst
    SLICE_X12Y44         LUT1 (Prop_lut1_I0_O)        0.153     9.761 f  design_1_i/axi_smc/inst/s00_nodes/s00_r_node/inst/s_sc_xpm_cdc_async_rst_inst/arststages_ff[2]_i_1/O
                         net (fo=3, routed)           0.885    10.646    design_1_i/axi_smc/inst/s00_nodes/s00_r_node/inst/s_sc_xpm_cdc_async_rst_inst/reset_pol
    SLICE_X12Y44         FDCE                                         f  design_1_i/axi_smc/inst/s00_nodes/s00_r_node/inst/s_sc_xpm_cdc_async_rst_inst/arststages_ff_reg[2]/CLR
  -------------------------------------------------------------------    -------------------

                         (clock clk_125_clk_bd_clk_wiz_0_0 rise edge)
                                                      0.000     0.000 r  
    U18                                               0.000     0.000 r  adc_clk_p_i (IN)
                         net (fo=0)                   0.000     0.000    design_1_i/clk_0/U0/clk_wiz_0/inst/clk_in1_p
    U18                  IBUFDS (Prop_ibufds_I_O)     0.940     0.940 r  design_1_i/clk_0/U0/clk_wiz_0/inst/clkin1_ibufgds/O
                         net (fo=1, routed)           1.880     2.820    design_1_i/clk_0/U0/clk_wiz_0/inst/clk_in1_clk_bd_clk_wiz_0_0_buf
    BUFGCTRL_X0Y4        BUFG (Prop_bufg_I_O)         0.092     2.912 r  design_1_i/clk_0/U0/clk_wiz_0/inst/clkin1_bufg1/O
                         net (fo=1, routed)           1.487     4.399    design_1_i/clk_0/U0/clk_wiz_0/inst/clk_in1_clk_bd_clk_wiz_0_0
    MMCME2_ADV_X0Y0      MMCME2_ADV (Prop_mmcme2_adv_CLKIN1_CLKOUT0)
                                                     -3.177     1.222 r  design_1_i/clk_0/U0/clk_wiz_0/inst/mmcm_adv_inst/CLKOUT0
                         net (fo=1, routed)           1.599     2.821    design_1_i/clk_0/U0/clk_wiz_0/inst/clk_125_clk_bd_clk_wiz_0_0
    BUFGCTRL_X0Y0        BUFG (Prop_bufg_I_O)         0.091     2.912 r  design_1_i/clk_0/U0/clk_wiz_0/inst/clkout1_buf/O
                         net (fo=2421, routed)        1.507     4.419    design_1_i/axi_smc/inst/s00_nodes/s00_r_node/inst/s_sc_xpm_cdc_async_rst_inst/dest_clk
    SLICE_X12Y44         FDCE                                         r  design_1_i/axi_smc/inst/s00_nodes/s00_r_node/inst/s_sc_xpm_cdc_async_rst_inst/arststages_ff_reg[2]/C

Slack:                    inf
  Source:                 design_1_i/axi_smc/inst/clk_map/psr_aclk/U0/ACTIVE_LOW_BSR_OUT_DFF[0].FDRE_BSR_N/C
                            (rising edge-triggered cell FDRE clocked by clk_125_clk_bd_clk_wiz_0_0  {rise@0.000ns fall@4.000ns period=8.000ns})
  Destination:            design_1_i/axi_smc/inst/s00_nodes/s00_aw_node/inst/s_sc_xpm_cdc_async_rst_inst/arststages_ff_reg[0]/CLR
                            (recovery check against rising-edge clock clk_125_clk_bd_clk_wiz_0_0  {rise@0.000ns fall@4.000ns period=8.000ns})
  Path Group:             (none)
  Path Type:              Recovery (Max at Slow Process Corner)
  Data Path Delay:        5.433ns  (logic 0.580ns (10.675%)  route 4.853ns (89.325%))
  Logic Levels:           1  (LUT1=1)
  Clock Path Skew:        -0.456ns (DCD - SCD + CPR)
    Destination Clock Delay (DCD):    4.419ns
    Source Clock Delay      (SCD):    4.875ns
    Clock Pessimism Removal (CPR):    0.000ns
  Clock Uncertainty:      0.069ns  ((TSJ^2 + DJ^2)^1/2) / 2 + PE
    Total System Jitter     (TSJ):    0.071ns
    Discrete Jitter          (DJ):    0.119ns
    Phase Error              (PE):    0.000ns
  Timing Exception:       False Path

    Location             Delay type                Incr(ns)  Path(ns)    Netlist Resource(s)
  -------------------------------------------------------------------    -------------------
                         (clock clk_125_clk_bd_clk_wiz_0_0 rise edge)
                                                      0.000     0.000 r  
    U18                                               0.000     0.000 r  adc_clk_p_i (IN)
                         net (fo=0)                   0.000     0.000    design_1_i/clk_0/U0/clk_wiz_0/inst/clk_in1_p
    U18                  IBUFDS (Prop_ibufds_I_O)     0.983     0.983 r  design_1_i/clk_0/U0/clk_wiz_0/inst/clkin1_ibufgds/O
                         net (fo=1, routed)           2.076     3.059    design_1_i/clk_0/U0/clk_wiz_0/inst/clk_in1_clk_bd_clk_wiz_0_0_buf
    BUFGCTRL_X0Y4        BUFG (Prop_bufg_I_O)         0.102     3.161 r  design_1_i/clk_0/U0/clk_wiz_0/inst/clkin1_bufg1/O
                         net (fo=1, routed)           1.677     4.838    design_1_i/clk_0/U0/clk_wiz_0/inst/clk_in1_clk_bd_clk_wiz_0_0
    MMCME2_ADV_X0Y0      MMCME2_ADV (Prop_mmcme2_adv_CLKIN1_CLKOUT0)
                                                     -3.538     1.300 r  design_1_i/clk_0/U0/clk_wiz_0/inst/mmcm_adv_inst/CLKOUT0
                         net (fo=1, routed)           1.760     3.060    design_1_i/clk_0/U0/clk_wiz_0/inst/clk_125_clk_bd_clk_wiz_0_0
    BUFGCTRL_X0Y0        BUFG (Prop_bufg_I_O)         0.101     3.161 r  design_1_i/clk_0/U0/clk_wiz_0/inst/clkout1_buf/O
                         net (fo=2421, routed)        1.714     4.875    design_1_i/axi_smc/inst/clk_map/psr_aclk/U0/aclk
    SLICE_X2Y21          FDRE                                         r  design_1_i/axi_smc/inst/clk_map/psr_aclk/U0/ACTIVE_LOW_BSR_OUT_DFF[0].FDRE_BSR_N/C
  -------------------------------------------------------------------    -------------------
    SLICE_X2Y21          FDRE (Prop_fdre_C_Q)         0.456     5.331 r  design_1_i/axi_smc/inst/clk_map/psr_aclk/U0/ACTIVE_LOW_BSR_OUT_DFF[0].FDRE_BSR_N/Q
                         net (fo=61, routed)          4.277     9.608    design_1_i/axi_smc/inst/s00_nodes/s00_aw_node/inst/s_sc_xpm_cdc_async_rst_inst/src_arst
    SLICE_X12Y44         LUT1 (Prop_lut1_I0_O)        0.124     9.732 f  design_1_i/axi_smc/inst/s00_nodes/s00_aw_node/inst/s_sc_xpm_cdc_async_rst_inst/arststages_ff[2]_i_1/O
                         net (fo=3, routed)           0.576    10.308    design_1_i/axi_smc/inst/s00_nodes/s00_aw_node/inst/s_sc_xpm_cdc_async_rst_inst/reset_pol
    SLICE_X13Y44         FDCE                                         f  design_1_i/axi_smc/inst/s00_nodes/s00_aw_node/inst/s_sc_xpm_cdc_async_rst_inst/arststages_ff_reg[0]/CLR
  -------------------------------------------------------------------    -------------------

                         (clock clk_125_clk_bd_clk_wiz_0_0 rise edge)
                                                      0.000     0.000 r  
    U18                                               0.000     0.000 r  adc_clk_p_i (IN)
                         net (fo=0)                   0.000     0.000    design_1_i/clk_0/U0/clk_wiz_0/inst/clk_in1_p
    U18                  IBUFDS (Prop_ibufds_I_O)     0.940     0.940 r  design_1_i/clk_0/U0/clk_wiz_0/inst/clkin1_ibufgds/O
                         net (fo=1, routed)           1.880     2.820    design_1_i/clk_0/U0/clk_wiz_0/inst/clk_in1_clk_bd_clk_wiz_0_0_buf
    BUFGCTRL_X0Y4        BUFG (Prop_bufg_I_O)         0.092     2.912 r  design_1_i/clk_0/U0/clk_wiz_0/inst/clkin1_bufg1/O
                         net (fo=1, routed)           1.487     4.399    design_1_i/clk_0/U0/clk_wiz_0/inst/clk_in1_clk_bd_clk_wiz_0_0
    MMCME2_ADV_X0Y0      MMCME2_ADV (Prop_mmcme2_adv_CLKIN1_CLKOUT0)
                                                     -3.177     1.222 r  design_1_i/clk_0/U0/clk_wiz_0/inst/mmcm_adv_inst/CLKOUT0
                         net (fo=1, routed)           1.599     2.821    design_1_i/clk_0/U0/clk_wiz_0/inst/clk_125_clk_bd_clk_wiz_0_0
    BUFGCTRL_X0Y0        BUFG (Prop_bufg_I_O)         0.091     2.912 r  design_1_i/clk_0/U0/clk_wiz_0/inst/clkout1_buf/O
                         net (fo=2421, routed)        1.507     4.419    design_1_i/axi_smc/inst/s00_nodes/s00_aw_node/inst/s_sc_xpm_cdc_async_rst_inst/dest_clk
    SLICE_X13Y44         FDCE                                         r  design_1_i/axi_smc/inst/s00_nodes/s00_aw_node/inst/s_sc_xpm_cdc_async_rst_inst/arststages_ff_reg[0]/C

Slack:                    inf
  Source:                 design_1_i/axi_smc/inst/clk_map/psr_aclk/U0/ACTIVE_LOW_BSR_OUT_DFF[0].FDRE_BSR_N/C
                            (rising edge-triggered cell FDRE clocked by clk_125_clk_bd_clk_wiz_0_0  {rise@0.000ns fall@4.000ns period=8.000ns})
  Destination:            design_1_i/axi_smc/inst/s00_nodes/s00_aw_node/inst/s_sc_xpm_cdc_async_rst_inst/arststages_ff_reg[1]/CLR
                            (recovery check against rising-edge clock clk_125_clk_bd_clk_wiz_0_0  {rise@0.000ns fall@4.000ns period=8.000ns})
  Path Group:             (none)
  Path Type:              Recovery (Max at Slow Process Corner)
  Data Path Delay:        5.433ns  (logic 0.580ns (10.675%)  route 4.853ns (89.325%))
  Logic Levels:           1  (LUT1=1)
  Clock Path Skew:        -0.456ns (DCD - SCD + CPR)
    Destination Clock Delay (DCD):    4.419ns
    Source Clock Delay      (SCD):    4.875ns
    Clock Pessimism Removal (CPR):    0.000ns
  Clock Uncertainty:      0.069ns  ((TSJ^2 + DJ^2)^1/2) / 2 + PE
    Total System Jitter     (TSJ):    0.071ns
    Discrete Jitter          (DJ):    0.119ns
    Phase Error              (PE):    0.000ns
  Timing Exception:       False Path

    Location             Delay type                Incr(ns)  Path(ns)    Netlist Resource(s)
  -------------------------------------------------------------------    -------------------
                         (clock clk_125_clk_bd_clk_wiz_0_0 rise edge)
                                                      0.000     0.000 r  
    U18                                               0.000     0.000 r  adc_clk_p_i (IN)
                         net (fo=0)                   0.000     0.000    design_1_i/clk_0/U0/clk_wiz_0/inst/clk_in1_p
    U18                  IBUFDS (Prop_ibufds_I_O)     0.983     0.983 r  design_1_i/clk_0/U0/clk_wiz_0/inst/clkin1_ibufgds/O
                         net (fo=1, routed)           2.076     3.059    design_1_i/clk_0/U0/clk_wiz_0/inst/clk_in1_clk_bd_clk_wiz_0_0_buf
    BUFGCTRL_X0Y4        BUFG (Prop_bufg_I_O)         0.102     3.161 r  design_1_i/clk_0/U0/clk_wiz_0/inst/clkin1_bufg1/O
                         net (fo=1, routed)           1.677     4.838    design_1_i/clk_0/U0/clk_wiz_0/inst/clk_in1_clk_bd_clk_wiz_0_0
    MMCME2_ADV_X0Y0      MMCME2_ADV (Prop_mmcme2_adv_CLKIN1_CLKOUT0)
                                                     -3.538     1.300 r  design_1_i/clk_0/U0/clk_wiz_0/inst/mmcm_adv_inst/CLKOUT0
                         net (fo=1, routed)           1.760     3.060    design_1_i/clk_0/U0/clk_wiz_0/inst/clk_125_clk_bd_clk_wiz_0_0
    BUFGCTRL_X0Y0        BUFG (Prop_bufg_I_O)         0.101     3.161 r  design_1_i/clk_0/U0/clk_wiz_0/inst/clkout1_buf/O
                         net (fo=2421, routed)        1.714     4.875    design_1_i/axi_smc/inst/clk_map/psr_aclk/U0/aclk
    SLICE_X2Y21          FDRE                                         r  design_1_i/axi_smc/inst/clk_map/psr_aclk/U0/ACTIVE_LOW_BSR_OUT_DFF[0].FDRE_BSR_N/C
  -------------------------------------------------------------------    -------------------
    SLICE_X2Y21          FDRE (Prop_fdre_C_Q)         0.456     5.331 r  design_1_i/axi_smc/inst/clk_map/psr_aclk/U0/ACTIVE_LOW_BSR_OUT_DFF[0].FDRE_BSR_N/Q
                         net (fo=61, routed)          4.277     9.608    design_1_i/axi_smc/inst/s00_nodes/s00_aw_node/inst/s_sc_xpm_cdc_async_rst_inst/src_arst
    SLICE_X12Y44         LUT1 (Prop_lut1_I0_O)        0.124     9.732 f  design_1_i/axi_smc/inst/s00_nodes/s00_aw_node/inst/s_sc_xpm_cdc_async_rst_inst/arststages_ff[2]_i_1/O
                         net (fo=3, routed)           0.576    10.308    design_1_i/axi_smc/inst/s00_nodes/s00_aw_node/inst/s_sc_xpm_cdc_async_rst_inst/reset_pol
    SLICE_X13Y44         FDCE                                         f  design_1_i/axi_smc/inst/s00_nodes/s00_aw_node/inst/s_sc_xpm_cdc_async_rst_inst/arststages_ff_reg[1]/CLR
  -------------------------------------------------------------------    -------------------

                         (clock clk_125_clk_bd_clk_wiz_0_0 rise edge)
                                                      0.000     0.000 r  
    U18                                               0.000     0.000 r  adc_clk_p_i (IN)
                         net (fo=0)                   0.000     0.000    design_1_i/clk_0/U0/clk_wiz_0/inst/clk_in1_p
    U18                  IBUFDS (Prop_ibufds_I_O)     0.940     0.940 r  design_1_i/clk_0/U0/clk_wiz_0/inst/clkin1_ibufgds/O
                         net (fo=1, routed)           1.880     2.820    design_1_i/clk_0/U0/clk_wiz_0/inst/clk_in1_clk_bd_clk_wiz_0_0_buf
    BUFGCTRL_X0Y4        BUFG (Prop_bufg_I_O)         0.092     2.912 r  design_1_i/clk_0/U0/clk_wiz_0/inst/clkin1_bufg1/O
                         net (fo=1, routed)           1.487     4.399    design_1_i/clk_0/U0/clk_wiz_0/inst/clk_in1_clk_bd_clk_wiz_0_0
    MMCME2_ADV_X0Y0      MMCME2_ADV (Prop_mmcme2_adv_CLKIN1_CLKOUT0)
                                                     -3.177     1.222 r  design_1_i/clk_0/U0/clk_wiz_0/inst/mmcm_adv_inst/CLKOUT0
                         net (fo=1, routed)           1.599     2.821    design_1_i/clk_0/U0/clk_wiz_0/inst/clk_125_clk_bd_clk_wiz_0_0
    BUFGCTRL_X0Y0        BUFG (Prop_bufg_I_O)         0.091     2.912 r  design_1_i/clk_0/U0/clk_wiz_0/inst/clkout1_buf/O
                         net (fo=2421, routed)        1.507     4.419    design_1_i/axi_smc/inst/s00_nodes/s00_aw_node/inst/s_sc_xpm_cdc_async_rst_inst/dest_clk
    SLICE_X13Y44         FDCE                                         r  design_1_i/axi_smc/inst/s00_nodes/s00_aw_node/inst/s_sc_xpm_cdc_async_rst_inst/arststages_ff_reg[1]/C

Slack:                    inf
  Source:                 design_1_i/axi_smc/inst/clk_map/psr_aclk/U0/ACTIVE_LOW_BSR_OUT_DFF[0].FDRE_BSR_N/C
                            (rising edge-triggered cell FDRE clocked by clk_125_clk_bd_clk_wiz_0_0  {rise@0.000ns fall@4.000ns period=8.000ns})
  Destination:            design_1_i/axi_smc/inst/s00_nodes/s00_aw_node/inst/s_sc_xpm_cdc_async_rst_inst/arststages_ff_reg[2]/CLR
                            (recovery check against rising-edge clock clk_125_clk_bd_clk_wiz_0_0  {rise@0.000ns fall@4.000ns period=8.000ns})
  Path Group:             (none)
  Path Type:              Recovery (Max at Slow Process Corner)
  Data Path Delay:        5.433ns  (logic 0.580ns (10.675%)  route 4.853ns (89.325%))
  Logic Levels:           1  (LUT1=1)
  Clock Path Skew:        -0.456ns (DCD - SCD + CPR)
    Destination Clock Delay (DCD):    4.419ns
    Source Clock Delay      (SCD):    4.875ns
    Clock Pessimism Removal (CPR):    0.000ns
  Clock Uncertainty:      0.069ns  ((TSJ^2 + DJ^2)^1/2) / 2 + PE
    Total System Jitter     (TSJ):    0.071ns
    Discrete Jitter          (DJ):    0.119ns
    Phase Error              (PE):    0.000ns
  Timing Exception:       False Path

    Location             Delay type                Incr(ns)  Path(ns)    Netlist Resource(s)
  -------------------------------------------------------------------    -------------------
                         (clock clk_125_clk_bd_clk_wiz_0_0 rise edge)
                                                      0.000     0.000 r  
    U18                                               0.000     0.000 r  adc_clk_p_i (IN)
                         net (fo=0)                   0.000     0.000    design_1_i/clk_0/U0/clk_wiz_0/inst/clk_in1_p
    U18                  IBUFDS (Prop_ibufds_I_O)     0.983     0.983 r  design_1_i/clk_0/U0/clk_wiz_0/inst/clkin1_ibufgds/O
                         net (fo=1, routed)           2.076     3.059    design_1_i/clk_0/U0/clk_wiz_0/inst/clk_in1_clk_bd_clk_wiz_0_0_buf
    BUFGCTRL_X0Y4        BUFG (Prop_bufg_I_O)         0.102     3.161 r  design_1_i/clk_0/U0/clk_wiz_0/inst/clkin1_bufg1/O
                         net (fo=1, routed)           1.677     4.838    design_1_i/clk_0/U0/clk_wiz_0/inst/clk_in1_clk_bd_clk_wiz_0_0
    MMCME2_ADV_X0Y0      MMCME2_ADV (Prop_mmcme2_adv_CLKIN1_CLKOUT0)
                                                     -3.538     1.300 r  design_1_i/clk_0/U0/clk_wiz_0/inst/mmcm_adv_inst/CLKOUT0
                         net (fo=1, routed)           1.760     3.060    design_1_i/clk_0/U0/clk_wiz_0/inst/clk_125_clk_bd_clk_wiz_0_0
    BUFGCTRL_X0Y0        BUFG (Prop_bufg_I_O)         0.101     3.161 r  design_1_i/clk_0/U0/clk_wiz_0/inst/clkout1_buf/O
                         net (fo=2421, routed)        1.714     4.875    design_1_i/axi_smc/inst/clk_map/psr_aclk/U0/aclk
    SLICE_X2Y21          FDRE                                         r  design_1_i/axi_smc/inst/clk_map/psr_aclk/U0/ACTIVE_LOW_BSR_OUT_DFF[0].FDRE_BSR_N/C
  -------------------------------------------------------------------    -------------------
    SLICE_X2Y21          FDRE (Prop_fdre_C_Q)         0.456     5.331 r  design_1_i/axi_smc/inst/clk_map/psr_aclk/U0/ACTIVE_LOW_BSR_OUT_DFF[0].FDRE_BSR_N/Q
                         net (fo=61, routed)          4.277     9.608    design_1_i/axi_smc/inst/s00_nodes/s00_aw_node/inst/s_sc_xpm_cdc_async_rst_inst/src_arst
    SLICE_X12Y44         LUT1 (Prop_lut1_I0_O)        0.124     9.732 f  design_1_i/axi_smc/inst/s00_nodes/s00_aw_node/inst/s_sc_xpm_cdc_async_rst_inst/arststages_ff[2]_i_1/O
                         net (fo=3, routed)           0.576    10.308    design_1_i/axi_smc/inst/s00_nodes/s00_aw_node/inst/s_sc_xpm_cdc_async_rst_inst/reset_pol
    SLICE_X13Y44         FDCE                                         f  design_1_i/axi_smc/inst/s00_nodes/s00_aw_node/inst/s_sc_xpm_cdc_async_rst_inst/arststages_ff_reg[2]/CLR
  -------------------------------------------------------------------    -------------------

                         (clock clk_125_clk_bd_clk_wiz_0_0 rise edge)
                                                      0.000     0.000 r  
    U18                                               0.000     0.000 r  adc_clk_p_i (IN)
                         net (fo=0)                   0.000     0.000    design_1_i/clk_0/U0/clk_wiz_0/inst/clk_in1_p
    U18                  IBUFDS (Prop_ibufds_I_O)     0.940     0.940 r  design_1_i/clk_0/U0/clk_wiz_0/inst/clkin1_ibufgds/O
                         net (fo=1, routed)           1.880     2.820    design_1_i/clk_0/U0/clk_wiz_0/inst/clk_in1_clk_bd_clk_wiz_0_0_buf
    BUFGCTRL_X0Y4        BUFG (Prop_bufg_I_O)         0.092     2.912 r  design_1_i/clk_0/U0/clk_wiz_0/inst/clkin1_bufg1/O
                         net (fo=1, routed)           1.487     4.399    design_1_i/clk_0/U0/clk_wiz_0/inst/clk_in1_clk_bd_clk_wiz_0_0
    MMCME2_ADV_X0Y0      MMCME2_ADV (Prop_mmcme2_adv_CLKIN1_CLKOUT0)
                                                     -3.177     1.222 r  design_1_i/clk_0/U0/clk_wiz_0/inst/mmcm_adv_inst/CLKOUT0
                         net (fo=1, routed)           1.599     2.821    design_1_i/clk_0/U0/clk_wiz_0/inst/clk_125_clk_bd_clk_wiz_0_0
    BUFGCTRL_X0Y0        BUFG (Prop_bufg_I_O)         0.091     2.912 r  design_1_i/clk_0/U0/clk_wiz_0/inst/clkout1_buf/O
                         net (fo=2421, routed)        1.507     4.419    design_1_i/axi_smc/inst/s00_nodes/s00_aw_node/inst/s_sc_xpm_cdc_async_rst_inst/dest_clk
    SLICE_X13Y44         FDCE                                         r  design_1_i/axi_smc/inst/s00_nodes/s00_aw_node/inst/s_sc_xpm_cdc_async_rst_inst/arststages_ff_reg[2]/C

Slack:                    inf
  Source:                 design_1_i/axi_smc/inst/clk_map/psr_aclk/U0/ACTIVE_LOW_BSR_OUT_DFF[0].FDRE_BSR_N/C
                            (rising edge-triggered cell FDRE clocked by clk_125_clk_bd_clk_wiz_0_0  {rise@0.000ns fall@4.000ns period=8.000ns})
  Destination:            design_1_i/axi_smc/inst/s00_nodes/s00_w_node/inst/s_sc_xpm_cdc_async_rst_inst/arststages_ff_reg[0]/CLR
                            (recovery check against rising-edge clock clk_125_clk_bd_clk_wiz_0_0  {rise@0.000ns fall@4.000ns period=8.000ns})
  Path Group:             (none)
  Path Type:              Recovery (Max at Slow Process Corner)
  Data Path Delay:        5.176ns  (logic 0.580ns (11.206%)  route 4.596ns (88.794%))
  Logic Levels:           1  (LUT1=1)
  Clock Path Skew:        -0.463ns (DCD - SCD + CPR)
    Destination Clock Delay (DCD):    4.412ns
    Source Clock Delay      (SCD):    4.875ns
    Clock Pessimism Removal (CPR):    0.000ns
  Clock Uncertainty:      0.069ns  ((TSJ^2 + DJ^2)^1/2) / 2 + PE
    Total System Jitter     (TSJ):    0.071ns
    Discrete Jitter          (DJ):    0.119ns
    Phase Error              (PE):    0.000ns
  Timing Exception:       False Path

    Location             Delay type                Incr(ns)  Path(ns)    Netlist Resource(s)
  -------------------------------------------------------------------    -------------------
                         (clock clk_125_clk_bd_clk_wiz_0_0 rise edge)
                                                      0.000     0.000 r  
    U18                                               0.000     0.000 r  adc_clk_p_i (IN)
                         net (fo=0)                   0.000     0.000    design_1_i/clk_0/U0/clk_wiz_0/inst/clk_in1_p
    U18                  IBUFDS (Prop_ibufds_I_O)     0.983     0.983 r  design_1_i/clk_0/U0/clk_wiz_0/inst/clkin1_ibufgds/O
                         net (fo=1, routed)           2.076     3.059    design_1_i/clk_0/U0/clk_wiz_0/inst/clk_in1_clk_bd_clk_wiz_0_0_buf
    BUFGCTRL_X0Y4        BUFG (Prop_bufg_I_O)         0.102     3.161 r  design_1_i/clk_0/U0/clk_wiz_0/inst/clkin1_bufg1/O
                         net (fo=1, routed)           1.677     4.838    design_1_i/clk_0/U0/clk_wiz_0/inst/clk_in1_clk_bd_clk_wiz_0_0
    MMCME2_ADV_X0Y0      MMCME2_ADV (Prop_mmcme2_adv_CLKIN1_CLKOUT0)
                                                     -3.538     1.300 r  design_1_i/clk_0/U0/clk_wiz_0/inst/mmcm_adv_inst/CLKOUT0
                         net (fo=1, routed)           1.760     3.060    design_1_i/clk_0/U0/clk_wiz_0/inst/clk_125_clk_bd_clk_wiz_0_0
    BUFGCTRL_X0Y0        BUFG (Prop_bufg_I_O)         0.101     3.161 r  design_1_i/clk_0/U0/clk_wiz_0/inst/clkout1_buf/O
                         net (fo=2421, routed)        1.714     4.875    design_1_i/axi_smc/inst/clk_map/psr_aclk/U0/aclk
    SLICE_X2Y21          FDRE                                         r  design_1_i/axi_smc/inst/clk_map/psr_aclk/U0/ACTIVE_LOW_BSR_OUT_DFF[0].FDRE_BSR_N/C
  -------------------------------------------------------------------    -------------------
    SLICE_X2Y21          FDRE (Prop_fdre_C_Q)         0.456     5.331 r  design_1_i/axi_smc/inst/clk_map/psr_aclk/U0/ACTIVE_LOW_BSR_OUT_DFF[0].FDRE_BSR_N/Q
                         net (fo=61, routed)          3.820     9.151    design_1_i/axi_smc/inst/s00_nodes/s00_w_node/inst/s_sc_xpm_cdc_async_rst_inst/src_arst
    SLICE_X16Y43         LUT1 (Prop_lut1_I0_O)        0.124     9.275 f  design_1_i/axi_smc/inst/s00_nodes/s00_w_node/inst/s_sc_xpm_cdc_async_rst_inst/arststages_ff[2]_i_1/O
                         net (fo=3, routed)           0.775    10.051    design_1_i/axi_smc/inst/s00_nodes/s00_w_node/inst/s_sc_xpm_cdc_async_rst_inst/reset_pol
    SLICE_X16Y43         FDCE                                         f  design_1_i/axi_smc/inst/s00_nodes/s00_w_node/inst/s_sc_xpm_cdc_async_rst_inst/arststages_ff_reg[0]/CLR
  -------------------------------------------------------------------    -------------------

                         (clock clk_125_clk_bd_clk_wiz_0_0 rise edge)
                                                      0.000     0.000 r  
    U18                                               0.000     0.000 r  adc_clk_p_i (IN)
                         net (fo=0)                   0.000     0.000    design_1_i/clk_0/U0/clk_wiz_0/inst/clk_in1_p
    U18                  IBUFDS (Prop_ibufds_I_O)     0.940     0.940 r  design_1_i/clk_0/U0/clk_wiz_0/inst/clkin1_ibufgds/O
                         net (fo=1, routed)           1.880     2.820    design_1_i/clk_0/U0/clk_wiz_0/inst/clk_in1_clk_bd_clk_wiz_0_0_buf
    BUFGCTRL_X0Y4        BUFG (Prop_bufg_I_O)         0.092     2.912 r  design_1_i/clk_0/U0/clk_wiz_0/inst/clkin1_bufg1/O
                         net (fo=1, routed)           1.487     4.399    design_1_i/clk_0/U0/clk_wiz_0/inst/clk_in1_clk_bd_clk_wiz_0_0
    MMCME2_ADV_X0Y0      MMCME2_ADV (Prop_mmcme2_adv_CLKIN1_CLKOUT0)
                                                     -3.177     1.222 r  design_1_i/clk_0/U0/clk_wiz_0/inst/mmcm_adv_inst/CLKOUT0
                         net (fo=1, routed)           1.599     2.821    design_1_i/clk_0/U0/clk_wiz_0/inst/clk_125_clk_bd_clk_wiz_0_0
    BUFGCTRL_X0Y0        BUFG (Prop_bufg_I_O)         0.091     2.912 r  design_1_i/clk_0/U0/clk_wiz_0/inst/clkout1_buf/O
                         net (fo=2421, routed)        1.500     4.412    design_1_i/axi_smc/inst/s00_nodes/s00_w_node/inst/s_sc_xpm_cdc_async_rst_inst/dest_clk
    SLICE_X16Y43         FDCE                                         r  design_1_i/axi_smc/inst/s00_nodes/s00_w_node/inst/s_sc_xpm_cdc_async_rst_inst/arststages_ff_reg[0]/C

Slack:                    inf
  Source:                 design_1_i/axi_smc/inst/clk_map/psr_aclk/U0/ACTIVE_LOW_BSR_OUT_DFF[0].FDRE_BSR_N/C
                            (rising edge-triggered cell FDRE clocked by clk_125_clk_bd_clk_wiz_0_0  {rise@0.000ns fall@4.000ns period=8.000ns})
  Destination:            design_1_i/axi_smc/inst/s00_nodes/s00_w_node/inst/s_sc_xpm_cdc_async_rst_inst/arststages_ff_reg[1]/CLR
                            (recovery check against rising-edge clock clk_125_clk_bd_clk_wiz_0_0  {rise@0.000ns fall@4.000ns period=8.000ns})
  Path Group:             (none)
  Path Type:              Recovery (Max at Slow Process Corner)
  Data Path Delay:        5.176ns  (logic 0.580ns (11.206%)  route 4.596ns (88.794%))
  Logic Levels:           1  (LUT1=1)
  Clock Path Skew:        -0.463ns (DCD - SCD + CPR)
    Destination Clock Delay (DCD):    4.412ns
    Source Clock Delay      (SCD):    4.875ns
    Clock Pessimism Removal (CPR):    0.000ns
  Clock Uncertainty:      0.069ns  ((TSJ^2 + DJ^2)^1/2) / 2 + PE
    Total System Jitter     (TSJ):    0.071ns
    Discrete Jitter          (DJ):    0.119ns
    Phase Error              (PE):    0.000ns
  Timing Exception:       False Path

    Location             Delay type                Incr(ns)  Path(ns)    Netlist Resource(s)
  -------------------------------------------------------------------    -------------------
                         (clock clk_125_clk_bd_clk_wiz_0_0 rise edge)
                                                      0.000     0.000 r  
    U18                                               0.000     0.000 r  adc_clk_p_i (IN)
                         net (fo=0)                   0.000     0.000    design_1_i/clk_0/U0/clk_wiz_0/inst/clk_in1_p
    U18                  IBUFDS (Prop_ibufds_I_O)     0.983     0.983 r  design_1_i/clk_0/U0/clk_wiz_0/inst/clkin1_ibufgds/O
                         net (fo=1, routed)           2.076     3.059    design_1_i/clk_0/U0/clk_wiz_0/inst/clk_in1_clk_bd_clk_wiz_0_0_buf
    BUFGCTRL_X0Y4        BUFG (Prop_bufg_I_O)         0.102     3.161 r  design_1_i/clk_0/U0/clk_wiz_0/inst/clkin1_bufg1/O
                         net (fo=1, routed)           1.677     4.838    design_1_i/clk_0/U0/clk_wiz_0/inst/clk_in1_clk_bd_clk_wiz_0_0
    MMCME2_ADV_X0Y0      MMCME2_ADV (Prop_mmcme2_adv_CLKIN1_CLKOUT0)
                                                     -3.538     1.300 r  design_1_i/clk_0/U0/clk_wiz_0/inst/mmcm_adv_inst/CLKOUT0
                         net (fo=1, routed)           1.760     3.060    design_1_i/clk_0/U0/clk_wiz_0/inst/clk_125_clk_bd_clk_wiz_0_0
    BUFGCTRL_X0Y0        BUFG (Prop_bufg_I_O)         0.101     3.161 r  design_1_i/clk_0/U0/clk_wiz_0/inst/clkout1_buf/O
                         net (fo=2421, routed)        1.714     4.875    design_1_i/axi_smc/inst/clk_map/psr_aclk/U0/aclk
    SLICE_X2Y21          FDRE                                         r  design_1_i/axi_smc/inst/clk_map/psr_aclk/U0/ACTIVE_LOW_BSR_OUT_DFF[0].FDRE_BSR_N/C
  -------------------------------------------------------------------    -------------------
    SLICE_X2Y21          FDRE (Prop_fdre_C_Q)         0.456     5.331 r  design_1_i/axi_smc/inst/clk_map/psr_aclk/U0/ACTIVE_LOW_BSR_OUT_DFF[0].FDRE_BSR_N/Q
                         net (fo=61, routed)          3.820     9.151    design_1_i/axi_smc/inst/s00_nodes/s00_w_node/inst/s_sc_xpm_cdc_async_rst_inst/src_arst
    SLICE_X16Y43         LUT1 (Prop_lut1_I0_O)        0.124     9.275 f  design_1_i/axi_smc/inst/s00_nodes/s00_w_node/inst/s_sc_xpm_cdc_async_rst_inst/arststages_ff[2]_i_1/O
                         net (fo=3, routed)           0.775    10.051    design_1_i/axi_smc/inst/s00_nodes/s00_w_node/inst/s_sc_xpm_cdc_async_rst_inst/reset_pol
    SLICE_X16Y43         FDCE                                         f  design_1_i/axi_smc/inst/s00_nodes/s00_w_node/inst/s_sc_xpm_cdc_async_rst_inst/arststages_ff_reg[1]/CLR
  -------------------------------------------------------------------    -------------------

                         (clock clk_125_clk_bd_clk_wiz_0_0 rise edge)
                                                      0.000     0.000 r  
    U18                                               0.000     0.000 r  adc_clk_p_i (IN)
                         net (fo=0)                   0.000     0.000    design_1_i/clk_0/U0/clk_wiz_0/inst/clk_in1_p
    U18                  IBUFDS (Prop_ibufds_I_O)     0.940     0.940 r  design_1_i/clk_0/U0/clk_wiz_0/inst/clkin1_ibufgds/O
                         net (fo=1, routed)           1.880     2.820    design_1_i/clk_0/U0/clk_wiz_0/inst/clk_in1_clk_bd_clk_wiz_0_0_buf
    BUFGCTRL_X0Y4        BUFG (Prop_bufg_I_O)         0.092     2.912 r  design_1_i/clk_0/U0/clk_wiz_0/inst/clkin1_bufg1/O
                         net (fo=1, routed)           1.487     4.399    design_1_i/clk_0/U0/clk_wiz_0/inst/clk_in1_clk_bd_clk_wiz_0_0
    MMCME2_ADV_X0Y0      MMCME2_ADV (Prop_mmcme2_adv_CLKIN1_CLKOUT0)
                                                     -3.177     1.222 r  design_1_i/clk_0/U0/clk_wiz_0/inst/mmcm_adv_inst/CLKOUT0
                         net (fo=1, routed)           1.599     2.821    design_1_i/clk_0/U0/clk_wiz_0/inst/clk_125_clk_bd_clk_wiz_0_0
    BUFGCTRL_X0Y0        BUFG (Prop_bufg_I_O)         0.091     2.912 r  design_1_i/clk_0/U0/clk_wiz_0/inst/clkout1_buf/O
                         net (fo=2421, routed)        1.500     4.412    design_1_i/axi_smc/inst/s00_nodes/s00_w_node/inst/s_sc_xpm_cdc_async_rst_inst/dest_clk
    SLICE_X16Y43         FDCE                                         r  design_1_i/axi_smc/inst/s00_nodes/s00_w_node/inst/s_sc_xpm_cdc_async_rst_inst/arststages_ff_reg[1]/C

Slack:                    inf
  Source:                 design_1_i/axi_smc/inst/clk_map/psr_aclk/U0/ACTIVE_LOW_BSR_OUT_DFF[0].FDRE_BSR_N/C
                            (rising edge-triggered cell FDRE clocked by clk_125_clk_bd_clk_wiz_0_0  {rise@0.000ns fall@4.000ns period=8.000ns})
  Destination:            design_1_i/axi_smc/inst/s00_nodes/s00_w_node/inst/s_sc_xpm_cdc_async_rst_inst/arststages_ff_reg[2]/CLR
                            (recovery check against rising-edge clock clk_125_clk_bd_clk_wiz_0_0  {rise@0.000ns fall@4.000ns period=8.000ns})
  Path Group:             (none)
  Path Type:              Recovery (Max at Slow Process Corner)
  Data Path Delay:        5.176ns  (logic 0.580ns (11.206%)  route 4.596ns (88.794%))
  Logic Levels:           1  (LUT1=1)
  Clock Path Skew:        -0.463ns (DCD - SCD + CPR)
    Destination Clock Delay (DCD):    4.412ns
    Source Clock Delay      (SCD):    4.875ns
    Clock Pessimism Removal (CPR):    0.000ns
  Clock Uncertainty:      0.069ns  ((TSJ^2 + DJ^2)^1/2) / 2 + PE
    Total System Jitter     (TSJ):    0.071ns
    Discrete Jitter          (DJ):    0.119ns
    Phase Error              (PE):    0.000ns
  Timing Exception:       False Path

    Location             Delay type                Incr(ns)  Path(ns)    Netlist Resource(s)
  -------------------------------------------------------------------    -------------------
                         (clock clk_125_clk_bd_clk_wiz_0_0 rise edge)
                                                      0.000     0.000 r  
    U18                                               0.000     0.000 r  adc_clk_p_i (IN)
                         net (fo=0)                   0.000     0.000    design_1_i/clk_0/U0/clk_wiz_0/inst/clk_in1_p
    U18                  IBUFDS (Prop_ibufds_I_O)     0.983     0.983 r  design_1_i/clk_0/U0/clk_wiz_0/inst/clkin1_ibufgds/O
                         net (fo=1, routed)           2.076     3.059    design_1_i/clk_0/U0/clk_wiz_0/inst/clk_in1_clk_bd_clk_wiz_0_0_buf
    BUFGCTRL_X0Y4        BUFG (Prop_bufg_I_O)         0.102     3.161 r  design_1_i/clk_0/U0/clk_wiz_0/inst/clkin1_bufg1/O
                         net (fo=1, routed)           1.677     4.838    design_1_i/clk_0/U0/clk_wiz_0/inst/clk_in1_clk_bd_clk_wiz_0_0
    MMCME2_ADV_X0Y0      MMCME2_ADV (Prop_mmcme2_adv_CLKIN1_CLKOUT0)
                                                     -3.538     1.300 r  design_1_i/clk_0/U0/clk_wiz_0/inst/mmcm_adv_inst/CLKOUT0
                         net (fo=1, routed)           1.760     3.060    design_1_i/clk_0/U0/clk_wiz_0/inst/clk_125_clk_bd_clk_wiz_0_0
    BUFGCTRL_X0Y0        BUFG (Prop_bufg_I_O)         0.101     3.161 r  design_1_i/clk_0/U0/clk_wiz_0/inst/clkout1_buf/O
                         net (fo=2421, routed)        1.714     4.875    design_1_i/axi_smc/inst/clk_map/psr_aclk/U0/aclk
    SLICE_X2Y21          FDRE                                         r  design_1_i/axi_smc/inst/clk_map/psr_aclk/U0/ACTIVE_LOW_BSR_OUT_DFF[0].FDRE_BSR_N/C
  -------------------------------------------------------------------    -------------------
    SLICE_X2Y21          FDRE (Prop_fdre_C_Q)         0.456     5.331 r  design_1_i/axi_smc/inst/clk_map/psr_aclk/U0/ACTIVE_LOW_BSR_OUT_DFF[0].FDRE_BSR_N/Q
                         net (fo=61, routed)          3.820     9.151    design_1_i/axi_smc/inst/s00_nodes/s00_w_node/inst/s_sc_xpm_cdc_async_rst_inst/src_arst
    SLICE_X16Y43         LUT1 (Prop_lut1_I0_O)        0.124     9.275 f  design_1_i/axi_smc/inst/s00_nodes/s00_w_node/inst/s_sc_xpm_cdc_async_rst_inst/arststages_ff[2]_i_1/O
                         net (fo=3, routed)           0.775    10.051    design_1_i/axi_smc/inst/s00_nodes/s00_w_node/inst/s_sc_xpm_cdc_async_rst_inst/reset_pol
    SLICE_X16Y43         FDCE                                         f  design_1_i/axi_smc/inst/s00_nodes/s00_w_node/inst/s_sc_xpm_cdc_async_rst_inst/arststages_ff_reg[2]/CLR
  -------------------------------------------------------------------    -------------------

                         (clock clk_125_clk_bd_clk_wiz_0_0 rise edge)
                                                      0.000     0.000 r  
    U18                                               0.000     0.000 r  adc_clk_p_i (IN)
                         net (fo=0)                   0.000     0.000    design_1_i/clk_0/U0/clk_wiz_0/inst/clk_in1_p
    U18                  IBUFDS (Prop_ibufds_I_O)     0.940     0.940 r  design_1_i/clk_0/U0/clk_wiz_0/inst/clkin1_ibufgds/O
                         net (fo=1, routed)           1.880     2.820    design_1_i/clk_0/U0/clk_wiz_0/inst/clk_in1_clk_bd_clk_wiz_0_0_buf
    BUFGCTRL_X0Y4        BUFG (Prop_bufg_I_O)         0.092     2.912 r  design_1_i/clk_0/U0/clk_wiz_0/inst/clkin1_bufg1/O
                         net (fo=1, routed)           1.487     4.399    design_1_i/clk_0/U0/clk_wiz_0/inst/clk_in1_clk_bd_clk_wiz_0_0
    MMCME2_ADV_X0Y0      MMCME2_ADV (Prop_mmcme2_adv_CLKIN1_CLKOUT0)
                                                     -3.177     1.222 r  design_1_i/clk_0/U0/clk_wiz_0/inst/mmcm_adv_inst/CLKOUT0
                         net (fo=1, routed)           1.599     2.821    design_1_i/clk_0/U0/clk_wiz_0/inst/clk_125_clk_bd_clk_wiz_0_0
    BUFGCTRL_X0Y0        BUFG (Prop_bufg_I_O)         0.091     2.912 r  design_1_i/clk_0/U0/clk_wiz_0/inst/clkout1_buf/O
                         net (fo=2421, routed)        1.500     4.412    design_1_i/axi_smc/inst/s00_nodes/s00_w_node/inst/s_sc_xpm_cdc_async_rst_inst/dest_clk
    SLICE_X16Y43         FDCE                                         r  design_1_i/axi_smc/inst/s00_nodes/s00_w_node/inst/s_sc_xpm_cdc_async_rst_inst/arststages_ff_reg[2]/C

Slack:                    inf
  Source:                 design_1_i/axi_smc/inst/clk_map/psr_aclk/U0/ACTIVE_LOW_BSR_OUT_DFF[0].FDRE_BSR_N/C
                            (rising edge-triggered cell FDRE clocked by clk_125_clk_bd_clk_wiz_0_0  {rise@0.000ns fall@4.000ns period=8.000ns})
  Destination:            design_1_i/axi_smc/inst/m07_nodes/m07_w_node/inst/s_sc_xpm_cdc_async_rst_inst/arststages_ff_reg[0]/CLR
                            (recovery check against rising-edge clock clk_125_clk_bd_clk_wiz_0_0  {rise@0.000ns fall@4.000ns period=8.000ns})
  Path Group:             (none)
  Path Type:              Recovery (Max at Slow Process Corner)
  Data Path Delay:        5.159ns  (logic 0.580ns (11.242%)  route 4.579ns (88.758%))
  Logic Levels:           1  (LUT1=1)
  Clock Path Skew:        -0.464ns (DCD - SCD + CPR)
    Destination Clock Delay (DCD):    4.411ns
    Source Clock Delay      (SCD):    4.875ns
    Clock Pessimism Removal (CPR):    0.000ns
  Clock Uncertainty:      0.069ns  ((TSJ^2 + DJ^2)^1/2) / 2 + PE
    Total System Jitter     (TSJ):    0.071ns
    Discrete Jitter          (DJ):    0.119ns
    Phase Error              (PE):    0.000ns
  Timing Exception:       False Path

    Location             Delay type                Incr(ns)  Path(ns)    Netlist Resource(s)
  -------------------------------------------------------------------    -------------------
                         (clock clk_125_clk_bd_clk_wiz_0_0 rise edge)
                                                      0.000     0.000 r  
    U18                                               0.000     0.000 r  adc_clk_p_i (IN)
                         net (fo=0)                   0.000     0.000    design_1_i/clk_0/U0/clk_wiz_0/inst/clk_in1_p
    U18                  IBUFDS (Prop_ibufds_I_O)     0.983     0.983 r  design_1_i/clk_0/U0/clk_wiz_0/inst/clkin1_ibufgds/O
                         net (fo=1, routed)           2.076     3.059    design_1_i/clk_0/U0/clk_wiz_0/inst/clk_in1_clk_bd_clk_wiz_0_0_buf
    BUFGCTRL_X0Y4        BUFG (Prop_bufg_I_O)         0.102     3.161 r  design_1_i/clk_0/U0/clk_wiz_0/inst/clkin1_bufg1/O
                         net (fo=1, routed)           1.677     4.838    design_1_i/clk_0/U0/clk_wiz_0/inst/clk_in1_clk_bd_clk_wiz_0_0
    MMCME2_ADV_X0Y0      MMCME2_ADV (Prop_mmcme2_adv_CLKIN1_CLKOUT0)
                                                     -3.538     1.300 r  design_1_i/clk_0/U0/clk_wiz_0/inst/mmcm_adv_inst/CLKOUT0
                         net (fo=1, routed)           1.760     3.060    design_1_i/clk_0/U0/clk_wiz_0/inst/clk_125_clk_bd_clk_wiz_0_0
    BUFGCTRL_X0Y0        BUFG (Prop_bufg_I_O)         0.101     3.161 r  design_1_i/clk_0/U0/clk_wiz_0/inst/clkout1_buf/O
                         net (fo=2421, routed)        1.714     4.875    design_1_i/axi_smc/inst/clk_map/psr_aclk/U0/aclk
    SLICE_X2Y21          FDRE                                         r  design_1_i/axi_smc/inst/clk_map/psr_aclk/U0/ACTIVE_LOW_BSR_OUT_DFF[0].FDRE_BSR_N/C
  -------------------------------------------------------------------    -------------------
    SLICE_X2Y21          FDRE (Prop_fdre_C_Q)         0.456     5.331 r  design_1_i/axi_smc/inst/clk_map/psr_aclk/U0/ACTIVE_LOW_BSR_OUT_DFF[0].FDRE_BSR_N/Q
                         net (fo=61, routed)          3.957     9.288    design_1_i/axi_smc/inst/m07_nodes/m07_w_node/inst/s_sc_xpm_cdc_async_rst_inst/src_arst
    SLICE_X18Y44         LUT1 (Prop_lut1_I0_O)        0.124     9.412 f  design_1_i/axi_smc/inst/m07_nodes/m07_w_node/inst/s_sc_xpm_cdc_async_rst_inst/arststages_ff[2]_i_1/O
                         net (fo=3, routed)           0.623    10.035    design_1_i/axi_smc/inst/m07_nodes/m07_w_node/inst/s_sc_xpm_cdc_async_rst_inst/reset_pol
    SLICE_X16Y42         FDCE                                         f  design_1_i/axi_smc/inst/m07_nodes/m07_w_node/inst/s_sc_xpm_cdc_async_rst_inst/arststages_ff_reg[0]/CLR
  -------------------------------------------------------------------    -------------------

                         (clock clk_125_clk_bd_clk_wiz_0_0 rise edge)
                                                      0.000     0.000 r  
    U18                                               0.000     0.000 r  adc_clk_p_i (IN)
                         net (fo=0)                   0.000     0.000    design_1_i/clk_0/U0/clk_wiz_0/inst/clk_in1_p
    U18                  IBUFDS (Prop_ibufds_I_O)     0.940     0.940 r  design_1_i/clk_0/U0/clk_wiz_0/inst/clkin1_ibufgds/O
                         net (fo=1, routed)           1.880     2.820    design_1_i/clk_0/U0/clk_wiz_0/inst/clk_in1_clk_bd_clk_wiz_0_0_buf
    BUFGCTRL_X0Y4        BUFG (Prop_bufg_I_O)         0.092     2.912 r  design_1_i/clk_0/U0/clk_wiz_0/inst/clkin1_bufg1/O
                         net (fo=1, routed)           1.487     4.399    design_1_i/clk_0/U0/clk_wiz_0/inst/clk_in1_clk_bd_clk_wiz_0_0
    MMCME2_ADV_X0Y0      MMCME2_ADV (Prop_mmcme2_adv_CLKIN1_CLKOUT0)
                                                     -3.177     1.222 r  design_1_i/clk_0/U0/clk_wiz_0/inst/mmcm_adv_inst/CLKOUT0
                         net (fo=1, routed)           1.599     2.821    design_1_i/clk_0/U0/clk_wiz_0/inst/clk_125_clk_bd_clk_wiz_0_0
    BUFGCTRL_X0Y0        BUFG (Prop_bufg_I_O)         0.091     2.912 r  design_1_i/clk_0/U0/clk_wiz_0/inst/clkout1_buf/O
                         net (fo=2421, routed)        1.499     4.411    design_1_i/axi_smc/inst/m07_nodes/m07_w_node/inst/s_sc_xpm_cdc_async_rst_inst/dest_clk
    SLICE_X16Y42         FDCE                                         r  design_1_i/axi_smc/inst/m07_nodes/m07_w_node/inst/s_sc_xpm_cdc_async_rst_inst/arststages_ff_reg[0]/C

Slack:                    inf
  Source:                 design_1_i/axi_smc/inst/clk_map/psr_aclk/U0/ACTIVE_LOW_BSR_OUT_DFF[0].FDRE_BSR_N/C
                            (rising edge-triggered cell FDRE clocked by clk_125_clk_bd_clk_wiz_0_0  {rise@0.000ns fall@4.000ns period=8.000ns})
  Destination:            design_1_i/axi_smc/inst/m07_nodes/m07_w_node/inst/s_sc_xpm_cdc_async_rst_inst/arststages_ff_reg[1]/CLR
                            (recovery check against rising-edge clock clk_125_clk_bd_clk_wiz_0_0  {rise@0.000ns fall@4.000ns period=8.000ns})
  Path Group:             (none)
  Path Type:              Recovery (Max at Slow Process Corner)
  Data Path Delay:        5.159ns  (logic 0.580ns (11.242%)  route 4.579ns (88.758%))
  Logic Levels:           1  (LUT1=1)
  Clock Path Skew:        -0.464ns (DCD - SCD + CPR)
    Destination Clock Delay (DCD):    4.411ns
    Source Clock Delay      (SCD):    4.875ns
    Clock Pessimism Removal (CPR):    0.000ns
  Clock Uncertainty:      0.069ns  ((TSJ^2 + DJ^2)^1/2) / 2 + PE
    Total System Jitter     (TSJ):    0.071ns
    Discrete Jitter          (DJ):    0.119ns
    Phase Error              (PE):    0.000ns
  Timing Exception:       False Path

    Location             Delay type                Incr(ns)  Path(ns)    Netlist Resource(s)
  -------------------------------------------------------------------    -------------------
                         (clock clk_125_clk_bd_clk_wiz_0_0 rise edge)
                                                      0.000     0.000 r  
    U18                                               0.000     0.000 r  adc_clk_p_i (IN)
                         net (fo=0)                   0.000     0.000    design_1_i/clk_0/U0/clk_wiz_0/inst/clk_in1_p
    U18                  IBUFDS (Prop_ibufds_I_O)     0.983     0.983 r  design_1_i/clk_0/U0/clk_wiz_0/inst/clkin1_ibufgds/O
                         net (fo=1, routed)           2.076     3.059    design_1_i/clk_0/U0/clk_wiz_0/inst/clk_in1_clk_bd_clk_wiz_0_0_buf
    BUFGCTRL_X0Y4        BUFG (Prop_bufg_I_O)         0.102     3.161 r  design_1_i/clk_0/U0/clk_wiz_0/inst/clkin1_bufg1/O
                         net (fo=1, routed)           1.677     4.838    design_1_i/clk_0/U0/clk_wiz_0/inst/clk_in1_clk_bd_clk_wiz_0_0
    MMCME2_ADV_X0Y0      MMCME2_ADV (Prop_mmcme2_adv_CLKIN1_CLKOUT0)
                                                     -3.538     1.300 r  design_1_i/clk_0/U0/clk_wiz_0/inst/mmcm_adv_inst/CLKOUT0
                         net (fo=1, routed)           1.760     3.060    design_1_i/clk_0/U0/clk_wiz_0/inst/clk_125_clk_bd_clk_wiz_0_0
    BUFGCTRL_X0Y0        BUFG (Prop_bufg_I_O)         0.101     3.161 r  design_1_i/clk_0/U0/clk_wiz_0/inst/clkout1_buf/O
                         net (fo=2421, routed)        1.714     4.875    design_1_i/axi_smc/inst/clk_map/psr_aclk/U0/aclk
    SLICE_X2Y21          FDRE                                         r  design_1_i/axi_smc/inst/clk_map/psr_aclk/U0/ACTIVE_LOW_BSR_OUT_DFF[0].FDRE_BSR_N/C
  -------------------------------------------------------------------    -------------------
    SLICE_X2Y21          FDRE (Prop_fdre_C_Q)         0.456     5.331 r  design_1_i/axi_smc/inst/clk_map/psr_aclk/U0/ACTIVE_LOW_BSR_OUT_DFF[0].FDRE_BSR_N/Q
                         net (fo=61, routed)          3.957     9.288    design_1_i/axi_smc/inst/m07_nodes/m07_w_node/inst/s_sc_xpm_cdc_async_rst_inst/src_arst
    SLICE_X18Y44         LUT1 (Prop_lut1_I0_O)        0.124     9.412 f  design_1_i/axi_smc/inst/m07_nodes/m07_w_node/inst/s_sc_xpm_cdc_async_rst_inst/arststages_ff[2]_i_1/O
                         net (fo=3, routed)           0.623    10.035    design_1_i/axi_smc/inst/m07_nodes/m07_w_node/inst/s_sc_xpm_cdc_async_rst_inst/reset_pol
    SLICE_X16Y42         FDCE                                         f  design_1_i/axi_smc/inst/m07_nodes/m07_w_node/inst/s_sc_xpm_cdc_async_rst_inst/arststages_ff_reg[1]/CLR
  -------------------------------------------------------------------    -------------------

                         (clock clk_125_clk_bd_clk_wiz_0_0 rise edge)
                                                      0.000     0.000 r  
    U18                                               0.000     0.000 r  adc_clk_p_i (IN)
                         net (fo=0)                   0.000     0.000    design_1_i/clk_0/U0/clk_wiz_0/inst/clk_in1_p
    U18                  IBUFDS (Prop_ibufds_I_O)     0.940     0.940 r  design_1_i/clk_0/U0/clk_wiz_0/inst/clkin1_ibufgds/O
                         net (fo=1, routed)           1.880     2.820    design_1_i/clk_0/U0/clk_wiz_0/inst/clk_in1_clk_bd_clk_wiz_0_0_buf
    BUFGCTRL_X0Y4        BUFG (Prop_bufg_I_O)         0.092     2.912 r  design_1_i/clk_0/U0/clk_wiz_0/inst/clkin1_bufg1/O
                         net (fo=1, routed)           1.487     4.399    design_1_i/clk_0/U0/clk_wiz_0/inst/clk_in1_clk_bd_clk_wiz_0_0
    MMCME2_ADV_X0Y0      MMCME2_ADV (Prop_mmcme2_adv_CLKIN1_CLKOUT0)
                                                     -3.177     1.222 r  design_1_i/clk_0/U0/clk_wiz_0/inst/mmcm_adv_inst/CLKOUT0
                         net (fo=1, routed)           1.599     2.821    design_1_i/clk_0/U0/clk_wiz_0/inst/clk_125_clk_bd_clk_wiz_0_0
    BUFGCTRL_X0Y0        BUFG (Prop_bufg_I_O)         0.091     2.912 r  design_1_i/clk_0/U0/clk_wiz_0/inst/clkout1_buf/O
                         net (fo=2421, routed)        1.499     4.411    design_1_i/axi_smc/inst/m07_nodes/m07_w_node/inst/s_sc_xpm_cdc_async_rst_inst/dest_clk
    SLICE_X16Y42         FDCE                                         r  design_1_i/axi_smc/inst/m07_nodes/m07_w_node/inst/s_sc_xpm_cdc_async_rst_inst/arststages_ff_reg[1]/C

Slack:                    inf
  Source:                 design_1_i/axi_smc/inst/clk_map/psr_aclk/U0/ACTIVE_LOW_BSR_OUT_DFF[0].FDRE_BSR_N/C
                            (rising edge-triggered cell FDRE clocked by clk_125_clk_bd_clk_wiz_0_0  {rise@0.000ns fall@4.000ns period=8.000ns})
  Destination:            design_1_i/axi_smc/inst/m07_nodes/m07_w_node/inst/s_sc_xpm_cdc_async_rst_inst/arststages_ff_reg[2]/CLR
                            (recovery check against rising-edge clock clk_125_clk_bd_clk_wiz_0_0  {rise@0.000ns fall@4.000ns period=8.000ns})
  Path Group:             (none)
  Path Type:              Recovery (Max at Slow Process Corner)
  Data Path Delay:        5.159ns  (logic 0.580ns (11.242%)  route 4.579ns (88.758%))
  Logic Levels:           1  (LUT1=1)
  Clock Path Skew:        -0.464ns (DCD - SCD + CPR)
    Destination Clock Delay (DCD):    4.411ns
    Source Clock Delay      (SCD):    4.875ns
    Clock Pessimism Removal (CPR):    0.000ns
  Clock Uncertainty:      0.069ns  ((TSJ^2 + DJ^2)^1/2) / 2 + PE
    Total System Jitter     (TSJ):    0.071ns
    Discrete Jitter          (DJ):    0.119ns
    Phase Error              (PE):    0.000ns
  Timing Exception:       False Path

    Location             Delay type                Incr(ns)  Path(ns)    Netlist Resource(s)
  -------------------------------------------------------------------    -------------------
                         (clock clk_125_clk_bd_clk_wiz_0_0 rise edge)
                                                      0.000     0.000 r  
    U18                                               0.000     0.000 r  adc_clk_p_i (IN)
                         net (fo=0)                   0.000     0.000    design_1_i/clk_0/U0/clk_wiz_0/inst/clk_in1_p
    U18                  IBUFDS (Prop_ibufds_I_O)     0.983     0.983 r  design_1_i/clk_0/U0/clk_wiz_0/inst/clkin1_ibufgds/O
                         net (fo=1, routed)           2.076     3.059    design_1_i/clk_0/U0/clk_wiz_0/inst/clk_in1_clk_bd_clk_wiz_0_0_buf
    BUFGCTRL_X0Y4        BUFG (Prop_bufg_I_O)         0.102     3.161 r  design_1_i/clk_0/U0/clk_wiz_0/inst/clkin1_bufg1/O
                         net (fo=1, routed)           1.677     4.838    design_1_i/clk_0/U0/clk_wiz_0/inst/clk_in1_clk_bd_clk_wiz_0_0
    MMCME2_ADV_X0Y0      MMCME2_ADV (Prop_mmcme2_adv_CLKIN1_CLKOUT0)
                                                     -3.538     1.300 r  design_1_i/clk_0/U0/clk_wiz_0/inst/mmcm_adv_inst/CLKOUT0
                         net (fo=1, routed)           1.760     3.060    design_1_i/clk_0/U0/clk_wiz_0/inst/clk_125_clk_bd_clk_wiz_0_0
    BUFGCTRL_X0Y0        BUFG (Prop_bufg_I_O)         0.101     3.161 r  design_1_i/clk_0/U0/clk_wiz_0/inst/clkout1_buf/O
                         net (fo=2421, routed)        1.714     4.875    design_1_i/axi_smc/inst/clk_map/psr_aclk/U0/aclk
    SLICE_X2Y21          FDRE                                         r  design_1_i/axi_smc/inst/clk_map/psr_aclk/U0/ACTIVE_LOW_BSR_OUT_DFF[0].FDRE_BSR_N/C
  -------------------------------------------------------------------    -------------------
    SLICE_X2Y21          FDRE (Prop_fdre_C_Q)         0.456     5.331 r  design_1_i/axi_smc/inst/clk_map/psr_aclk/U0/ACTIVE_LOW_BSR_OUT_DFF[0].FDRE_BSR_N/Q
                         net (fo=61, routed)          3.957     9.288    design_1_i/axi_smc/inst/m07_nodes/m07_w_node/inst/s_sc_xpm_cdc_async_rst_inst/src_arst
    SLICE_X18Y44         LUT1 (Prop_lut1_I0_O)        0.124     9.412 f  design_1_i/axi_smc/inst/m07_nodes/m07_w_node/inst/s_sc_xpm_cdc_async_rst_inst/arststages_ff[2]_i_1/O
                         net (fo=3, routed)           0.623    10.035    design_1_i/axi_smc/inst/m07_nodes/m07_w_node/inst/s_sc_xpm_cdc_async_rst_inst/reset_pol
    SLICE_X16Y42         FDCE                                         f  design_1_i/axi_smc/inst/m07_nodes/m07_w_node/inst/s_sc_xpm_cdc_async_rst_inst/arststages_ff_reg[2]/CLR
  -------------------------------------------------------------------    -------------------

                         (clock clk_125_clk_bd_clk_wiz_0_0 rise edge)
                                                      0.000     0.000 r  
    U18                                               0.000     0.000 r  adc_clk_p_i (IN)
                         net (fo=0)                   0.000     0.000    design_1_i/clk_0/U0/clk_wiz_0/inst/clk_in1_p
    U18                  IBUFDS (Prop_ibufds_I_O)     0.940     0.940 r  design_1_i/clk_0/U0/clk_wiz_0/inst/clkin1_ibufgds/O
                         net (fo=1, routed)           1.880     2.820    design_1_i/clk_0/U0/clk_wiz_0/inst/clk_in1_clk_bd_clk_wiz_0_0_buf
    BUFGCTRL_X0Y4        BUFG (Prop_bufg_I_O)         0.092     2.912 r  design_1_i/clk_0/U0/clk_wiz_0/inst/clkin1_bufg1/O
                         net (fo=1, routed)           1.487     4.399    design_1_i/clk_0/U0/clk_wiz_0/inst/clk_in1_clk_bd_clk_wiz_0_0
    MMCME2_ADV_X0Y0      MMCME2_ADV (Prop_mmcme2_adv_CLKIN1_CLKOUT0)
                                                     -3.177     1.222 r  design_1_i/clk_0/U0/clk_wiz_0/inst/mmcm_adv_inst/CLKOUT0
                         net (fo=1, routed)           1.599     2.821    design_1_i/clk_0/U0/clk_wiz_0/inst/clk_125_clk_bd_clk_wiz_0_0
    BUFGCTRL_X0Y0        BUFG (Prop_bufg_I_O)         0.091     2.912 r  design_1_i/clk_0/U0/clk_wiz_0/inst/clkout1_buf/O
                         net (fo=2421, routed)        1.499     4.411    design_1_i/axi_smc/inst/m07_nodes/m07_w_node/inst/s_sc_xpm_cdc_async_rst_inst/dest_clk
    SLICE_X16Y42         FDCE                                         r  design_1_i/axi_smc/inst/m07_nodes/m07_w_node/inst/s_sc_xpm_cdc_async_rst_inst/arststages_ff_reg[2]/C

Slack:                    inf
  Source:                 design_1_i/axi_smc/inst/clk_map/psr_aclk/U0/ACTIVE_LOW_BSR_OUT_DFF[0].FDRE_BSR_N/C
                            (rising edge-triggered cell FDRE clocked by clk_125_clk_bd_clk_wiz_0_0  {rise@0.000ns fall@4.000ns period=8.000ns})
  Destination:            design_1_i/axi_smc/inst/s00_nodes/s00_b_node/inst/s_sc_xpm_cdc_async_rst_inst/arststages_ff_reg[0]/CLR
                            (recovery check against rising-edge clock clk_125_clk_bd_clk_wiz_0_0  {rise@0.000ns fall@4.000ns period=8.000ns})
  Path Group:             (none)
  Path Type:              Recovery (Max at Slow Process Corner)
  Data Path Delay:        5.102ns  (logic 0.609ns (11.936%)  route 4.493ns (88.064%))
  Logic Levels:           1  (LUT1=1)
  Clock Path Skew:        -0.463ns (DCD - SCD + CPR)
    Destination Clock Delay (DCD):    4.412ns
    Source Clock Delay      (SCD):    4.875ns
    Clock Pessimism Removal (CPR):    0.000ns
  Clock Uncertainty:      0.069ns  ((TSJ^2 + DJ^2)^1/2) / 2 + PE
    Total System Jitter     (TSJ):    0.071ns
    Discrete Jitter          (DJ):    0.119ns
    Phase Error              (PE):    0.000ns
  Timing Exception:       False Path

    Location             Delay type                Incr(ns)  Path(ns)    Netlist Resource(s)
  -------------------------------------------------------------------    -------------------
                         (clock clk_125_clk_bd_clk_wiz_0_0 rise edge)
                                                      0.000     0.000 r  
    U18                                               0.000     0.000 r  adc_clk_p_i (IN)
                         net (fo=0)                   0.000     0.000    design_1_i/clk_0/U0/clk_wiz_0/inst/clk_in1_p
    U18                  IBUFDS (Prop_ibufds_I_O)     0.983     0.983 r  design_1_i/clk_0/U0/clk_wiz_0/inst/clkin1_ibufgds/O
                         net (fo=1, routed)           2.076     3.059    design_1_i/clk_0/U0/clk_wiz_0/inst/clk_in1_clk_bd_clk_wiz_0_0_buf
    BUFGCTRL_X0Y4        BUFG (Prop_bufg_I_O)         0.102     3.161 r  design_1_i/clk_0/U0/clk_wiz_0/inst/clkin1_bufg1/O
                         net (fo=1, routed)           1.677     4.838    design_1_i/clk_0/U0/clk_wiz_0/inst/clk_in1_clk_bd_clk_wiz_0_0
    MMCME2_ADV_X0Y0      MMCME2_ADV (Prop_mmcme2_adv_CLKIN1_CLKOUT0)
                                                     -3.538     1.300 r  design_1_i/clk_0/U0/clk_wiz_0/inst/mmcm_adv_inst/CLKOUT0
                         net (fo=1, routed)           1.760     3.060    design_1_i/clk_0/U0/clk_wiz_0/inst/clk_125_clk_bd_clk_wiz_0_0
    BUFGCTRL_X0Y0        BUFG (Prop_bufg_I_O)         0.101     3.161 r  design_1_i/clk_0/U0/clk_wiz_0/inst/clkout1_buf/O
                         net (fo=2421, routed)        1.714     4.875    design_1_i/axi_smc/inst/clk_map/psr_aclk/U0/aclk
    SLICE_X2Y21          FDRE                                         r  design_1_i/axi_smc/inst/clk_map/psr_aclk/U0/ACTIVE_LOW_BSR_OUT_DFF[0].FDRE_BSR_N/C
  -------------------------------------------------------------------    -------------------
    SLICE_X2Y21          FDRE (Prop_fdre_C_Q)         0.456     5.331 r  design_1_i/axi_smc/inst/clk_map/psr_aclk/U0/ACTIVE_LOW_BSR_OUT_DFF[0].FDRE_BSR_N/Q
                         net (fo=61, routed)          3.957     9.288    design_1_i/axi_smc/inst/s00_nodes/s00_b_node/inst/s_sc_xpm_cdc_async_rst_inst/src_arst
    SLICE_X18Y44         LUT1 (Prop_lut1_I0_O)        0.153     9.441 f  design_1_i/axi_smc/inst/s00_nodes/s00_b_node/inst/s_sc_xpm_cdc_async_rst_inst/arststages_ff[2]_i_1/O
                         net (fo=3, routed)           0.536     9.977    design_1_i/axi_smc/inst/s00_nodes/s00_b_node/inst/s_sc_xpm_cdc_async_rst_inst/reset_pol
    SLICE_X18Y44         FDCE                                         f  design_1_i/axi_smc/inst/s00_nodes/s00_b_node/inst/s_sc_xpm_cdc_async_rst_inst/arststages_ff_reg[0]/CLR
  -------------------------------------------------------------------    -------------------

                         (clock clk_125_clk_bd_clk_wiz_0_0 rise edge)
                                                      0.000     0.000 r  
    U18                                               0.000     0.000 r  adc_clk_p_i (IN)
                         net (fo=0)                   0.000     0.000    design_1_i/clk_0/U0/clk_wiz_0/inst/clk_in1_p
    U18                  IBUFDS (Prop_ibufds_I_O)     0.940     0.940 r  design_1_i/clk_0/U0/clk_wiz_0/inst/clkin1_ibufgds/O
                         net (fo=1, routed)           1.880     2.820    design_1_i/clk_0/U0/clk_wiz_0/inst/clk_in1_clk_bd_clk_wiz_0_0_buf
    BUFGCTRL_X0Y4        BUFG (Prop_bufg_I_O)         0.092     2.912 r  design_1_i/clk_0/U0/clk_wiz_0/inst/clkin1_bufg1/O
                         net (fo=1, routed)           1.487     4.399    design_1_i/clk_0/U0/clk_wiz_0/inst/clk_in1_clk_bd_clk_wiz_0_0
    MMCME2_ADV_X0Y0      MMCME2_ADV (Prop_mmcme2_adv_CLKIN1_CLKOUT0)
                                                     -3.177     1.222 r  design_1_i/clk_0/U0/clk_wiz_0/inst/mmcm_adv_inst/CLKOUT0
                         net (fo=1, routed)           1.599     2.821    design_1_i/clk_0/U0/clk_wiz_0/inst/clk_125_clk_bd_clk_wiz_0_0
    BUFGCTRL_X0Y0        BUFG (Prop_bufg_I_O)         0.091     2.912 r  design_1_i/clk_0/U0/clk_wiz_0/inst/clkout1_buf/O
                         net (fo=2421, routed)        1.500     4.412    design_1_i/axi_smc/inst/s00_nodes/s00_b_node/inst/s_sc_xpm_cdc_async_rst_inst/dest_clk
    SLICE_X18Y44         FDCE                                         r  design_1_i/axi_smc/inst/s00_nodes/s00_b_node/inst/s_sc_xpm_cdc_async_rst_inst/arststages_ff_reg[0]/C

Slack:                    inf
  Source:                 design_1_i/axi_smc/inst/clk_map/psr_aclk/U0/ACTIVE_LOW_BSR_OUT_DFF[0].FDRE_BSR_N/C
                            (rising edge-triggered cell FDRE clocked by clk_125_clk_bd_clk_wiz_0_0  {rise@0.000ns fall@4.000ns period=8.000ns})
  Destination:            design_1_i/axi_smc/inst/s00_nodes/s00_b_node/inst/s_sc_xpm_cdc_async_rst_inst/arststages_ff_reg[1]/CLR
                            (recovery check against rising-edge clock clk_125_clk_bd_clk_wiz_0_0  {rise@0.000ns fall@4.000ns period=8.000ns})
  Path Group:             (none)
  Path Type:              Recovery (Max at Slow Process Corner)
  Data Path Delay:        5.102ns  (logic 0.609ns (11.936%)  route 4.493ns (88.064%))
  Logic Levels:           1  (LUT1=1)
  Clock Path Skew:        -0.463ns (DCD - SCD + CPR)
    Destination Clock Delay (DCD):    4.412ns
    Source Clock Delay      (SCD):    4.875ns
    Clock Pessimism Removal (CPR):    0.000ns
  Clock Uncertainty:      0.069ns  ((TSJ^2 + DJ^2)^1/2) / 2 + PE
    Total System Jitter     (TSJ):    0.071ns
    Discrete Jitter          (DJ):    0.119ns
    Phase Error              (PE):    0.000ns
  Timing Exception:       False Path

    Location             Delay type                Incr(ns)  Path(ns)    Netlist Resource(s)
  -------------------------------------------------------------------    -------------------
                         (clock clk_125_clk_bd_clk_wiz_0_0 rise edge)
                                                      0.000     0.000 r  
    U18                                               0.000     0.000 r  adc_clk_p_i (IN)
                         net (fo=0)                   0.000     0.000    design_1_i/clk_0/U0/clk_wiz_0/inst/clk_in1_p
    U18                  IBUFDS (Prop_ibufds_I_O)     0.983     0.983 r  design_1_i/clk_0/U0/clk_wiz_0/inst/clkin1_ibufgds/O
                         net (fo=1, routed)           2.076     3.059    design_1_i/clk_0/U0/clk_wiz_0/inst/clk_in1_clk_bd_clk_wiz_0_0_buf
    BUFGCTRL_X0Y4        BUFG (Prop_bufg_I_O)         0.102     3.161 r  design_1_i/clk_0/U0/clk_wiz_0/inst/clkin1_bufg1/O
                         net (fo=1, routed)           1.677     4.838    design_1_i/clk_0/U0/clk_wiz_0/inst/clk_in1_clk_bd_clk_wiz_0_0
    MMCME2_ADV_X0Y0      MMCME2_ADV (Prop_mmcme2_adv_CLKIN1_CLKOUT0)
                                                     -3.538     1.300 r  design_1_i/clk_0/U0/clk_wiz_0/inst/mmcm_adv_inst/CLKOUT0
                         net (fo=1, routed)           1.760     3.060    design_1_i/clk_0/U0/clk_wiz_0/inst/clk_125_clk_bd_clk_wiz_0_0
    BUFGCTRL_X0Y0        BUFG (Prop_bufg_I_O)         0.101     3.161 r  design_1_i/clk_0/U0/clk_wiz_0/inst/clkout1_buf/O
                         net (fo=2421, routed)        1.714     4.875    design_1_i/axi_smc/inst/clk_map/psr_aclk/U0/aclk
    SLICE_X2Y21          FDRE                                         r  design_1_i/axi_smc/inst/clk_map/psr_aclk/U0/ACTIVE_LOW_BSR_OUT_DFF[0].FDRE_BSR_N/C
  -------------------------------------------------------------------    -------------------
    SLICE_X2Y21          FDRE (Prop_fdre_C_Q)         0.456     5.331 r  design_1_i/axi_smc/inst/clk_map/psr_aclk/U0/ACTIVE_LOW_BSR_OUT_DFF[0].FDRE_BSR_N/Q
                         net (fo=61, routed)          3.957     9.288    design_1_i/axi_smc/inst/s00_nodes/s00_b_node/inst/s_sc_xpm_cdc_async_rst_inst/src_arst
    SLICE_X18Y44         LUT1 (Prop_lut1_I0_O)        0.153     9.441 f  design_1_i/axi_smc/inst/s00_nodes/s00_b_node/inst/s_sc_xpm_cdc_async_rst_inst/arststages_ff[2]_i_1/O
                         net (fo=3, routed)           0.536     9.977    design_1_i/axi_smc/inst/s00_nodes/s00_b_node/inst/s_sc_xpm_cdc_async_rst_inst/reset_pol
    SLICE_X18Y44         FDCE                                         f  design_1_i/axi_smc/inst/s00_nodes/s00_b_node/inst/s_sc_xpm_cdc_async_rst_inst/arststages_ff_reg[1]/CLR
  -------------------------------------------------------------------    -------------------

                         (clock clk_125_clk_bd_clk_wiz_0_0 rise edge)
                                                      0.000     0.000 r  
    U18                                               0.000     0.000 r  adc_clk_p_i (IN)
                         net (fo=0)                   0.000     0.000    design_1_i/clk_0/U0/clk_wiz_0/inst/clk_in1_p
    U18                  IBUFDS (Prop_ibufds_I_O)     0.940     0.940 r  design_1_i/clk_0/U0/clk_wiz_0/inst/clkin1_ibufgds/O
                         net (fo=1, routed)           1.880     2.820    design_1_i/clk_0/U0/clk_wiz_0/inst/clk_in1_clk_bd_clk_wiz_0_0_buf
    BUFGCTRL_X0Y4        BUFG (Prop_bufg_I_O)         0.092     2.912 r  design_1_i/clk_0/U0/clk_wiz_0/inst/clkin1_bufg1/O
                         net (fo=1, routed)           1.487     4.399    design_1_i/clk_0/U0/clk_wiz_0/inst/clk_in1_clk_bd_clk_wiz_0_0
    MMCME2_ADV_X0Y0      MMCME2_ADV (Prop_mmcme2_adv_CLKIN1_CLKOUT0)
                                                     -3.177     1.222 r  design_1_i/clk_0/U0/clk_wiz_0/inst/mmcm_adv_inst/CLKOUT0
                         net (fo=1, routed)           1.599     2.821    design_1_i/clk_0/U0/clk_wiz_0/inst/clk_125_clk_bd_clk_wiz_0_0
    BUFGCTRL_X0Y0        BUFG (Prop_bufg_I_O)         0.091     2.912 r  design_1_i/clk_0/U0/clk_wiz_0/inst/clkout1_buf/O
                         net (fo=2421, routed)        1.500     4.412    design_1_i/axi_smc/inst/s00_nodes/s00_b_node/inst/s_sc_xpm_cdc_async_rst_inst/dest_clk
    SLICE_X18Y44         FDCE                                         r  design_1_i/axi_smc/inst/s00_nodes/s00_b_node/inst/s_sc_xpm_cdc_async_rst_inst/arststages_ff_reg[1]/C





Min Delay Paths
--------------------------------------------------------------------------------------
Slack:                    inf
  Source:                 design_1_i/axi_smc/inst/clk_map/psr_aclk/U0/ACTIVE_LOW_BSR_OUT_DFF[0].FDRE_BSR_N/C
                            (rising edge-triggered cell FDRE clocked by clk_125_clk_bd_clk_wiz_0_0  {rise@0.000ns fall@4.000ns period=8.000ns})
  Destination:            design_1_i/axi_smc/inst/m00_nodes/m00_b_node/inst/s_sc_xpm_cdc_async_rst_inst/arststages_ff_reg[0]/CLR
                            (removal check against rising-edge clock clk_125_clk_bd_clk_wiz_0_0  {rise@0.000ns fall@4.000ns period=8.000ns})
  Path Group:             (none)
  Path Type:              Removal (Min at Fast Process Corner)
  Data Path Delay:        0.744ns  (logic 0.186ns (24.993%)  route 0.558ns (75.007%))
  Logic Levels:           1  (LUT1=1)
  Clock Path Skew:        0.353ns (DCD - SCD - CPR)
    Destination Clock Delay (DCD):    1.983ns
    Source Clock Delay      (SCD):    1.630ns
    Clock Pessimism Removal (CPR):    -0.000ns
  Clock Uncertainty:      0.069ns  ((TSJ^2 + DJ^2)^1/2) / 2 + PE
    Total System Jitter     (TSJ):    0.071ns
    Discrete Jitter          (DJ):    0.119ns
    Phase Error              (PE):    0.000ns
  Timing Exception:       False Path

    Location             Delay type                Incr(ns)  Path(ns)    Netlist Resource(s)
  -------------------------------------------------------------------    -------------------
                         (clock clk_125_clk_bd_clk_wiz_0_0 rise edge)
                                                      0.000     0.000 r  
    U18                                               0.000     0.000 r  adc_clk_p_i (IN)
                         net (fo=0)                   0.000     0.000    design_1_i/clk_0/U0/clk_wiz_0/inst/clk_in1_p
    U18                  IBUFDS (Prop_ibufds_I_O)     0.401     0.401 r  design_1_i/clk_0/U0/clk_wiz_0/inst/clkin1_ibufgds/O
                         net (fo=1, routed)           0.627     1.029    design_1_i/clk_0/U0/clk_wiz_0/inst/clk_in1_clk_bd_clk_wiz_0_0_buf
    BUFGCTRL_X0Y4        BUFG (Prop_bufg_I_O)         0.027     1.056 r  design_1_i/clk_0/U0/clk_wiz_0/inst/clkin1_bufg1/O
                         net (fo=1, routed)           0.546     1.601    design_1_i/clk_0/U0/clk_wiz_0/inst/clk_in1_clk_bd_clk_wiz_0_0
    MMCME2_ADV_X0Y0      MMCME2_ADV (Prop_mmcme2_adv_CLKIN1_CLKOUT0)
                                                     -1.053     0.548 r  design_1_i/clk_0/U0/clk_wiz_0/inst/mmcm_adv_inst/CLKOUT0
                         net (fo=1, routed)           0.482     1.030    design_1_i/clk_0/U0/clk_wiz_0/inst/clk_125_clk_bd_clk_wiz_0_0
    BUFGCTRL_X0Y0        BUFG (Prop_bufg_I_O)         0.026     1.056 r  design_1_i/clk_0/U0/clk_wiz_0/inst/clkout1_buf/O
                         net (fo=2421, routed)        0.575     1.630    design_1_i/axi_smc/inst/clk_map/psr_aclk/U0/aclk
    SLICE_X2Y21          FDRE                                         r  design_1_i/axi_smc/inst/clk_map/psr_aclk/U0/ACTIVE_LOW_BSR_OUT_DFF[0].FDRE_BSR_N/C
  -------------------------------------------------------------------    -------------------
    SLICE_X2Y21          FDRE (Prop_fdre_C_Q)         0.141     1.771 r  design_1_i/axi_smc/inst/clk_map/psr_aclk/U0/ACTIVE_LOW_BSR_OUT_DFF[0].FDRE_BSR_N/Q
                         net (fo=61, routed)          0.341     2.112    design_1_i/axi_smc/inst/m00_nodes/m00_b_node/inst/s_sc_xpm_cdc_async_rst_inst/src_arst
    SLICE_X3Y25          LUT1 (Prop_lut1_I0_O)        0.045     2.157 f  design_1_i/axi_smc/inst/m00_nodes/m00_b_node/inst/s_sc_xpm_cdc_async_rst_inst/arststages_ff[2]_i_1/O
                         net (fo=3, routed)           0.217     2.374    design_1_i/axi_smc/inst/m00_nodes/m00_b_node/inst/s_sc_xpm_cdc_async_rst_inst/reset_pol
    SLICE_X4Y25          FDCE                                         f  design_1_i/axi_smc/inst/m00_nodes/m00_b_node/inst/s_sc_xpm_cdc_async_rst_inst/arststages_ff_reg[0]/CLR
  -------------------------------------------------------------------    -------------------

                         (clock clk_125_clk_bd_clk_wiz_0_0 rise edge)
                                                      0.000     0.000 r  
    U18                                               0.000     0.000 r  adc_clk_p_i (IN)
                         net (fo=0)                   0.000     0.000    design_1_i/clk_0/U0/clk_wiz_0/inst/clk_in1_p
    U18                  IBUFDS (Prop_ibufds_I_O)     0.433     0.433 r  design_1_i/clk_0/U0/clk_wiz_0/inst/clkin1_ibufgds/O
                         net (fo=1, routed)           0.683     1.116    design_1_i/clk_0/U0/clk_wiz_0/inst/clk_in1_clk_bd_clk_wiz_0_0_buf
    BUFGCTRL_X0Y4        BUFG (Prop_bufg_I_O)         0.030     1.146 r  design_1_i/clk_0/U0/clk_wiz_0/inst/clkin1_bufg1/O
                         net (fo=1, routed)           0.812     1.958    design_1_i/clk_0/U0/clk_wiz_0/inst/clk_in1_clk_bd_clk_wiz_0_0
    MMCME2_ADV_X0Y0      MMCME2_ADV (Prop_mmcme2_adv_CLKIN1_CLKOUT0)
                                                     -1.369     0.589 r  design_1_i/clk_0/U0/clk_wiz_0/inst/mmcm_adv_inst/CLKOUT0
                         net (fo=1, routed)           0.528     1.117    design_1_i/clk_0/U0/clk_wiz_0/inst/clk_125_clk_bd_clk_wiz_0_0
    BUFGCTRL_X0Y0        BUFG (Prop_bufg_I_O)         0.029     1.146 r  design_1_i/clk_0/U0/clk_wiz_0/inst/clkout1_buf/O
                         net (fo=2421, routed)        0.837     1.983    design_1_i/axi_smc/inst/m00_nodes/m00_b_node/inst/s_sc_xpm_cdc_async_rst_inst/dest_clk
    SLICE_X4Y25          FDCE                                         r  design_1_i/axi_smc/inst/m00_nodes/m00_b_node/inst/s_sc_xpm_cdc_async_rst_inst/arststages_ff_reg[0]/C

Slack:                    inf
  Source:                 design_1_i/axi_smc/inst/clk_map/psr_aclk/U0/ACTIVE_LOW_BSR_OUT_DFF[0].FDRE_BSR_N/C
                            (rising edge-triggered cell FDRE clocked by clk_125_clk_bd_clk_wiz_0_0  {rise@0.000ns fall@4.000ns period=8.000ns})
  Destination:            design_1_i/axi_smc/inst/m00_nodes/m00_b_node/inst/s_sc_xpm_cdc_async_rst_inst/arststages_ff_reg[1]/CLR
                            (removal check against rising-edge clock clk_125_clk_bd_clk_wiz_0_0  {rise@0.000ns fall@4.000ns period=8.000ns})
  Path Group:             (none)
  Path Type:              Removal (Min at Fast Process Corner)
  Data Path Delay:        0.744ns  (logic 0.186ns (24.993%)  route 0.558ns (75.007%))
  Logic Levels:           1  (LUT1=1)
  Clock Path Skew:        0.353ns (DCD - SCD - CPR)
    Destination Clock Delay (DCD):    1.983ns
    Source Clock Delay      (SCD):    1.630ns
    Clock Pessimism Removal (CPR):    -0.000ns
  Clock Uncertainty:      0.069ns  ((TSJ^2 + DJ^2)^1/2) / 2 + PE
    Total System Jitter     (TSJ):    0.071ns
    Discrete Jitter          (DJ):    0.119ns
    Phase Error              (PE):    0.000ns
  Timing Exception:       False Path

    Location             Delay type                Incr(ns)  Path(ns)    Netlist Resource(s)
  -------------------------------------------------------------------    -------------------
                         (clock clk_125_clk_bd_clk_wiz_0_0 rise edge)
                                                      0.000     0.000 r  
    U18                                               0.000     0.000 r  adc_clk_p_i (IN)
                         net (fo=0)                   0.000     0.000    design_1_i/clk_0/U0/clk_wiz_0/inst/clk_in1_p
    U18                  IBUFDS (Prop_ibufds_I_O)     0.401     0.401 r  design_1_i/clk_0/U0/clk_wiz_0/inst/clkin1_ibufgds/O
                         net (fo=1, routed)           0.627     1.029    design_1_i/clk_0/U0/clk_wiz_0/inst/clk_in1_clk_bd_clk_wiz_0_0_buf
    BUFGCTRL_X0Y4        BUFG (Prop_bufg_I_O)         0.027     1.056 r  design_1_i/clk_0/U0/clk_wiz_0/inst/clkin1_bufg1/O
                         net (fo=1, routed)           0.546     1.601    design_1_i/clk_0/U0/clk_wiz_0/inst/clk_in1_clk_bd_clk_wiz_0_0
    MMCME2_ADV_X0Y0      MMCME2_ADV (Prop_mmcme2_adv_CLKIN1_CLKOUT0)
                                                     -1.053     0.548 r  design_1_i/clk_0/U0/clk_wiz_0/inst/mmcm_adv_inst/CLKOUT0
                         net (fo=1, routed)           0.482     1.030    design_1_i/clk_0/U0/clk_wiz_0/inst/clk_125_clk_bd_clk_wiz_0_0
    BUFGCTRL_X0Y0        BUFG (Prop_bufg_I_O)         0.026     1.056 r  design_1_i/clk_0/U0/clk_wiz_0/inst/clkout1_buf/O
                         net (fo=2421, routed)        0.575     1.630    design_1_i/axi_smc/inst/clk_map/psr_aclk/U0/aclk
    SLICE_X2Y21          FDRE                                         r  design_1_i/axi_smc/inst/clk_map/psr_aclk/U0/ACTIVE_LOW_BSR_OUT_DFF[0].FDRE_BSR_N/C
  -------------------------------------------------------------------    -------------------
    SLICE_X2Y21          FDRE (Prop_fdre_C_Q)         0.141     1.771 r  design_1_i/axi_smc/inst/clk_map/psr_aclk/U0/ACTIVE_LOW_BSR_OUT_DFF[0].FDRE_BSR_N/Q
                         net (fo=61, routed)          0.341     2.112    design_1_i/axi_smc/inst/m00_nodes/m00_b_node/inst/s_sc_xpm_cdc_async_rst_inst/src_arst
    SLICE_X3Y25          LUT1 (Prop_lut1_I0_O)        0.045     2.157 f  design_1_i/axi_smc/inst/m00_nodes/m00_b_node/inst/s_sc_xpm_cdc_async_rst_inst/arststages_ff[2]_i_1/O
                         net (fo=3, routed)           0.217     2.374    design_1_i/axi_smc/inst/m00_nodes/m00_b_node/inst/s_sc_xpm_cdc_async_rst_inst/reset_pol
    SLICE_X4Y25          FDCE                                         f  design_1_i/axi_smc/inst/m00_nodes/m00_b_node/inst/s_sc_xpm_cdc_async_rst_inst/arststages_ff_reg[1]/CLR
  -------------------------------------------------------------------    -------------------

                         (clock clk_125_clk_bd_clk_wiz_0_0 rise edge)
                                                      0.000     0.000 r  
    U18                                               0.000     0.000 r  adc_clk_p_i (IN)
                         net (fo=0)                   0.000     0.000    design_1_i/clk_0/U0/clk_wiz_0/inst/clk_in1_p
    U18                  IBUFDS (Prop_ibufds_I_O)     0.433     0.433 r  design_1_i/clk_0/U0/clk_wiz_0/inst/clkin1_ibufgds/O
                         net (fo=1, routed)           0.683     1.116    design_1_i/clk_0/U0/clk_wiz_0/inst/clk_in1_clk_bd_clk_wiz_0_0_buf
    BUFGCTRL_X0Y4        BUFG (Prop_bufg_I_O)         0.030     1.146 r  design_1_i/clk_0/U0/clk_wiz_0/inst/clkin1_bufg1/O
                         net (fo=1, routed)           0.812     1.958    design_1_i/clk_0/U0/clk_wiz_0/inst/clk_in1_clk_bd_clk_wiz_0_0
    MMCME2_ADV_X0Y0      MMCME2_ADV (Prop_mmcme2_adv_CLKIN1_CLKOUT0)
                                                     -1.369     0.589 r  design_1_i/clk_0/U0/clk_wiz_0/inst/mmcm_adv_inst/CLKOUT0
                         net (fo=1, routed)           0.528     1.117    design_1_i/clk_0/U0/clk_wiz_0/inst/clk_125_clk_bd_clk_wiz_0_0
    BUFGCTRL_X0Y0        BUFG (Prop_bufg_I_O)         0.029     1.146 r  design_1_i/clk_0/U0/clk_wiz_0/inst/clkout1_buf/O
                         net (fo=2421, routed)        0.837     1.983    design_1_i/axi_smc/inst/m00_nodes/m00_b_node/inst/s_sc_xpm_cdc_async_rst_inst/dest_clk
    SLICE_X4Y25          FDCE                                         r  design_1_i/axi_smc/inst/m00_nodes/m00_b_node/inst/s_sc_xpm_cdc_async_rst_inst/arststages_ff_reg[1]/C

Slack:                    inf
  Source:                 design_1_i/axi_smc/inst/clk_map/psr_aclk/U0/ACTIVE_LOW_BSR_OUT_DFF[0].FDRE_BSR_N/C
                            (rising edge-triggered cell FDRE clocked by clk_125_clk_bd_clk_wiz_0_0  {rise@0.000ns fall@4.000ns period=8.000ns})
  Destination:            design_1_i/axi_smc/inst/m00_nodes/m00_b_node/inst/s_sc_xpm_cdc_async_rst_inst/arststages_ff_reg[2]/CLR
                            (removal check against rising-edge clock clk_125_clk_bd_clk_wiz_0_0  {rise@0.000ns fall@4.000ns period=8.000ns})
  Path Group:             (none)
  Path Type:              Removal (Min at Fast Process Corner)
  Data Path Delay:        0.744ns  (logic 0.186ns (24.993%)  route 0.558ns (75.007%))
  Logic Levels:           1  (LUT1=1)
  Clock Path Skew:        0.353ns (DCD - SCD - CPR)
    Destination Clock Delay (DCD):    1.983ns
    Source Clock Delay      (SCD):    1.630ns
    Clock Pessimism Removal (CPR):    -0.000ns
  Clock Uncertainty:      0.069ns  ((TSJ^2 + DJ^2)^1/2) / 2 + PE
    Total System Jitter     (TSJ):    0.071ns
    Discrete Jitter          (DJ):    0.119ns
    Phase Error              (PE):    0.000ns
  Timing Exception:       False Path

    Location             Delay type                Incr(ns)  Path(ns)    Netlist Resource(s)
  -------------------------------------------------------------------    -------------------
                         (clock clk_125_clk_bd_clk_wiz_0_0 rise edge)
                                                      0.000     0.000 r  
    U18                                               0.000     0.000 r  adc_clk_p_i (IN)
                         net (fo=0)                   0.000     0.000    design_1_i/clk_0/U0/clk_wiz_0/inst/clk_in1_p
    U18                  IBUFDS (Prop_ibufds_I_O)     0.401     0.401 r  design_1_i/clk_0/U0/clk_wiz_0/inst/clkin1_ibufgds/O
                         net (fo=1, routed)           0.627     1.029    design_1_i/clk_0/U0/clk_wiz_0/inst/clk_in1_clk_bd_clk_wiz_0_0_buf
    BUFGCTRL_X0Y4        BUFG (Prop_bufg_I_O)         0.027     1.056 r  design_1_i/clk_0/U0/clk_wiz_0/inst/clkin1_bufg1/O
                         net (fo=1, routed)           0.546     1.601    design_1_i/clk_0/U0/clk_wiz_0/inst/clk_in1_clk_bd_clk_wiz_0_0
    MMCME2_ADV_X0Y0      MMCME2_ADV (Prop_mmcme2_adv_CLKIN1_CLKOUT0)
                                                     -1.053     0.548 r  design_1_i/clk_0/U0/clk_wiz_0/inst/mmcm_adv_inst/CLKOUT0
                         net (fo=1, routed)           0.482     1.030    design_1_i/clk_0/U0/clk_wiz_0/inst/clk_125_clk_bd_clk_wiz_0_0
    BUFGCTRL_X0Y0        BUFG (Prop_bufg_I_O)         0.026     1.056 r  design_1_i/clk_0/U0/clk_wiz_0/inst/clkout1_buf/O
                         net (fo=2421, routed)        0.575     1.630    design_1_i/axi_smc/inst/clk_map/psr_aclk/U0/aclk
    SLICE_X2Y21          FDRE                                         r  design_1_i/axi_smc/inst/clk_map/psr_aclk/U0/ACTIVE_LOW_BSR_OUT_DFF[0].FDRE_BSR_N/C
  -------------------------------------------------------------------    -------------------
    SLICE_X2Y21          FDRE (Prop_fdre_C_Q)         0.141     1.771 r  design_1_i/axi_smc/inst/clk_map/psr_aclk/U0/ACTIVE_LOW_BSR_OUT_DFF[0].FDRE_BSR_N/Q
                         net (fo=61, routed)          0.341     2.112    design_1_i/axi_smc/inst/m00_nodes/m00_b_node/inst/s_sc_xpm_cdc_async_rst_inst/src_arst
    SLICE_X3Y25          LUT1 (Prop_lut1_I0_O)        0.045     2.157 f  design_1_i/axi_smc/inst/m00_nodes/m00_b_node/inst/s_sc_xpm_cdc_async_rst_inst/arststages_ff[2]_i_1/O
                         net (fo=3, routed)           0.217     2.374    design_1_i/axi_smc/inst/m00_nodes/m00_b_node/inst/s_sc_xpm_cdc_async_rst_inst/reset_pol
    SLICE_X4Y25          FDCE                                         f  design_1_i/axi_smc/inst/m00_nodes/m00_b_node/inst/s_sc_xpm_cdc_async_rst_inst/arststages_ff_reg[2]/CLR
  -------------------------------------------------------------------    -------------------

                         (clock clk_125_clk_bd_clk_wiz_0_0 rise edge)
                                                      0.000     0.000 r  
    U18                                               0.000     0.000 r  adc_clk_p_i (IN)
                         net (fo=0)                   0.000     0.000    design_1_i/clk_0/U0/clk_wiz_0/inst/clk_in1_p
    U18                  IBUFDS (Prop_ibufds_I_O)     0.433     0.433 r  design_1_i/clk_0/U0/clk_wiz_0/inst/clkin1_ibufgds/O
                         net (fo=1, routed)           0.683     1.116    design_1_i/clk_0/U0/clk_wiz_0/inst/clk_in1_clk_bd_clk_wiz_0_0_buf
    BUFGCTRL_X0Y4        BUFG (Prop_bufg_I_O)         0.030     1.146 r  design_1_i/clk_0/U0/clk_wiz_0/inst/clkin1_bufg1/O
                         net (fo=1, routed)           0.812     1.958    design_1_i/clk_0/U0/clk_wiz_0/inst/clk_in1_clk_bd_clk_wiz_0_0
    MMCME2_ADV_X0Y0      MMCME2_ADV (Prop_mmcme2_adv_CLKIN1_CLKOUT0)
                                                     -1.369     0.589 r  design_1_i/clk_0/U0/clk_wiz_0/inst/mmcm_adv_inst/CLKOUT0
                         net (fo=1, routed)           0.528     1.117    design_1_i/clk_0/U0/clk_wiz_0/inst/clk_125_clk_bd_clk_wiz_0_0
    BUFGCTRL_X0Y0        BUFG (Prop_bufg_I_O)         0.029     1.146 r  design_1_i/clk_0/U0/clk_wiz_0/inst/clkout1_buf/O
                         net (fo=2421, routed)        0.837     1.983    design_1_i/axi_smc/inst/m00_nodes/m00_b_node/inst/s_sc_xpm_cdc_async_rst_inst/dest_clk
    SLICE_X4Y25          FDCE                                         r  design_1_i/axi_smc/inst/m00_nodes/m00_b_node/inst/s_sc_xpm_cdc_async_rst_inst/arststages_ff_reg[2]/C

Slack:                    inf
  Source:                 design_1_i/axi_smc/inst/clk_map/psr_aclk/U0/ACTIVE_LOW_BSR_OUT_DFF[0].FDRE_BSR_N/C
                            (rising edge-triggered cell FDRE clocked by clk_125_clk_bd_clk_wiz_0_0  {rise@0.000ns fall@4.000ns period=8.000ns})
  Destination:            design_1_i/axi_smc/inst/m06_nodes/m06_r_node/inst/s_sc_xpm_cdc_async_rst_inst/arststages_ff_reg[0]/CLR
                            (removal check against rising-edge clock clk_125_clk_bd_clk_wiz_0_0  {rise@0.000ns fall@4.000ns period=8.000ns})
  Path Group:             (none)
  Path Type:              Removal (Min at Fast Process Corner)
  Data Path Delay:        0.836ns  (logic 0.186ns (22.258%)  route 0.650ns (77.742%))
  Logic Levels:           1  (LUT1=1)
  Clock Path Skew:        0.354ns (DCD - SCD - CPR)
    Destination Clock Delay (DCD):    1.984ns
    Source Clock Delay      (SCD):    1.630ns
    Clock Pessimism Removal (CPR):    -0.000ns
  Clock Uncertainty:      0.069ns  ((TSJ^2 + DJ^2)^1/2) / 2 + PE
    Total System Jitter     (TSJ):    0.071ns
    Discrete Jitter          (DJ):    0.119ns
    Phase Error              (PE):    0.000ns
  Timing Exception:       False Path

    Location             Delay type                Incr(ns)  Path(ns)    Netlist Resource(s)
  -------------------------------------------------------------------    -------------------
                         (clock clk_125_clk_bd_clk_wiz_0_0 rise edge)
                                                      0.000     0.000 r  
    U18                                               0.000     0.000 r  adc_clk_p_i (IN)
                         net (fo=0)                   0.000     0.000    design_1_i/clk_0/U0/clk_wiz_0/inst/clk_in1_p
    U18                  IBUFDS (Prop_ibufds_I_O)     0.401     0.401 r  design_1_i/clk_0/U0/clk_wiz_0/inst/clkin1_ibufgds/O
                         net (fo=1, routed)           0.627     1.029    design_1_i/clk_0/U0/clk_wiz_0/inst/clk_in1_clk_bd_clk_wiz_0_0_buf
    BUFGCTRL_X0Y4        BUFG (Prop_bufg_I_O)         0.027     1.056 r  design_1_i/clk_0/U0/clk_wiz_0/inst/clkin1_bufg1/O
                         net (fo=1, routed)           0.546     1.601    design_1_i/clk_0/U0/clk_wiz_0/inst/clk_in1_clk_bd_clk_wiz_0_0
    MMCME2_ADV_X0Y0      MMCME2_ADV (Prop_mmcme2_adv_CLKIN1_CLKOUT0)
                                                     -1.053     0.548 r  design_1_i/clk_0/U0/clk_wiz_0/inst/mmcm_adv_inst/CLKOUT0
                         net (fo=1, routed)           0.482     1.030    design_1_i/clk_0/U0/clk_wiz_0/inst/clk_125_clk_bd_clk_wiz_0_0
    BUFGCTRL_X0Y0        BUFG (Prop_bufg_I_O)         0.026     1.056 r  design_1_i/clk_0/U0/clk_wiz_0/inst/clkout1_buf/O
                         net (fo=2421, routed)        0.575     1.630    design_1_i/axi_smc/inst/clk_map/psr_aclk/U0/aclk
    SLICE_X2Y21          FDRE                                         r  design_1_i/axi_smc/inst/clk_map/psr_aclk/U0/ACTIVE_LOW_BSR_OUT_DFF[0].FDRE_BSR_N/C
  -------------------------------------------------------------------    -------------------
    SLICE_X2Y21          FDRE (Prop_fdre_C_Q)         0.141     1.771 r  design_1_i/axi_smc/inst/clk_map/psr_aclk/U0/ACTIVE_LOW_BSR_OUT_DFF[0].FDRE_BSR_N/Q
                         net (fo=61, routed)          0.466     2.237    design_1_i/axi_smc/inst/m06_nodes/m06_r_node/inst/s_sc_xpm_cdc_async_rst_inst/src_arst
    SLICE_X2Y26          LUT1 (Prop_lut1_I0_O)        0.045     2.282 f  design_1_i/axi_smc/inst/m06_nodes/m06_r_node/inst/s_sc_xpm_cdc_async_rst_inst/arststages_ff[2]_i_1/O
                         net (fo=3, routed)           0.184     2.466    design_1_i/axi_smc/inst/m06_nodes/m06_r_node/inst/s_sc_xpm_cdc_async_rst_inst/reset_pol
    SLICE_X2Y26          FDCE                                         f  design_1_i/axi_smc/inst/m06_nodes/m06_r_node/inst/s_sc_xpm_cdc_async_rst_inst/arststages_ff_reg[0]/CLR
  -------------------------------------------------------------------    -------------------

                         (clock clk_125_clk_bd_clk_wiz_0_0 rise edge)
                                                      0.000     0.000 r  
    U18                                               0.000     0.000 r  adc_clk_p_i (IN)
                         net (fo=0)                   0.000     0.000    design_1_i/clk_0/U0/clk_wiz_0/inst/clk_in1_p
    U18                  IBUFDS (Prop_ibufds_I_O)     0.433     0.433 r  design_1_i/clk_0/U0/clk_wiz_0/inst/clkin1_ibufgds/O
                         net (fo=1, routed)           0.683     1.116    design_1_i/clk_0/U0/clk_wiz_0/inst/clk_in1_clk_bd_clk_wiz_0_0_buf
    BUFGCTRL_X0Y4        BUFG (Prop_bufg_I_O)         0.030     1.146 r  design_1_i/clk_0/U0/clk_wiz_0/inst/clkin1_bufg1/O
                         net (fo=1, routed)           0.812     1.958    design_1_i/clk_0/U0/clk_wiz_0/inst/clk_in1_clk_bd_clk_wiz_0_0
    MMCME2_ADV_X0Y0      MMCME2_ADV (Prop_mmcme2_adv_CLKIN1_CLKOUT0)
                                                     -1.369     0.589 r  design_1_i/clk_0/U0/clk_wiz_0/inst/mmcm_adv_inst/CLKOUT0
                         net (fo=1, routed)           0.528     1.117    design_1_i/clk_0/U0/clk_wiz_0/inst/clk_125_clk_bd_clk_wiz_0_0
    BUFGCTRL_X0Y0        BUFG (Prop_bufg_I_O)         0.029     1.146 r  design_1_i/clk_0/U0/clk_wiz_0/inst/clkout1_buf/O
                         net (fo=2421, routed)        0.838     1.984    design_1_i/axi_smc/inst/m06_nodes/m06_r_node/inst/s_sc_xpm_cdc_async_rst_inst/dest_clk
    SLICE_X2Y26          FDCE                                         r  design_1_i/axi_smc/inst/m06_nodes/m06_r_node/inst/s_sc_xpm_cdc_async_rst_inst/arststages_ff_reg[0]/C

Slack:                    inf
  Source:                 design_1_i/axi_smc/inst/clk_map/psr_aclk/U0/ACTIVE_LOW_BSR_OUT_DFF[0].FDRE_BSR_N/C
                            (rising edge-triggered cell FDRE clocked by clk_125_clk_bd_clk_wiz_0_0  {rise@0.000ns fall@4.000ns period=8.000ns})
  Destination:            design_1_i/axi_smc/inst/m06_nodes/m06_r_node/inst/s_sc_xpm_cdc_async_rst_inst/arststages_ff_reg[1]/CLR
                            (removal check against rising-edge clock clk_125_clk_bd_clk_wiz_0_0  {rise@0.000ns fall@4.000ns period=8.000ns})
  Path Group:             (none)
  Path Type:              Removal (Min at Fast Process Corner)
  Data Path Delay:        0.836ns  (logic 0.186ns (22.258%)  route 0.650ns (77.742%))
  Logic Levels:           1  (LUT1=1)
  Clock Path Skew:        0.354ns (DCD - SCD - CPR)
    Destination Clock Delay (DCD):    1.984ns
    Source Clock Delay      (SCD):    1.630ns
    Clock Pessimism Removal (CPR):    -0.000ns
  Clock Uncertainty:      0.069ns  ((TSJ^2 + DJ^2)^1/2) / 2 + PE
    Total System Jitter     (TSJ):    0.071ns
    Discrete Jitter          (DJ):    0.119ns
    Phase Error              (PE):    0.000ns
  Timing Exception:       False Path

    Location             Delay type                Incr(ns)  Path(ns)    Netlist Resource(s)
  -------------------------------------------------------------------    -------------------
                         (clock clk_125_clk_bd_clk_wiz_0_0 rise edge)
                                                      0.000     0.000 r  
    U18                                               0.000     0.000 r  adc_clk_p_i (IN)
                         net (fo=0)                   0.000     0.000    design_1_i/clk_0/U0/clk_wiz_0/inst/clk_in1_p
    U18                  IBUFDS (Prop_ibufds_I_O)     0.401     0.401 r  design_1_i/clk_0/U0/clk_wiz_0/inst/clkin1_ibufgds/O
                         net (fo=1, routed)           0.627     1.029    design_1_i/clk_0/U0/clk_wiz_0/inst/clk_in1_clk_bd_clk_wiz_0_0_buf
    BUFGCTRL_X0Y4        BUFG (Prop_bufg_I_O)         0.027     1.056 r  design_1_i/clk_0/U0/clk_wiz_0/inst/clkin1_bufg1/O
                         net (fo=1, routed)           0.546     1.601    design_1_i/clk_0/U0/clk_wiz_0/inst/clk_in1_clk_bd_clk_wiz_0_0
    MMCME2_ADV_X0Y0      MMCME2_ADV (Prop_mmcme2_adv_CLKIN1_CLKOUT0)
                                                     -1.053     0.548 r  design_1_i/clk_0/U0/clk_wiz_0/inst/mmcm_adv_inst/CLKOUT0
                         net (fo=1, routed)           0.482     1.030    design_1_i/clk_0/U0/clk_wiz_0/inst/clk_125_clk_bd_clk_wiz_0_0
    BUFGCTRL_X0Y0        BUFG (Prop_bufg_I_O)         0.026     1.056 r  design_1_i/clk_0/U0/clk_wiz_0/inst/clkout1_buf/O
                         net (fo=2421, routed)        0.575     1.630    design_1_i/axi_smc/inst/clk_map/psr_aclk/U0/aclk
    SLICE_X2Y21          FDRE                                         r  design_1_i/axi_smc/inst/clk_map/psr_aclk/U0/ACTIVE_LOW_BSR_OUT_DFF[0].FDRE_BSR_N/C
  -------------------------------------------------------------------    -------------------
    SLICE_X2Y21          FDRE (Prop_fdre_C_Q)         0.141     1.771 r  design_1_i/axi_smc/inst/clk_map/psr_aclk/U0/ACTIVE_LOW_BSR_OUT_DFF[0].FDRE_BSR_N/Q
                         net (fo=61, routed)          0.466     2.237    design_1_i/axi_smc/inst/m06_nodes/m06_r_node/inst/s_sc_xpm_cdc_async_rst_inst/src_arst
    SLICE_X2Y26          LUT1 (Prop_lut1_I0_O)        0.045     2.282 f  design_1_i/axi_smc/inst/m06_nodes/m06_r_node/inst/s_sc_xpm_cdc_async_rst_inst/arststages_ff[2]_i_1/O
                         net (fo=3, routed)           0.184     2.466    design_1_i/axi_smc/inst/m06_nodes/m06_r_node/inst/s_sc_xpm_cdc_async_rst_inst/reset_pol
    SLICE_X2Y26          FDCE                                         f  design_1_i/axi_smc/inst/m06_nodes/m06_r_node/inst/s_sc_xpm_cdc_async_rst_inst/arststages_ff_reg[1]/CLR
  -------------------------------------------------------------------    -------------------

                         (clock clk_125_clk_bd_clk_wiz_0_0 rise edge)
                                                      0.000     0.000 r  
    U18                                               0.000     0.000 r  adc_clk_p_i (IN)
                         net (fo=0)                   0.000     0.000    design_1_i/clk_0/U0/clk_wiz_0/inst/clk_in1_p
    U18                  IBUFDS (Prop_ibufds_I_O)     0.433     0.433 r  design_1_i/clk_0/U0/clk_wiz_0/inst/clkin1_ibufgds/O
                         net (fo=1, routed)           0.683     1.116    design_1_i/clk_0/U0/clk_wiz_0/inst/clk_in1_clk_bd_clk_wiz_0_0_buf
    BUFGCTRL_X0Y4        BUFG (Prop_bufg_I_O)         0.030     1.146 r  design_1_i/clk_0/U0/clk_wiz_0/inst/clkin1_bufg1/O
                         net (fo=1, routed)           0.812     1.958    design_1_i/clk_0/U0/clk_wiz_0/inst/clk_in1_clk_bd_clk_wiz_0_0
    MMCME2_ADV_X0Y0      MMCME2_ADV (Prop_mmcme2_adv_CLKIN1_CLKOUT0)
                                                     -1.369     0.589 r  design_1_i/clk_0/U0/clk_wiz_0/inst/mmcm_adv_inst/CLKOUT0
                         net (fo=1, routed)           0.528     1.117    design_1_i/clk_0/U0/clk_wiz_0/inst/clk_125_clk_bd_clk_wiz_0_0
    BUFGCTRL_X0Y0        BUFG (Prop_bufg_I_O)         0.029     1.146 r  design_1_i/clk_0/U0/clk_wiz_0/inst/clkout1_buf/O
                         net (fo=2421, routed)        0.838     1.984    design_1_i/axi_smc/inst/m06_nodes/m06_r_node/inst/s_sc_xpm_cdc_async_rst_inst/dest_clk
    SLICE_X2Y26          FDCE                                         r  design_1_i/axi_smc/inst/m06_nodes/m06_r_node/inst/s_sc_xpm_cdc_async_rst_inst/arststages_ff_reg[1]/C

Slack:                    inf
  Source:                 design_1_i/axi_smc/inst/clk_map/psr_aclk/U0/ACTIVE_LOW_BSR_OUT_DFF[0].FDRE_BSR_N/C
                            (rising edge-triggered cell FDRE clocked by clk_125_clk_bd_clk_wiz_0_0  {rise@0.000ns fall@4.000ns period=8.000ns})
  Destination:            design_1_i/axi_smc/inst/m06_nodes/m06_r_node/inst/s_sc_xpm_cdc_async_rst_inst/arststages_ff_reg[2]/CLR
                            (removal check against rising-edge clock clk_125_clk_bd_clk_wiz_0_0  {rise@0.000ns fall@4.000ns period=8.000ns})
  Path Group:             (none)
  Path Type:              Removal (Min at Fast Process Corner)
  Data Path Delay:        0.836ns  (logic 0.186ns (22.258%)  route 0.650ns (77.742%))
  Logic Levels:           1  (LUT1=1)
  Clock Path Skew:        0.354ns (DCD - SCD - CPR)
    Destination Clock Delay (DCD):    1.984ns
    Source Clock Delay      (SCD):    1.630ns
    Clock Pessimism Removal (CPR):    -0.000ns
  Clock Uncertainty:      0.069ns  ((TSJ^2 + DJ^2)^1/2) / 2 + PE
    Total System Jitter     (TSJ):    0.071ns
    Discrete Jitter          (DJ):    0.119ns
    Phase Error              (PE):    0.000ns
  Timing Exception:       False Path

    Location             Delay type                Incr(ns)  Path(ns)    Netlist Resource(s)
  -------------------------------------------------------------------    -------------------
                         (clock clk_125_clk_bd_clk_wiz_0_0 rise edge)
                                                      0.000     0.000 r  
    U18                                               0.000     0.000 r  adc_clk_p_i (IN)
                         net (fo=0)                   0.000     0.000    design_1_i/clk_0/U0/clk_wiz_0/inst/clk_in1_p
    U18                  IBUFDS (Prop_ibufds_I_O)     0.401     0.401 r  design_1_i/clk_0/U0/clk_wiz_0/inst/clkin1_ibufgds/O
                         net (fo=1, routed)           0.627     1.029    design_1_i/clk_0/U0/clk_wiz_0/inst/clk_in1_clk_bd_clk_wiz_0_0_buf
    BUFGCTRL_X0Y4        BUFG (Prop_bufg_I_O)         0.027     1.056 r  design_1_i/clk_0/U0/clk_wiz_0/inst/clkin1_bufg1/O
                         net (fo=1, routed)           0.546     1.601    design_1_i/clk_0/U0/clk_wiz_0/inst/clk_in1_clk_bd_clk_wiz_0_0
    MMCME2_ADV_X0Y0      MMCME2_ADV (Prop_mmcme2_adv_CLKIN1_CLKOUT0)
                                                     -1.053     0.548 r  design_1_i/clk_0/U0/clk_wiz_0/inst/mmcm_adv_inst/CLKOUT0
                         net (fo=1, routed)           0.482     1.030    design_1_i/clk_0/U0/clk_wiz_0/inst/clk_125_clk_bd_clk_wiz_0_0
    BUFGCTRL_X0Y0        BUFG (Prop_bufg_I_O)         0.026     1.056 r  design_1_i/clk_0/U0/clk_wiz_0/inst/clkout1_buf/O
                         net (fo=2421, routed)        0.575     1.630    design_1_i/axi_smc/inst/clk_map/psr_aclk/U0/aclk
    SLICE_X2Y21          FDRE                                         r  design_1_i/axi_smc/inst/clk_map/psr_aclk/U0/ACTIVE_LOW_BSR_OUT_DFF[0].FDRE_BSR_N/C
  -------------------------------------------------------------------    -------------------
    SLICE_X2Y21          FDRE (Prop_fdre_C_Q)         0.141     1.771 r  design_1_i/axi_smc/inst/clk_map/psr_aclk/U0/ACTIVE_LOW_BSR_OUT_DFF[0].FDRE_BSR_N/Q
                         net (fo=61, routed)          0.466     2.237    design_1_i/axi_smc/inst/m06_nodes/m06_r_node/inst/s_sc_xpm_cdc_async_rst_inst/src_arst
    SLICE_X2Y26          LUT1 (Prop_lut1_I0_O)        0.045     2.282 f  design_1_i/axi_smc/inst/m06_nodes/m06_r_node/inst/s_sc_xpm_cdc_async_rst_inst/arststages_ff[2]_i_1/O
                         net (fo=3, routed)           0.184     2.466    design_1_i/axi_smc/inst/m06_nodes/m06_r_node/inst/s_sc_xpm_cdc_async_rst_inst/reset_pol
    SLICE_X2Y26          FDCE                                         f  design_1_i/axi_smc/inst/m06_nodes/m06_r_node/inst/s_sc_xpm_cdc_async_rst_inst/arststages_ff_reg[2]/CLR
  -------------------------------------------------------------------    -------------------

                         (clock clk_125_clk_bd_clk_wiz_0_0 rise edge)
                                                      0.000     0.000 r  
    U18                                               0.000     0.000 r  adc_clk_p_i (IN)
                         net (fo=0)                   0.000     0.000    design_1_i/clk_0/U0/clk_wiz_0/inst/clk_in1_p
    U18                  IBUFDS (Prop_ibufds_I_O)     0.433     0.433 r  design_1_i/clk_0/U0/clk_wiz_0/inst/clkin1_ibufgds/O
                         net (fo=1, routed)           0.683     1.116    design_1_i/clk_0/U0/clk_wiz_0/inst/clk_in1_clk_bd_clk_wiz_0_0_buf
    BUFGCTRL_X0Y4        BUFG (Prop_bufg_I_O)         0.030     1.146 r  design_1_i/clk_0/U0/clk_wiz_0/inst/clkin1_bufg1/O
                         net (fo=1, routed)           0.812     1.958    design_1_i/clk_0/U0/clk_wiz_0/inst/clk_in1_clk_bd_clk_wiz_0_0
    MMCME2_ADV_X0Y0      MMCME2_ADV (Prop_mmcme2_adv_CLKIN1_CLKOUT0)
                                                     -1.369     0.589 r  design_1_i/clk_0/U0/clk_wiz_0/inst/mmcm_adv_inst/CLKOUT0
                         net (fo=1, routed)           0.528     1.117    design_1_i/clk_0/U0/clk_wiz_0/inst/clk_125_clk_bd_clk_wiz_0_0
    BUFGCTRL_X0Y0        BUFG (Prop_bufg_I_O)         0.029     1.146 r  design_1_i/clk_0/U0/clk_wiz_0/inst/clkout1_buf/O
                         net (fo=2421, routed)        0.838     1.984    design_1_i/axi_smc/inst/m06_nodes/m06_r_node/inst/s_sc_xpm_cdc_async_rst_inst/dest_clk
    SLICE_X2Y26          FDCE                                         r  design_1_i/axi_smc/inst/m06_nodes/m06_r_node/inst/s_sc_xpm_cdc_async_rst_inst/arststages_ff_reg[2]/C

Slack:                    inf
  Source:                 design_1_i/axi_smc/inst/clk_map/psr_aclk/U0/ACTIVE_LOW_BSR_OUT_DFF[0].FDRE_BSR_N/C
                            (rising edge-triggered cell FDRE clocked by clk_125_clk_bd_clk_wiz_0_0  {rise@0.000ns fall@4.000ns period=8.000ns})
  Destination:            design_1_i/axi_smc/inst/m07_nodes/m07_ar_node/inst/s_sc_xpm_cdc_async_rst_inst/arststages_ff_reg[0]/CLR
                            (removal check against rising-edge clock clk_125_clk_bd_clk_wiz_0_0  {rise@0.000ns fall@4.000ns period=8.000ns})
  Path Group:             (none)
  Path Type:              Removal (Min at Fast Process Corner)
  Data Path Delay:        0.896ns  (logic 0.186ns (20.767%)  route 0.710ns (79.233%))
  Logic Levels:           1  (LUT1=1)
  Clock Path Skew:        0.353ns (DCD - SCD - CPR)
    Destination Clock Delay (DCD):    1.983ns
    Source Clock Delay      (SCD):    1.630ns
    Clock Pessimism Removal (CPR):    -0.000ns
  Clock Uncertainty:      0.069ns  ((TSJ^2 + DJ^2)^1/2) / 2 + PE
    Total System Jitter     (TSJ):    0.071ns
    Discrete Jitter          (DJ):    0.119ns
    Phase Error              (PE):    0.000ns
  Timing Exception:       False Path

    Location             Delay type                Incr(ns)  Path(ns)    Netlist Resource(s)
  -------------------------------------------------------------------    -------------------
                         (clock clk_125_clk_bd_clk_wiz_0_0 rise edge)
                                                      0.000     0.000 r  
    U18                                               0.000     0.000 r  adc_clk_p_i (IN)
                         net (fo=0)                   0.000     0.000    design_1_i/clk_0/U0/clk_wiz_0/inst/clk_in1_p
    U18                  IBUFDS (Prop_ibufds_I_O)     0.401     0.401 r  design_1_i/clk_0/U0/clk_wiz_0/inst/clkin1_ibufgds/O
                         net (fo=1, routed)           0.627     1.029    design_1_i/clk_0/U0/clk_wiz_0/inst/clk_in1_clk_bd_clk_wiz_0_0_buf
    BUFGCTRL_X0Y4        BUFG (Prop_bufg_I_O)         0.027     1.056 r  design_1_i/clk_0/U0/clk_wiz_0/inst/clkin1_bufg1/O
                         net (fo=1, routed)           0.546     1.601    design_1_i/clk_0/U0/clk_wiz_0/inst/clk_in1_clk_bd_clk_wiz_0_0
    MMCME2_ADV_X0Y0      MMCME2_ADV (Prop_mmcme2_adv_CLKIN1_CLKOUT0)
                                                     -1.053     0.548 r  design_1_i/clk_0/U0/clk_wiz_0/inst/mmcm_adv_inst/CLKOUT0
                         net (fo=1, routed)           0.482     1.030    design_1_i/clk_0/U0/clk_wiz_0/inst/clk_125_clk_bd_clk_wiz_0_0
    BUFGCTRL_X0Y0        BUFG (Prop_bufg_I_O)         0.026     1.056 r  design_1_i/clk_0/U0/clk_wiz_0/inst/clkout1_buf/O
                         net (fo=2421, routed)        0.575     1.630    design_1_i/axi_smc/inst/clk_map/psr_aclk/U0/aclk
    SLICE_X2Y21          FDRE                                         r  design_1_i/axi_smc/inst/clk_map/psr_aclk/U0/ACTIVE_LOW_BSR_OUT_DFF[0].FDRE_BSR_N/C
  -------------------------------------------------------------------    -------------------
    SLICE_X2Y21          FDRE (Prop_fdre_C_Q)         0.141     1.771 r  design_1_i/axi_smc/inst/clk_map/psr_aclk/U0/ACTIVE_LOW_BSR_OUT_DFF[0].FDRE_BSR_N/Q
                         net (fo=61, routed)          0.466     2.237    design_1_i/axi_smc/inst/m07_nodes/m07_ar_node/inst/s_sc_xpm_cdc_async_rst_inst/src_arst
    SLICE_X2Y26          LUT1 (Prop_lut1_I0_O)        0.045     2.282 f  design_1_i/axi_smc/inst/m07_nodes/m07_ar_node/inst/s_sc_xpm_cdc_async_rst_inst/arststages_ff[2]_i_1/O
                         net (fo=3, routed)           0.244     2.526    design_1_i/axi_smc/inst/m07_nodes/m07_ar_node/inst/s_sc_xpm_cdc_async_rst_inst/reset_pol
    SLICE_X2Y25          FDCE                                         f  design_1_i/axi_smc/inst/m07_nodes/m07_ar_node/inst/s_sc_xpm_cdc_async_rst_inst/arststages_ff_reg[0]/CLR
  -------------------------------------------------------------------    -------------------

                         (clock clk_125_clk_bd_clk_wiz_0_0 rise edge)
                                                      0.000     0.000 r  
    U18                                               0.000     0.000 r  adc_clk_p_i (IN)
                         net (fo=0)                   0.000     0.000    design_1_i/clk_0/U0/clk_wiz_0/inst/clk_in1_p
    U18                  IBUFDS (Prop_ibufds_I_O)     0.433     0.433 r  design_1_i/clk_0/U0/clk_wiz_0/inst/clkin1_ibufgds/O
                         net (fo=1, routed)           0.683     1.116    design_1_i/clk_0/U0/clk_wiz_0/inst/clk_in1_clk_bd_clk_wiz_0_0_buf
    BUFGCTRL_X0Y4        BUFG (Prop_bufg_I_O)         0.030     1.146 r  design_1_i/clk_0/U0/clk_wiz_0/inst/clkin1_bufg1/O
                         net (fo=1, routed)           0.812     1.958    design_1_i/clk_0/U0/clk_wiz_0/inst/clk_in1_clk_bd_clk_wiz_0_0
    MMCME2_ADV_X0Y0      MMCME2_ADV (Prop_mmcme2_adv_CLKIN1_CLKOUT0)
                                                     -1.369     0.589 r  design_1_i/clk_0/U0/clk_wiz_0/inst/mmcm_adv_inst/CLKOUT0
                         net (fo=1, routed)           0.528     1.117    design_1_i/clk_0/U0/clk_wiz_0/inst/clk_125_clk_bd_clk_wiz_0_0
    BUFGCTRL_X0Y0        BUFG (Prop_bufg_I_O)         0.029     1.146 r  design_1_i/clk_0/U0/clk_wiz_0/inst/clkout1_buf/O
                         net (fo=2421, routed)        0.837     1.983    design_1_i/axi_smc/inst/m07_nodes/m07_ar_node/inst/s_sc_xpm_cdc_async_rst_inst/dest_clk
    SLICE_X2Y25          FDCE                                         r  design_1_i/axi_smc/inst/m07_nodes/m07_ar_node/inst/s_sc_xpm_cdc_async_rst_inst/arststages_ff_reg[0]/C

Slack:                    inf
  Source:                 design_1_i/axi_smc/inst/clk_map/psr_aclk/U0/ACTIVE_LOW_BSR_OUT_DFF[0].FDRE_BSR_N/C
                            (rising edge-triggered cell FDRE clocked by clk_125_clk_bd_clk_wiz_0_0  {rise@0.000ns fall@4.000ns period=8.000ns})
  Destination:            design_1_i/axi_smc/inst/m07_nodes/m07_ar_node/inst/s_sc_xpm_cdc_async_rst_inst/arststages_ff_reg[1]/CLR
                            (removal check against rising-edge clock clk_125_clk_bd_clk_wiz_0_0  {rise@0.000ns fall@4.000ns period=8.000ns})
  Path Group:             (none)
  Path Type:              Removal (Min at Fast Process Corner)
  Data Path Delay:        0.896ns  (logic 0.186ns (20.767%)  route 0.710ns (79.233%))
  Logic Levels:           1  (LUT1=1)
  Clock Path Skew:        0.353ns (DCD - SCD - CPR)
    Destination Clock Delay (DCD):    1.983ns
    Source Clock Delay      (SCD):    1.630ns
    Clock Pessimism Removal (CPR):    -0.000ns
  Clock Uncertainty:      0.069ns  ((TSJ^2 + DJ^2)^1/2) / 2 + PE
    Total System Jitter     (TSJ):    0.071ns
    Discrete Jitter          (DJ):    0.119ns
    Phase Error              (PE):    0.000ns
  Timing Exception:       False Path

    Location             Delay type                Incr(ns)  Path(ns)    Netlist Resource(s)
  -------------------------------------------------------------------    -------------------
                         (clock clk_125_clk_bd_clk_wiz_0_0 rise edge)
                                                      0.000     0.000 r  
    U18                                               0.000     0.000 r  adc_clk_p_i (IN)
                         net (fo=0)                   0.000     0.000    design_1_i/clk_0/U0/clk_wiz_0/inst/clk_in1_p
    U18                  IBUFDS (Prop_ibufds_I_O)     0.401     0.401 r  design_1_i/clk_0/U0/clk_wiz_0/inst/clkin1_ibufgds/O
                         net (fo=1, routed)           0.627     1.029    design_1_i/clk_0/U0/clk_wiz_0/inst/clk_in1_clk_bd_clk_wiz_0_0_buf
    BUFGCTRL_X0Y4        BUFG (Prop_bufg_I_O)         0.027     1.056 r  design_1_i/clk_0/U0/clk_wiz_0/inst/clkin1_bufg1/O
                         net (fo=1, routed)           0.546     1.601    design_1_i/clk_0/U0/clk_wiz_0/inst/clk_in1_clk_bd_clk_wiz_0_0
    MMCME2_ADV_X0Y0      MMCME2_ADV (Prop_mmcme2_adv_CLKIN1_CLKOUT0)
                                                     -1.053     0.548 r  design_1_i/clk_0/U0/clk_wiz_0/inst/mmcm_adv_inst/CLKOUT0
                         net (fo=1, routed)           0.482     1.030    design_1_i/clk_0/U0/clk_wiz_0/inst/clk_125_clk_bd_clk_wiz_0_0
    BUFGCTRL_X0Y0        BUFG (Prop_bufg_I_O)         0.026     1.056 r  design_1_i/clk_0/U0/clk_wiz_0/inst/clkout1_buf/O
                         net (fo=2421, routed)        0.575     1.630    design_1_i/axi_smc/inst/clk_map/psr_aclk/U0/aclk
    SLICE_X2Y21          FDRE                                         r  design_1_i/axi_smc/inst/clk_map/psr_aclk/U0/ACTIVE_LOW_BSR_OUT_DFF[0].FDRE_BSR_N/C
  -------------------------------------------------------------------    -------------------
    SLICE_X2Y21          FDRE (Prop_fdre_C_Q)         0.141     1.771 r  design_1_i/axi_smc/inst/clk_map/psr_aclk/U0/ACTIVE_LOW_BSR_OUT_DFF[0].FDRE_BSR_N/Q
                         net (fo=61, routed)          0.466     2.237    design_1_i/axi_smc/inst/m07_nodes/m07_ar_node/inst/s_sc_xpm_cdc_async_rst_inst/src_arst
    SLICE_X2Y26          LUT1 (Prop_lut1_I0_O)        0.045     2.282 f  design_1_i/axi_smc/inst/m07_nodes/m07_ar_node/inst/s_sc_xpm_cdc_async_rst_inst/arststages_ff[2]_i_1/O
                         net (fo=3, routed)           0.244     2.526    design_1_i/axi_smc/inst/m07_nodes/m07_ar_node/inst/s_sc_xpm_cdc_async_rst_inst/reset_pol
    SLICE_X2Y25          FDCE                                         f  design_1_i/axi_smc/inst/m07_nodes/m07_ar_node/inst/s_sc_xpm_cdc_async_rst_inst/arststages_ff_reg[1]/CLR
  -------------------------------------------------------------------    -------------------

                         (clock clk_125_clk_bd_clk_wiz_0_0 rise edge)
                                                      0.000     0.000 r  
    U18                                               0.000     0.000 r  adc_clk_p_i (IN)
                         net (fo=0)                   0.000     0.000    design_1_i/clk_0/U0/clk_wiz_0/inst/clk_in1_p
    U18                  IBUFDS (Prop_ibufds_I_O)     0.433     0.433 r  design_1_i/clk_0/U0/clk_wiz_0/inst/clkin1_ibufgds/O
                         net (fo=1, routed)           0.683     1.116    design_1_i/clk_0/U0/clk_wiz_0/inst/clk_in1_clk_bd_clk_wiz_0_0_buf
    BUFGCTRL_X0Y4        BUFG (Prop_bufg_I_O)         0.030     1.146 r  design_1_i/clk_0/U0/clk_wiz_0/inst/clkin1_bufg1/O
                         net (fo=1, routed)           0.812     1.958    design_1_i/clk_0/U0/clk_wiz_0/inst/clk_in1_clk_bd_clk_wiz_0_0
    MMCME2_ADV_X0Y0      MMCME2_ADV (Prop_mmcme2_adv_CLKIN1_CLKOUT0)
                                                     -1.369     0.589 r  design_1_i/clk_0/U0/clk_wiz_0/inst/mmcm_adv_inst/CLKOUT0
                         net (fo=1, routed)           0.528     1.117    design_1_i/clk_0/U0/clk_wiz_0/inst/clk_125_clk_bd_clk_wiz_0_0
    BUFGCTRL_X0Y0        BUFG (Prop_bufg_I_O)         0.029     1.146 r  design_1_i/clk_0/U0/clk_wiz_0/inst/clkout1_buf/O
                         net (fo=2421, routed)        0.837     1.983    design_1_i/axi_smc/inst/m07_nodes/m07_ar_node/inst/s_sc_xpm_cdc_async_rst_inst/dest_clk
    SLICE_X2Y25          FDCE                                         r  design_1_i/axi_smc/inst/m07_nodes/m07_ar_node/inst/s_sc_xpm_cdc_async_rst_inst/arststages_ff_reg[1]/C

Slack:                    inf
  Source:                 design_1_i/axi_smc/inst/clk_map/psr_aclk/U0/ACTIVE_LOW_BSR_OUT_DFF[0].FDRE_BSR_N/C
                            (rising edge-triggered cell FDRE clocked by clk_125_clk_bd_clk_wiz_0_0  {rise@0.000ns fall@4.000ns period=8.000ns})
  Destination:            design_1_i/axi_smc/inst/m07_nodes/m07_ar_node/inst/s_sc_xpm_cdc_async_rst_inst/arststages_ff_reg[2]/CLR
                            (removal check against rising-edge clock clk_125_clk_bd_clk_wiz_0_0  {rise@0.000ns fall@4.000ns period=8.000ns})
  Path Group:             (none)
  Path Type:              Removal (Min at Fast Process Corner)
  Data Path Delay:        0.896ns  (logic 0.186ns (20.767%)  route 0.710ns (79.233%))
  Logic Levels:           1  (LUT1=1)
  Clock Path Skew:        0.353ns (DCD - SCD - CPR)
    Destination Clock Delay (DCD):    1.983ns
    Source Clock Delay      (SCD):    1.630ns
    Clock Pessimism Removal (CPR):    -0.000ns
  Clock Uncertainty:      0.069ns  ((TSJ^2 + DJ^2)^1/2) / 2 + PE
    Total System Jitter     (TSJ):    0.071ns
    Discrete Jitter          (DJ):    0.119ns
    Phase Error              (PE):    0.000ns
  Timing Exception:       False Path

    Location             Delay type                Incr(ns)  Path(ns)    Netlist Resource(s)
  -------------------------------------------------------------------    -------------------
                         (clock clk_125_clk_bd_clk_wiz_0_0 rise edge)
                                                      0.000     0.000 r  
    U18                                               0.000     0.000 r  adc_clk_p_i (IN)
                         net (fo=0)                   0.000     0.000    design_1_i/clk_0/U0/clk_wiz_0/inst/clk_in1_p
    U18                  IBUFDS (Prop_ibufds_I_O)     0.401     0.401 r  design_1_i/clk_0/U0/clk_wiz_0/inst/clkin1_ibufgds/O
                         net (fo=1, routed)           0.627     1.029    design_1_i/clk_0/U0/clk_wiz_0/inst/clk_in1_clk_bd_clk_wiz_0_0_buf
    BUFGCTRL_X0Y4        BUFG (Prop_bufg_I_O)         0.027     1.056 r  design_1_i/clk_0/U0/clk_wiz_0/inst/clkin1_bufg1/O
                         net (fo=1, routed)           0.546     1.601    design_1_i/clk_0/U0/clk_wiz_0/inst/clk_in1_clk_bd_clk_wiz_0_0
    MMCME2_ADV_X0Y0      MMCME2_ADV (Prop_mmcme2_adv_CLKIN1_CLKOUT0)
                                                     -1.053     0.548 r  design_1_i/clk_0/U0/clk_wiz_0/inst/mmcm_adv_inst/CLKOUT0
                         net (fo=1, routed)           0.482     1.030    design_1_i/clk_0/U0/clk_wiz_0/inst/clk_125_clk_bd_clk_wiz_0_0
    BUFGCTRL_X0Y0        BUFG (Prop_bufg_I_O)         0.026     1.056 r  design_1_i/clk_0/U0/clk_wiz_0/inst/clkout1_buf/O
                         net (fo=2421, routed)        0.575     1.630    design_1_i/axi_smc/inst/clk_map/psr_aclk/U0/aclk
    SLICE_X2Y21          FDRE                                         r  design_1_i/axi_smc/inst/clk_map/psr_aclk/U0/ACTIVE_LOW_BSR_OUT_DFF[0].FDRE_BSR_N/C
  -------------------------------------------------------------------    -------------------
    SLICE_X2Y21          FDRE (Prop_fdre_C_Q)         0.141     1.771 r  design_1_i/axi_smc/inst/clk_map/psr_aclk/U0/ACTIVE_LOW_BSR_OUT_DFF[0].FDRE_BSR_N/Q
                         net (fo=61, routed)          0.466     2.237    design_1_i/axi_smc/inst/m07_nodes/m07_ar_node/inst/s_sc_xpm_cdc_async_rst_inst/src_arst
    SLICE_X2Y26          LUT1 (Prop_lut1_I0_O)        0.045     2.282 f  design_1_i/axi_smc/inst/m07_nodes/m07_ar_node/inst/s_sc_xpm_cdc_async_rst_inst/arststages_ff[2]_i_1/O
                         net (fo=3, routed)           0.244     2.526    design_1_i/axi_smc/inst/m07_nodes/m07_ar_node/inst/s_sc_xpm_cdc_async_rst_inst/reset_pol
    SLICE_X2Y25          FDCE                                         f  design_1_i/axi_smc/inst/m07_nodes/m07_ar_node/inst/s_sc_xpm_cdc_async_rst_inst/arststages_ff_reg[2]/CLR
  -------------------------------------------------------------------    -------------------

                         (clock clk_125_clk_bd_clk_wiz_0_0 rise edge)
                                                      0.000     0.000 r  
    U18                                               0.000     0.000 r  adc_clk_p_i (IN)
                         net (fo=0)                   0.000     0.000    design_1_i/clk_0/U0/clk_wiz_0/inst/clk_in1_p
    U18                  IBUFDS (Prop_ibufds_I_O)     0.433     0.433 r  design_1_i/clk_0/U0/clk_wiz_0/inst/clkin1_ibufgds/O
                         net (fo=1, routed)           0.683     1.116    design_1_i/clk_0/U0/clk_wiz_0/inst/clk_in1_clk_bd_clk_wiz_0_0_buf
    BUFGCTRL_X0Y4        BUFG (Prop_bufg_I_O)         0.030     1.146 r  design_1_i/clk_0/U0/clk_wiz_0/inst/clkin1_bufg1/O
                         net (fo=1, routed)           0.812     1.958    design_1_i/clk_0/U0/clk_wiz_0/inst/clk_in1_clk_bd_clk_wiz_0_0
    MMCME2_ADV_X0Y0      MMCME2_ADV (Prop_mmcme2_adv_CLKIN1_CLKOUT0)
                                                     -1.369     0.589 r  design_1_i/clk_0/U0/clk_wiz_0/inst/mmcm_adv_inst/CLKOUT0
                         net (fo=1, routed)           0.528     1.117    design_1_i/clk_0/U0/clk_wiz_0/inst/clk_125_clk_bd_clk_wiz_0_0
    BUFGCTRL_X0Y0        BUFG (Prop_bufg_I_O)         0.029     1.146 r  design_1_i/clk_0/U0/clk_wiz_0/inst/clkout1_buf/O
                         net (fo=2421, routed)        0.837     1.983    design_1_i/axi_smc/inst/m07_nodes/m07_ar_node/inst/s_sc_xpm_cdc_async_rst_inst/dest_clk
    SLICE_X2Y25          FDCE                                         r  design_1_i/axi_smc/inst/m07_nodes/m07_ar_node/inst/s_sc_xpm_cdc_async_rst_inst/arststages_ff_reg[2]/C

Slack:                    inf
  Source:                 design_1_i/axi_smc/inst/clk_map/psr_aclk/U0/ACTIVE_LOW_BSR_OUT_DFF[0].FDRE_BSR_N/C
                            (rising edge-triggered cell FDRE clocked by clk_125_clk_bd_clk_wiz_0_0  {rise@0.000ns fall@4.000ns period=8.000ns})
  Destination:            design_1_i/axi_smc/inst/m03_nodes/m03_ar_node/inst/s_sc_xpm_cdc_async_rst_inst/arststages_ff_reg[0]/CLR
                            (removal check against rising-edge clock clk_125_clk_bd_clk_wiz_0_0  {rise@0.000ns fall@4.000ns period=8.000ns})
  Path Group:             (none)
  Path Type:              Removal (Min at Fast Process Corner)
  Data Path Delay:        0.917ns  (logic 0.186ns (20.289%)  route 0.731ns (79.711%))
  Logic Levels:           1  (LUT1=1)
  Clock Path Skew:        0.356ns (DCD - SCD - CPR)
    Destination Clock Delay (DCD):    1.986ns
    Source Clock Delay      (SCD):    1.630ns
    Clock Pessimism Removal (CPR):    -0.000ns
  Clock Uncertainty:      0.069ns  ((TSJ^2 + DJ^2)^1/2) / 2 + PE
    Total System Jitter     (TSJ):    0.071ns
    Discrete Jitter          (DJ):    0.119ns
    Phase Error              (PE):    0.000ns
  Timing Exception:       False Path

    Location             Delay type                Incr(ns)  Path(ns)    Netlist Resource(s)
  -------------------------------------------------------------------    -------------------
                         (clock clk_125_clk_bd_clk_wiz_0_0 rise edge)
                                                      0.000     0.000 r  
    U18                                               0.000     0.000 r  adc_clk_p_i (IN)
                         net (fo=0)                   0.000     0.000    design_1_i/clk_0/U0/clk_wiz_0/inst/clk_in1_p
    U18                  IBUFDS (Prop_ibufds_I_O)     0.401     0.401 r  design_1_i/clk_0/U0/clk_wiz_0/inst/clkin1_ibufgds/O
                         net (fo=1, routed)           0.627     1.029    design_1_i/clk_0/U0/clk_wiz_0/inst/clk_in1_clk_bd_clk_wiz_0_0_buf
    BUFGCTRL_X0Y4        BUFG (Prop_bufg_I_O)         0.027     1.056 r  design_1_i/clk_0/U0/clk_wiz_0/inst/clkin1_bufg1/O
                         net (fo=1, routed)           0.546     1.601    design_1_i/clk_0/U0/clk_wiz_0/inst/clk_in1_clk_bd_clk_wiz_0_0
    MMCME2_ADV_X0Y0      MMCME2_ADV (Prop_mmcme2_adv_CLKIN1_CLKOUT0)
                                                     -1.053     0.548 r  design_1_i/clk_0/U0/clk_wiz_0/inst/mmcm_adv_inst/CLKOUT0
                         net (fo=1, routed)           0.482     1.030    design_1_i/clk_0/U0/clk_wiz_0/inst/clk_125_clk_bd_clk_wiz_0_0
    BUFGCTRL_X0Y0        BUFG (Prop_bufg_I_O)         0.026     1.056 r  design_1_i/clk_0/U0/clk_wiz_0/inst/clkout1_buf/O
                         net (fo=2421, routed)        0.575     1.630    design_1_i/axi_smc/inst/clk_map/psr_aclk/U0/aclk
    SLICE_X2Y21          FDRE                                         r  design_1_i/axi_smc/inst/clk_map/psr_aclk/U0/ACTIVE_LOW_BSR_OUT_DFF[0].FDRE_BSR_N/C
  -------------------------------------------------------------------    -------------------
    SLICE_X2Y21          FDRE (Prop_fdre_C_Q)         0.141     1.771 r  design_1_i/axi_smc/inst/clk_map/psr_aclk/U0/ACTIVE_LOW_BSR_OUT_DFF[0].FDRE_BSR_N/Q
                         net (fo=61, routed)          0.607     2.378    design_1_i/axi_smc/inst/m03_nodes/m03_ar_node/inst/s_sc_xpm_cdc_async_rst_inst/src_arst
    SLICE_X3Y27          LUT1 (Prop_lut1_I0_O)        0.045     2.423 f  design_1_i/axi_smc/inst/m03_nodes/m03_ar_node/inst/s_sc_xpm_cdc_async_rst_inst/arststages_ff[2]_i_1/O
                         net (fo=3, routed)           0.124     2.547    design_1_i/axi_smc/inst/m03_nodes/m03_ar_node/inst/s_sc_xpm_cdc_async_rst_inst/reset_pol
    SLICE_X2Y27          FDCE                                         f  design_1_i/axi_smc/inst/m03_nodes/m03_ar_node/inst/s_sc_xpm_cdc_async_rst_inst/arststages_ff_reg[0]/CLR
  -------------------------------------------------------------------    -------------------

                         (clock clk_125_clk_bd_clk_wiz_0_0 rise edge)
                                                      0.000     0.000 r  
    U18                                               0.000     0.000 r  adc_clk_p_i (IN)
                         net (fo=0)                   0.000     0.000    design_1_i/clk_0/U0/clk_wiz_0/inst/clk_in1_p
    U18                  IBUFDS (Prop_ibufds_I_O)     0.433     0.433 r  design_1_i/clk_0/U0/clk_wiz_0/inst/clkin1_ibufgds/O
                         net (fo=1, routed)           0.683     1.116    design_1_i/clk_0/U0/clk_wiz_0/inst/clk_in1_clk_bd_clk_wiz_0_0_buf
    BUFGCTRL_X0Y4        BUFG (Prop_bufg_I_O)         0.030     1.146 r  design_1_i/clk_0/U0/clk_wiz_0/inst/clkin1_bufg1/O
                         net (fo=1, routed)           0.812     1.958    design_1_i/clk_0/U0/clk_wiz_0/inst/clk_in1_clk_bd_clk_wiz_0_0
    MMCME2_ADV_X0Y0      MMCME2_ADV (Prop_mmcme2_adv_CLKIN1_CLKOUT0)
                                                     -1.369     0.589 r  design_1_i/clk_0/U0/clk_wiz_0/inst/mmcm_adv_inst/CLKOUT0
                         net (fo=1, routed)           0.528     1.117    design_1_i/clk_0/U0/clk_wiz_0/inst/clk_125_clk_bd_clk_wiz_0_0
    BUFGCTRL_X0Y0        BUFG (Prop_bufg_I_O)         0.029     1.146 r  design_1_i/clk_0/U0/clk_wiz_0/inst/clkout1_buf/O
                         net (fo=2421, routed)        0.840     1.986    design_1_i/axi_smc/inst/m03_nodes/m03_ar_node/inst/s_sc_xpm_cdc_async_rst_inst/dest_clk
    SLICE_X2Y27          FDCE                                         r  design_1_i/axi_smc/inst/m03_nodes/m03_ar_node/inst/s_sc_xpm_cdc_async_rst_inst/arststages_ff_reg[0]/C

Slack:                    inf
  Source:                 design_1_i/axi_smc/inst/clk_map/psr_aclk/U0/ACTIVE_LOW_BSR_OUT_DFF[0].FDRE_BSR_N/C
                            (rising edge-triggered cell FDRE clocked by clk_125_clk_bd_clk_wiz_0_0  {rise@0.000ns fall@4.000ns period=8.000ns})
  Destination:            design_1_i/axi_smc/inst/m03_nodes/m03_ar_node/inst/s_sc_xpm_cdc_async_rst_inst/arststages_ff_reg[1]/CLR
                            (removal check against rising-edge clock clk_125_clk_bd_clk_wiz_0_0  {rise@0.000ns fall@4.000ns period=8.000ns})
  Path Group:             (none)
  Path Type:              Removal (Min at Fast Process Corner)
  Data Path Delay:        0.917ns  (logic 0.186ns (20.289%)  route 0.731ns (79.711%))
  Logic Levels:           1  (LUT1=1)
  Clock Path Skew:        0.356ns (DCD - SCD - CPR)
    Destination Clock Delay (DCD):    1.986ns
    Source Clock Delay      (SCD):    1.630ns
    Clock Pessimism Removal (CPR):    -0.000ns
  Clock Uncertainty:      0.069ns  ((TSJ^2 + DJ^2)^1/2) / 2 + PE
    Total System Jitter     (TSJ):    0.071ns
    Discrete Jitter          (DJ):    0.119ns
    Phase Error              (PE):    0.000ns
  Timing Exception:       False Path

    Location             Delay type                Incr(ns)  Path(ns)    Netlist Resource(s)
  -------------------------------------------------------------------    -------------------
                         (clock clk_125_clk_bd_clk_wiz_0_0 rise edge)
                                                      0.000     0.000 r  
    U18                                               0.000     0.000 r  adc_clk_p_i (IN)
                         net (fo=0)                   0.000     0.000    design_1_i/clk_0/U0/clk_wiz_0/inst/clk_in1_p
    U18                  IBUFDS (Prop_ibufds_I_O)     0.401     0.401 r  design_1_i/clk_0/U0/clk_wiz_0/inst/clkin1_ibufgds/O
                         net (fo=1, routed)           0.627     1.029    design_1_i/clk_0/U0/clk_wiz_0/inst/clk_in1_clk_bd_clk_wiz_0_0_buf
    BUFGCTRL_X0Y4        BUFG (Prop_bufg_I_O)         0.027     1.056 r  design_1_i/clk_0/U0/clk_wiz_0/inst/clkin1_bufg1/O
                         net (fo=1, routed)           0.546     1.601    design_1_i/clk_0/U0/clk_wiz_0/inst/clk_in1_clk_bd_clk_wiz_0_0
    MMCME2_ADV_X0Y0      MMCME2_ADV (Prop_mmcme2_adv_CLKIN1_CLKOUT0)
                                                     -1.053     0.548 r  design_1_i/clk_0/U0/clk_wiz_0/inst/mmcm_adv_inst/CLKOUT0
                         net (fo=1, routed)           0.482     1.030    design_1_i/clk_0/U0/clk_wiz_0/inst/clk_125_clk_bd_clk_wiz_0_0
    BUFGCTRL_X0Y0        BUFG (Prop_bufg_I_O)         0.026     1.056 r  design_1_i/clk_0/U0/clk_wiz_0/inst/clkout1_buf/O
                         net (fo=2421, routed)        0.575     1.630    design_1_i/axi_smc/inst/clk_map/psr_aclk/U0/aclk
    SLICE_X2Y21          FDRE                                         r  design_1_i/axi_smc/inst/clk_map/psr_aclk/U0/ACTIVE_LOW_BSR_OUT_DFF[0].FDRE_BSR_N/C
  -------------------------------------------------------------------    -------------------
    SLICE_X2Y21          FDRE (Prop_fdre_C_Q)         0.141     1.771 r  design_1_i/axi_smc/inst/clk_map/psr_aclk/U0/ACTIVE_LOW_BSR_OUT_DFF[0].FDRE_BSR_N/Q
                         net (fo=61, routed)          0.607     2.378    design_1_i/axi_smc/inst/m03_nodes/m03_ar_node/inst/s_sc_xpm_cdc_async_rst_inst/src_arst
    SLICE_X3Y27          LUT1 (Prop_lut1_I0_O)        0.045     2.423 f  design_1_i/axi_smc/inst/m03_nodes/m03_ar_node/inst/s_sc_xpm_cdc_async_rst_inst/arststages_ff[2]_i_1/O
                         net (fo=3, routed)           0.124     2.547    design_1_i/axi_smc/inst/m03_nodes/m03_ar_node/inst/s_sc_xpm_cdc_async_rst_inst/reset_pol
    SLICE_X2Y27          FDCE                                         f  design_1_i/axi_smc/inst/m03_nodes/m03_ar_node/inst/s_sc_xpm_cdc_async_rst_inst/arststages_ff_reg[1]/CLR
  -------------------------------------------------------------------    -------------------

                         (clock clk_125_clk_bd_clk_wiz_0_0 rise edge)
                                                      0.000     0.000 r  
    U18                                               0.000     0.000 r  adc_clk_p_i (IN)
                         net (fo=0)                   0.000     0.000    design_1_i/clk_0/U0/clk_wiz_0/inst/clk_in1_p
    U18                  IBUFDS (Prop_ibufds_I_O)     0.433     0.433 r  design_1_i/clk_0/U0/clk_wiz_0/inst/clkin1_ibufgds/O
                         net (fo=1, routed)           0.683     1.116    design_1_i/clk_0/U0/clk_wiz_0/inst/clk_in1_clk_bd_clk_wiz_0_0_buf
    BUFGCTRL_X0Y4        BUFG (Prop_bufg_I_O)         0.030     1.146 r  design_1_i/clk_0/U0/clk_wiz_0/inst/clkin1_bufg1/O
                         net (fo=1, routed)           0.812     1.958    design_1_i/clk_0/U0/clk_wiz_0/inst/clk_in1_clk_bd_clk_wiz_0_0
    MMCME2_ADV_X0Y0      MMCME2_ADV (Prop_mmcme2_adv_CLKIN1_CLKOUT0)
                                                     -1.369     0.589 r  design_1_i/clk_0/U0/clk_wiz_0/inst/mmcm_adv_inst/CLKOUT0
                         net (fo=1, routed)           0.528     1.117    design_1_i/clk_0/U0/clk_wiz_0/inst/clk_125_clk_bd_clk_wiz_0_0
    BUFGCTRL_X0Y0        BUFG (Prop_bufg_I_O)         0.029     1.146 r  design_1_i/clk_0/U0/clk_wiz_0/inst/clkout1_buf/O
                         net (fo=2421, routed)        0.840     1.986    design_1_i/axi_smc/inst/m03_nodes/m03_ar_node/inst/s_sc_xpm_cdc_async_rst_inst/dest_clk
    SLICE_X2Y27          FDCE                                         r  design_1_i/axi_smc/inst/m03_nodes/m03_ar_node/inst/s_sc_xpm_cdc_async_rst_inst/arststages_ff_reg[1]/C

Slack:                    inf
  Source:                 design_1_i/axi_smc/inst/clk_map/psr_aclk/U0/ACTIVE_LOW_BSR_OUT_DFF[0].FDRE_BSR_N/C
                            (rising edge-triggered cell FDRE clocked by clk_125_clk_bd_clk_wiz_0_0  {rise@0.000ns fall@4.000ns period=8.000ns})
  Destination:            design_1_i/axi_smc/inst/m03_nodes/m03_ar_node/inst/s_sc_xpm_cdc_async_rst_inst/arststages_ff_reg[2]/CLR
                            (removal check against rising-edge clock clk_125_clk_bd_clk_wiz_0_0  {rise@0.000ns fall@4.000ns period=8.000ns})
  Path Group:             (none)
  Path Type:              Removal (Min at Fast Process Corner)
  Data Path Delay:        0.917ns  (logic 0.186ns (20.289%)  route 0.731ns (79.711%))
  Logic Levels:           1  (LUT1=1)
  Clock Path Skew:        0.356ns (DCD - SCD - CPR)
    Destination Clock Delay (DCD):    1.986ns
    Source Clock Delay      (SCD):    1.630ns
    Clock Pessimism Removal (CPR):    -0.000ns
  Clock Uncertainty:      0.069ns  ((TSJ^2 + DJ^2)^1/2) / 2 + PE
    Total System Jitter     (TSJ):    0.071ns
    Discrete Jitter          (DJ):    0.119ns
    Phase Error              (PE):    0.000ns
  Timing Exception:       False Path

    Location             Delay type                Incr(ns)  Path(ns)    Netlist Resource(s)
  -------------------------------------------------------------------    -------------------
                         (clock clk_125_clk_bd_clk_wiz_0_0 rise edge)
                                                      0.000     0.000 r  
    U18                                               0.000     0.000 r  adc_clk_p_i (IN)
                         net (fo=0)                   0.000     0.000    design_1_i/clk_0/U0/clk_wiz_0/inst/clk_in1_p
    U18                  IBUFDS (Prop_ibufds_I_O)     0.401     0.401 r  design_1_i/clk_0/U0/clk_wiz_0/inst/clkin1_ibufgds/O
                         net (fo=1, routed)           0.627     1.029    design_1_i/clk_0/U0/clk_wiz_0/inst/clk_in1_clk_bd_clk_wiz_0_0_buf
    BUFGCTRL_X0Y4        BUFG (Prop_bufg_I_O)         0.027     1.056 r  design_1_i/clk_0/U0/clk_wiz_0/inst/clkin1_bufg1/O
                         net (fo=1, routed)           0.546     1.601    design_1_i/clk_0/U0/clk_wiz_0/inst/clk_in1_clk_bd_clk_wiz_0_0
    MMCME2_ADV_X0Y0      MMCME2_ADV (Prop_mmcme2_adv_CLKIN1_CLKOUT0)
                                                     -1.053     0.548 r  design_1_i/clk_0/U0/clk_wiz_0/inst/mmcm_adv_inst/CLKOUT0
                         net (fo=1, routed)           0.482     1.030    design_1_i/clk_0/U0/clk_wiz_0/inst/clk_125_clk_bd_clk_wiz_0_0
    BUFGCTRL_X0Y0        BUFG (Prop_bufg_I_O)         0.026     1.056 r  design_1_i/clk_0/U0/clk_wiz_0/inst/clkout1_buf/O
                         net (fo=2421, routed)        0.575     1.630    design_1_i/axi_smc/inst/clk_map/psr_aclk/U0/aclk
    SLICE_X2Y21          FDRE                                         r  design_1_i/axi_smc/inst/clk_map/psr_aclk/U0/ACTIVE_LOW_BSR_OUT_DFF[0].FDRE_BSR_N/C
  -------------------------------------------------------------------    -------------------
    SLICE_X2Y21          FDRE (Prop_fdre_C_Q)         0.141     1.771 r  design_1_i/axi_smc/inst/clk_map/psr_aclk/U0/ACTIVE_LOW_BSR_OUT_DFF[0].FDRE_BSR_N/Q
                         net (fo=61, routed)          0.607     2.378    design_1_i/axi_smc/inst/m03_nodes/m03_ar_node/inst/s_sc_xpm_cdc_async_rst_inst/src_arst
    SLICE_X3Y27          LUT1 (Prop_lut1_I0_O)        0.045     2.423 f  design_1_i/axi_smc/inst/m03_nodes/m03_ar_node/inst/s_sc_xpm_cdc_async_rst_inst/arststages_ff[2]_i_1/O
                         net (fo=3, routed)           0.124     2.547    design_1_i/axi_smc/inst/m03_nodes/m03_ar_node/inst/s_sc_xpm_cdc_async_rst_inst/reset_pol
    SLICE_X2Y27          FDCE                                         f  design_1_i/axi_smc/inst/m03_nodes/m03_ar_node/inst/s_sc_xpm_cdc_async_rst_inst/arststages_ff_reg[2]/CLR
  -------------------------------------------------------------------    -------------------

                         (clock clk_125_clk_bd_clk_wiz_0_0 rise edge)
                                                      0.000     0.000 r  
    U18                                               0.000     0.000 r  adc_clk_p_i (IN)
                         net (fo=0)                   0.000     0.000    design_1_i/clk_0/U0/clk_wiz_0/inst/clk_in1_p
    U18                  IBUFDS (Prop_ibufds_I_O)     0.433     0.433 r  design_1_i/clk_0/U0/clk_wiz_0/inst/clkin1_ibufgds/O
                         net (fo=1, routed)           0.683     1.116    design_1_i/clk_0/U0/clk_wiz_0/inst/clk_in1_clk_bd_clk_wiz_0_0_buf
    BUFGCTRL_X0Y4        BUFG (Prop_bufg_I_O)         0.030     1.146 r  design_1_i/clk_0/U0/clk_wiz_0/inst/clkin1_bufg1/O
                         net (fo=1, routed)           0.812     1.958    design_1_i/clk_0/U0/clk_wiz_0/inst/clk_in1_clk_bd_clk_wiz_0_0
    MMCME2_ADV_X0Y0      MMCME2_ADV (Prop_mmcme2_adv_CLKIN1_CLKOUT0)
                                                     -1.369     0.589 r  design_1_i/clk_0/U0/clk_wiz_0/inst/mmcm_adv_inst/CLKOUT0
                         net (fo=1, routed)           0.528     1.117    design_1_i/clk_0/U0/clk_wiz_0/inst/clk_125_clk_bd_clk_wiz_0_0
    BUFGCTRL_X0Y0        BUFG (Prop_bufg_I_O)         0.029     1.146 r  design_1_i/clk_0/U0/clk_wiz_0/inst/clkout1_buf/O
                         net (fo=2421, routed)        0.840     1.986    design_1_i/axi_smc/inst/m03_nodes/m03_ar_node/inst/s_sc_xpm_cdc_async_rst_inst/dest_clk
    SLICE_X2Y27          FDCE                                         r  design_1_i/axi_smc/inst/m03_nodes/m03_ar_node/inst/s_sc_xpm_cdc_async_rst_inst/arststages_ff_reg[2]/C

Slack:                    inf
  Source:                 design_1_i/axi_smc/inst/clk_map/psr_aclk/U0/ACTIVE_LOW_BSR_OUT_DFF[0].FDRE_BSR_N/C
                            (rising edge-triggered cell FDRE clocked by clk_125_clk_bd_clk_wiz_0_0  {rise@0.000ns fall@4.000ns period=8.000ns})
  Destination:            design_1_i/axi_smc/inst/m00_nodes/m00_r_node/inst/s_sc_xpm_cdc_async_rst_inst/arststages_ff_reg[0]/CLR
                            (removal check against rising-edge clock clk_125_clk_bd_clk_wiz_0_0  {rise@0.000ns fall@4.000ns period=8.000ns})
  Path Group:             (none)
  Path Type:              Removal (Min at Fast Process Corner)
  Data Path Delay:        0.925ns  (logic 0.192ns (20.749%)  route 0.733ns (79.251%))
  Logic Levels:           1  (LUT1=1)
  Clock Path Skew:        0.353ns (DCD - SCD - CPR)
    Destination Clock Delay (DCD):    1.983ns
    Source Clock Delay      (SCD):    1.630ns
    Clock Pessimism Removal (CPR):    -0.000ns
  Clock Uncertainty:      0.069ns  ((TSJ^2 + DJ^2)^1/2) / 2 + PE
    Total System Jitter     (TSJ):    0.071ns
    Discrete Jitter          (DJ):    0.119ns
    Phase Error              (PE):    0.000ns
  Timing Exception:       False Path

    Location             Delay type                Incr(ns)  Path(ns)    Netlist Resource(s)
  -------------------------------------------------------------------    -------------------
                         (clock clk_125_clk_bd_clk_wiz_0_0 rise edge)
                                                      0.000     0.000 r  
    U18                                               0.000     0.000 r  adc_clk_p_i (IN)
                         net (fo=0)                   0.000     0.000    design_1_i/clk_0/U0/clk_wiz_0/inst/clk_in1_p
    U18                  IBUFDS (Prop_ibufds_I_O)     0.401     0.401 r  design_1_i/clk_0/U0/clk_wiz_0/inst/clkin1_ibufgds/O
                         net (fo=1, routed)           0.627     1.029    design_1_i/clk_0/U0/clk_wiz_0/inst/clk_in1_clk_bd_clk_wiz_0_0_buf
    BUFGCTRL_X0Y4        BUFG (Prop_bufg_I_O)         0.027     1.056 r  design_1_i/clk_0/U0/clk_wiz_0/inst/clkin1_bufg1/O
                         net (fo=1, routed)           0.546     1.601    design_1_i/clk_0/U0/clk_wiz_0/inst/clk_in1_clk_bd_clk_wiz_0_0
    MMCME2_ADV_X0Y0      MMCME2_ADV (Prop_mmcme2_adv_CLKIN1_CLKOUT0)
                                                     -1.053     0.548 r  design_1_i/clk_0/U0/clk_wiz_0/inst/mmcm_adv_inst/CLKOUT0
                         net (fo=1, routed)           0.482     1.030    design_1_i/clk_0/U0/clk_wiz_0/inst/clk_125_clk_bd_clk_wiz_0_0
    BUFGCTRL_X0Y0        BUFG (Prop_bufg_I_O)         0.026     1.056 r  design_1_i/clk_0/U0/clk_wiz_0/inst/clkout1_buf/O
                         net (fo=2421, routed)        0.575     1.630    design_1_i/axi_smc/inst/clk_map/psr_aclk/U0/aclk
    SLICE_X2Y21          FDRE                                         r  design_1_i/axi_smc/inst/clk_map/psr_aclk/U0/ACTIVE_LOW_BSR_OUT_DFF[0].FDRE_BSR_N/C
  -------------------------------------------------------------------    -------------------
    SLICE_X2Y21          FDRE (Prop_fdre_C_Q)         0.141     1.771 r  design_1_i/axi_smc/inst/clk_map/psr_aclk/U0/ACTIVE_LOW_BSR_OUT_DFF[0].FDRE_BSR_N/Q
                         net (fo=61, routed)          0.341     2.112    design_1_i/axi_smc/inst/m00_nodes/m00_r_node/inst/s_sc_xpm_cdc_async_rst_inst/src_arst
    SLICE_X3Y25          LUT1 (Prop_lut1_I0_O)        0.051     2.163 f  design_1_i/axi_smc/inst/m00_nodes/m00_r_node/inst/s_sc_xpm_cdc_async_rst_inst/arststages_ff[2]_i_1/O
                         net (fo=3, routed)           0.392     2.556    design_1_i/axi_smc/inst/m00_nodes/m00_r_node/inst/s_sc_xpm_cdc_async_rst_inst/reset_pol
    SLICE_X3Y25          FDCE                                         f  design_1_i/axi_smc/inst/m00_nodes/m00_r_node/inst/s_sc_xpm_cdc_async_rst_inst/arststages_ff_reg[0]/CLR
  -------------------------------------------------------------------    -------------------

                         (clock clk_125_clk_bd_clk_wiz_0_0 rise edge)
                                                      0.000     0.000 r  
    U18                                               0.000     0.000 r  adc_clk_p_i (IN)
                         net (fo=0)                   0.000     0.000    design_1_i/clk_0/U0/clk_wiz_0/inst/clk_in1_p
    U18                  IBUFDS (Prop_ibufds_I_O)     0.433     0.433 r  design_1_i/clk_0/U0/clk_wiz_0/inst/clkin1_ibufgds/O
                         net (fo=1, routed)           0.683     1.116    design_1_i/clk_0/U0/clk_wiz_0/inst/clk_in1_clk_bd_clk_wiz_0_0_buf
    BUFGCTRL_X0Y4        BUFG (Prop_bufg_I_O)         0.030     1.146 r  design_1_i/clk_0/U0/clk_wiz_0/inst/clkin1_bufg1/O
                         net (fo=1, routed)           0.812     1.958    design_1_i/clk_0/U0/clk_wiz_0/inst/clk_in1_clk_bd_clk_wiz_0_0
    MMCME2_ADV_X0Y0      MMCME2_ADV (Prop_mmcme2_adv_CLKIN1_CLKOUT0)
                                                     -1.369     0.589 r  design_1_i/clk_0/U0/clk_wiz_0/inst/mmcm_adv_inst/CLKOUT0
                         net (fo=1, routed)           0.528     1.117    design_1_i/clk_0/U0/clk_wiz_0/inst/clk_125_clk_bd_clk_wiz_0_0
    BUFGCTRL_X0Y0        BUFG (Prop_bufg_I_O)         0.029     1.146 r  design_1_i/clk_0/U0/clk_wiz_0/inst/clkout1_buf/O
                         net (fo=2421, routed)        0.837     1.983    design_1_i/axi_smc/inst/m00_nodes/m00_r_node/inst/s_sc_xpm_cdc_async_rst_inst/dest_clk
    SLICE_X3Y25          FDCE                                         r  design_1_i/axi_smc/inst/m00_nodes/m00_r_node/inst/s_sc_xpm_cdc_async_rst_inst/arststages_ff_reg[0]/C

Slack:                    inf
  Source:                 design_1_i/axi_smc/inst/clk_map/psr_aclk/U0/ACTIVE_LOW_BSR_OUT_DFF[0].FDRE_BSR_N/C
                            (rising edge-triggered cell FDRE clocked by clk_125_clk_bd_clk_wiz_0_0  {rise@0.000ns fall@4.000ns period=8.000ns})
  Destination:            design_1_i/axi_smc/inst/m00_nodes/m00_r_node/inst/s_sc_xpm_cdc_async_rst_inst/arststages_ff_reg[1]/CLR
                            (removal check against rising-edge clock clk_125_clk_bd_clk_wiz_0_0  {rise@0.000ns fall@4.000ns period=8.000ns})
  Path Group:             (none)
  Path Type:              Removal (Min at Fast Process Corner)
  Data Path Delay:        0.925ns  (logic 0.192ns (20.749%)  route 0.733ns (79.251%))
  Logic Levels:           1  (LUT1=1)
  Clock Path Skew:        0.353ns (DCD - SCD - CPR)
    Destination Clock Delay (DCD):    1.983ns
    Source Clock Delay      (SCD):    1.630ns
    Clock Pessimism Removal (CPR):    -0.000ns
  Clock Uncertainty:      0.069ns  ((TSJ^2 + DJ^2)^1/2) / 2 + PE
    Total System Jitter     (TSJ):    0.071ns
    Discrete Jitter          (DJ):    0.119ns
    Phase Error              (PE):    0.000ns
  Timing Exception:       False Path

    Location             Delay type                Incr(ns)  Path(ns)    Netlist Resource(s)
  -------------------------------------------------------------------    -------------------
                         (clock clk_125_clk_bd_clk_wiz_0_0 rise edge)
                                                      0.000     0.000 r  
    U18                                               0.000     0.000 r  adc_clk_p_i (IN)
                         net (fo=0)                   0.000     0.000    design_1_i/clk_0/U0/clk_wiz_0/inst/clk_in1_p
    U18                  IBUFDS (Prop_ibufds_I_O)     0.401     0.401 r  design_1_i/clk_0/U0/clk_wiz_0/inst/clkin1_ibufgds/O
                         net (fo=1, routed)           0.627     1.029    design_1_i/clk_0/U0/clk_wiz_0/inst/clk_in1_clk_bd_clk_wiz_0_0_buf
    BUFGCTRL_X0Y4        BUFG (Prop_bufg_I_O)         0.027     1.056 r  design_1_i/clk_0/U0/clk_wiz_0/inst/clkin1_bufg1/O
                         net (fo=1, routed)           0.546     1.601    design_1_i/clk_0/U0/clk_wiz_0/inst/clk_in1_clk_bd_clk_wiz_0_0
    MMCME2_ADV_X0Y0      MMCME2_ADV (Prop_mmcme2_adv_CLKIN1_CLKOUT0)
                                                     -1.053     0.548 r  design_1_i/clk_0/U0/clk_wiz_0/inst/mmcm_adv_inst/CLKOUT0
                         net (fo=1, routed)           0.482     1.030    design_1_i/clk_0/U0/clk_wiz_0/inst/clk_125_clk_bd_clk_wiz_0_0
    BUFGCTRL_X0Y0        BUFG (Prop_bufg_I_O)         0.026     1.056 r  design_1_i/clk_0/U0/clk_wiz_0/inst/clkout1_buf/O
                         net (fo=2421, routed)        0.575     1.630    design_1_i/axi_smc/inst/clk_map/psr_aclk/U0/aclk
    SLICE_X2Y21          FDRE                                         r  design_1_i/axi_smc/inst/clk_map/psr_aclk/U0/ACTIVE_LOW_BSR_OUT_DFF[0].FDRE_BSR_N/C
  -------------------------------------------------------------------    -------------------
    SLICE_X2Y21          FDRE (Prop_fdre_C_Q)         0.141     1.771 r  design_1_i/axi_smc/inst/clk_map/psr_aclk/U0/ACTIVE_LOW_BSR_OUT_DFF[0].FDRE_BSR_N/Q
                         net (fo=61, routed)          0.341     2.112    design_1_i/axi_smc/inst/m00_nodes/m00_r_node/inst/s_sc_xpm_cdc_async_rst_inst/src_arst
    SLICE_X3Y25          LUT1 (Prop_lut1_I0_O)        0.051     2.163 f  design_1_i/axi_smc/inst/m00_nodes/m00_r_node/inst/s_sc_xpm_cdc_async_rst_inst/arststages_ff[2]_i_1/O
                         net (fo=3, routed)           0.392     2.556    design_1_i/axi_smc/inst/m00_nodes/m00_r_node/inst/s_sc_xpm_cdc_async_rst_inst/reset_pol
    SLICE_X3Y25          FDCE                                         f  design_1_i/axi_smc/inst/m00_nodes/m00_r_node/inst/s_sc_xpm_cdc_async_rst_inst/arststages_ff_reg[1]/CLR
  -------------------------------------------------------------------    -------------------

                         (clock clk_125_clk_bd_clk_wiz_0_0 rise edge)
                                                      0.000     0.000 r  
    U18                                               0.000     0.000 r  adc_clk_p_i (IN)
                         net (fo=0)                   0.000     0.000    design_1_i/clk_0/U0/clk_wiz_0/inst/clk_in1_p
    U18                  IBUFDS (Prop_ibufds_I_O)     0.433     0.433 r  design_1_i/clk_0/U0/clk_wiz_0/inst/clkin1_ibufgds/O
                         net (fo=1, routed)           0.683     1.116    design_1_i/clk_0/U0/clk_wiz_0/inst/clk_in1_clk_bd_clk_wiz_0_0_buf
    BUFGCTRL_X0Y4        BUFG (Prop_bufg_I_O)         0.030     1.146 r  design_1_i/clk_0/U0/clk_wiz_0/inst/clkin1_bufg1/O
                         net (fo=1, routed)           0.812     1.958    design_1_i/clk_0/U0/clk_wiz_0/inst/clk_in1_clk_bd_clk_wiz_0_0
    MMCME2_ADV_X0Y0      MMCME2_ADV (Prop_mmcme2_adv_CLKIN1_CLKOUT0)
                                                     -1.369     0.589 r  design_1_i/clk_0/U0/clk_wiz_0/inst/mmcm_adv_inst/CLKOUT0
                         net (fo=1, routed)           0.528     1.117    design_1_i/clk_0/U0/clk_wiz_0/inst/clk_125_clk_bd_clk_wiz_0_0
    BUFGCTRL_X0Y0        BUFG (Prop_bufg_I_O)         0.029     1.146 r  design_1_i/clk_0/U0/clk_wiz_0/inst/clkout1_buf/O
                         net (fo=2421, routed)        0.837     1.983    design_1_i/axi_smc/inst/m00_nodes/m00_r_node/inst/s_sc_xpm_cdc_async_rst_inst/dest_clk
    SLICE_X3Y25          FDCE                                         r  design_1_i/axi_smc/inst/m00_nodes/m00_r_node/inst/s_sc_xpm_cdc_async_rst_inst/arststages_ff_reg[1]/C

Slack:                    inf
  Source:                 design_1_i/axi_smc/inst/clk_map/psr_aclk/U0/ACTIVE_LOW_BSR_OUT_DFF[0].FDRE_BSR_N/C
                            (rising edge-triggered cell FDRE clocked by clk_125_clk_bd_clk_wiz_0_0  {rise@0.000ns fall@4.000ns period=8.000ns})
  Destination:            design_1_i/axi_smc/inst/m00_nodes/m00_r_node/inst/s_sc_xpm_cdc_async_rst_inst/arststages_ff_reg[2]/CLR
                            (removal check against rising-edge clock clk_125_clk_bd_clk_wiz_0_0  {rise@0.000ns fall@4.000ns period=8.000ns})
  Path Group:             (none)
  Path Type:              Removal (Min at Fast Process Corner)
  Data Path Delay:        0.925ns  (logic 0.192ns (20.749%)  route 0.733ns (79.251%))
  Logic Levels:           1  (LUT1=1)
  Clock Path Skew:        0.353ns (DCD - SCD - CPR)
    Destination Clock Delay (DCD):    1.983ns
    Source Clock Delay      (SCD):    1.630ns
    Clock Pessimism Removal (CPR):    -0.000ns
  Clock Uncertainty:      0.069ns  ((TSJ^2 + DJ^2)^1/2) / 2 + PE
    Total System Jitter     (TSJ):    0.071ns
    Discrete Jitter          (DJ):    0.119ns
    Phase Error              (PE):    0.000ns
  Timing Exception:       False Path

    Location             Delay type                Incr(ns)  Path(ns)    Netlist Resource(s)
  -------------------------------------------------------------------    -------------------
                         (clock clk_125_clk_bd_clk_wiz_0_0 rise edge)
                                                      0.000     0.000 r  
    U18                                               0.000     0.000 r  adc_clk_p_i (IN)
                         net (fo=0)                   0.000     0.000    design_1_i/clk_0/U0/clk_wiz_0/inst/clk_in1_p
    U18                  IBUFDS (Prop_ibufds_I_O)     0.401     0.401 r  design_1_i/clk_0/U0/clk_wiz_0/inst/clkin1_ibufgds/O
                         net (fo=1, routed)           0.627     1.029    design_1_i/clk_0/U0/clk_wiz_0/inst/clk_in1_clk_bd_clk_wiz_0_0_buf
    BUFGCTRL_X0Y4        BUFG (Prop_bufg_I_O)         0.027     1.056 r  design_1_i/clk_0/U0/clk_wiz_0/inst/clkin1_bufg1/O
                         net (fo=1, routed)           0.546     1.601    design_1_i/clk_0/U0/clk_wiz_0/inst/clk_in1_clk_bd_clk_wiz_0_0
    MMCME2_ADV_X0Y0      MMCME2_ADV (Prop_mmcme2_adv_CLKIN1_CLKOUT0)
                                                     -1.053     0.548 r  design_1_i/clk_0/U0/clk_wiz_0/inst/mmcm_adv_inst/CLKOUT0
                         net (fo=1, routed)           0.482     1.030    design_1_i/clk_0/U0/clk_wiz_0/inst/clk_125_clk_bd_clk_wiz_0_0
    BUFGCTRL_X0Y0        BUFG (Prop_bufg_I_O)         0.026     1.056 r  design_1_i/clk_0/U0/clk_wiz_0/inst/clkout1_buf/O
                         net (fo=2421, routed)        0.575     1.630    design_1_i/axi_smc/inst/clk_map/psr_aclk/U0/aclk
    SLICE_X2Y21          FDRE                                         r  design_1_i/axi_smc/inst/clk_map/psr_aclk/U0/ACTIVE_LOW_BSR_OUT_DFF[0].FDRE_BSR_N/C
  -------------------------------------------------------------------    -------------------
    SLICE_X2Y21          FDRE (Prop_fdre_C_Q)         0.141     1.771 r  design_1_i/axi_smc/inst/clk_map/psr_aclk/U0/ACTIVE_LOW_BSR_OUT_DFF[0].FDRE_BSR_N/Q
                         net (fo=61, routed)          0.341     2.112    design_1_i/axi_smc/inst/m00_nodes/m00_r_node/inst/s_sc_xpm_cdc_async_rst_inst/src_arst
    SLICE_X3Y25          LUT1 (Prop_lut1_I0_O)        0.051     2.163 f  design_1_i/axi_smc/inst/m00_nodes/m00_r_node/inst/s_sc_xpm_cdc_async_rst_inst/arststages_ff[2]_i_1/O
                         net (fo=3, routed)           0.392     2.556    design_1_i/axi_smc/inst/m00_nodes/m00_r_node/inst/s_sc_xpm_cdc_async_rst_inst/reset_pol
    SLICE_X3Y25          FDCE                                         f  design_1_i/axi_smc/inst/m00_nodes/m00_r_node/inst/s_sc_xpm_cdc_async_rst_inst/arststages_ff_reg[2]/CLR
  -------------------------------------------------------------------    -------------------

                         (clock clk_125_clk_bd_clk_wiz_0_0 rise edge)
                                                      0.000     0.000 r  
    U18                                               0.000     0.000 r  adc_clk_p_i (IN)
                         net (fo=0)                   0.000     0.000    design_1_i/clk_0/U0/clk_wiz_0/inst/clk_in1_p
    U18                  IBUFDS (Prop_ibufds_I_O)     0.433     0.433 r  design_1_i/clk_0/U0/clk_wiz_0/inst/clkin1_ibufgds/O
                         net (fo=1, routed)           0.683     1.116    design_1_i/clk_0/U0/clk_wiz_0/inst/clk_in1_clk_bd_clk_wiz_0_0_buf
    BUFGCTRL_X0Y4        BUFG (Prop_bufg_I_O)         0.030     1.146 r  design_1_i/clk_0/U0/clk_wiz_0/inst/clkin1_bufg1/O
                         net (fo=1, routed)           0.812     1.958    design_1_i/clk_0/U0/clk_wiz_0/inst/clk_in1_clk_bd_clk_wiz_0_0
    MMCME2_ADV_X0Y0      MMCME2_ADV (Prop_mmcme2_adv_CLKIN1_CLKOUT0)
                                                     -1.369     0.589 r  design_1_i/clk_0/U0/clk_wiz_0/inst/mmcm_adv_inst/CLKOUT0
                         net (fo=1, routed)           0.528     1.117    design_1_i/clk_0/U0/clk_wiz_0/inst/clk_125_clk_bd_clk_wiz_0_0
    BUFGCTRL_X0Y0        BUFG (Prop_bufg_I_O)         0.029     1.146 r  design_1_i/clk_0/U0/clk_wiz_0/inst/clkout1_buf/O
                         net (fo=2421, routed)        0.837     1.983    design_1_i/axi_smc/inst/m00_nodes/m00_r_node/inst/s_sc_xpm_cdc_async_rst_inst/dest_clk
    SLICE_X3Y25          FDCE                                         r  design_1_i/axi_smc/inst/m00_nodes/m00_r_node/inst/s_sc_xpm_cdc_async_rst_inst/arststages_ff_reg[2]/C

Slack:                    inf
  Source:                 design_1_i/axi_smc/inst/clk_map/psr_aclk/U0/ACTIVE_LOW_BSR_OUT_DFF[0].FDRE_BSR_N/C
                            (rising edge-triggered cell FDRE clocked by clk_125_clk_bd_clk_wiz_0_0  {rise@0.000ns fall@4.000ns period=8.000ns})
  Destination:            design_1_i/axi_smc/inst/m02_nodes/m02_r_node/inst/s_sc_xpm_cdc_async_rst_inst/arststages_ff_reg[0]/CLR
                            (removal check against rising-edge clock clk_125_clk_bd_clk_wiz_0_0  {rise@0.000ns fall@4.000ns period=8.000ns})
  Path Group:             (none)
  Path Type:              Removal (Min at Fast Process Corner)
  Data Path Delay:        0.935ns  (logic 0.186ns (19.893%)  route 0.749ns (80.107%))
  Logic Levels:           1  (LUT1=1)
  Clock Path Skew:        0.339ns (DCD - SCD - CPR)
    Destination Clock Delay (DCD):    1.969ns
    Source Clock Delay      (SCD):    1.630ns
    Clock Pessimism Removal (CPR):    -0.000ns
  Clock Uncertainty:      0.069ns  ((TSJ^2 + DJ^2)^1/2) / 2 + PE
    Total System Jitter     (TSJ):    0.071ns
    Discrete Jitter          (DJ):    0.119ns
    Phase Error              (PE):    0.000ns
  Timing Exception:       False Path

    Location             Delay type                Incr(ns)  Path(ns)    Netlist Resource(s)
  -------------------------------------------------------------------    -------------------
                         (clock clk_125_clk_bd_clk_wiz_0_0 rise edge)
                                                      0.000     0.000 r  
    U18                                               0.000     0.000 r  adc_clk_p_i (IN)
                         net (fo=0)                   0.000     0.000    design_1_i/clk_0/U0/clk_wiz_0/inst/clk_in1_p
    U18                  IBUFDS (Prop_ibufds_I_O)     0.401     0.401 r  design_1_i/clk_0/U0/clk_wiz_0/inst/clkin1_ibufgds/O
                         net (fo=1, routed)           0.627     1.029    design_1_i/clk_0/U0/clk_wiz_0/inst/clk_in1_clk_bd_clk_wiz_0_0_buf
    BUFGCTRL_X0Y4        BUFG (Prop_bufg_I_O)         0.027     1.056 r  design_1_i/clk_0/U0/clk_wiz_0/inst/clkin1_bufg1/O
                         net (fo=1, routed)           0.546     1.601    design_1_i/clk_0/U0/clk_wiz_0/inst/clk_in1_clk_bd_clk_wiz_0_0
    MMCME2_ADV_X0Y0      MMCME2_ADV (Prop_mmcme2_adv_CLKIN1_CLKOUT0)
                                                     -1.053     0.548 r  design_1_i/clk_0/U0/clk_wiz_0/inst/mmcm_adv_inst/CLKOUT0
                         net (fo=1, routed)           0.482     1.030    design_1_i/clk_0/U0/clk_wiz_0/inst/clk_125_clk_bd_clk_wiz_0_0
    BUFGCTRL_X0Y0        BUFG (Prop_bufg_I_O)         0.026     1.056 r  design_1_i/clk_0/U0/clk_wiz_0/inst/clkout1_buf/O
                         net (fo=2421, routed)        0.575     1.630    design_1_i/axi_smc/inst/clk_map/psr_aclk/U0/aclk
    SLICE_X2Y21          FDRE                                         r  design_1_i/axi_smc/inst/clk_map/psr_aclk/U0/ACTIVE_LOW_BSR_OUT_DFF[0].FDRE_BSR_N/C
  -------------------------------------------------------------------    -------------------
    SLICE_X2Y21          FDRE (Prop_fdre_C_Q)         0.141     1.771 r  design_1_i/axi_smc/inst/clk_map/psr_aclk/U0/ACTIVE_LOW_BSR_OUT_DFF[0].FDRE_BSR_N/Q
                         net (fo=61, routed)          0.571     2.342    design_1_i/axi_smc/inst/m02_nodes/m02_r_node/inst/s_sc_xpm_cdc_async_rst_inst/src_arst
    SLICE_X9Y29          LUT1 (Prop_lut1_I0_O)        0.045     2.387 f  design_1_i/axi_smc/inst/m02_nodes/m02_r_node/inst/s_sc_xpm_cdc_async_rst_inst/arststages_ff[2]_i_1/O
                         net (fo=3, routed)           0.178     2.565    design_1_i/axi_smc/inst/m02_nodes/m02_r_node/inst/s_sc_xpm_cdc_async_rst_inst/reset_pol
    SLICE_X7Y29          FDCE                                         f  design_1_i/axi_smc/inst/m02_nodes/m02_r_node/inst/s_sc_xpm_cdc_async_rst_inst/arststages_ff_reg[0]/CLR
  -------------------------------------------------------------------    -------------------

                         (clock clk_125_clk_bd_clk_wiz_0_0 rise edge)
                                                      0.000     0.000 r  
    U18                                               0.000     0.000 r  adc_clk_p_i (IN)
                         net (fo=0)                   0.000     0.000    design_1_i/clk_0/U0/clk_wiz_0/inst/clk_in1_p
    U18                  IBUFDS (Prop_ibufds_I_O)     0.433     0.433 r  design_1_i/clk_0/U0/clk_wiz_0/inst/clkin1_ibufgds/O
                         net (fo=1, routed)           0.683     1.116    design_1_i/clk_0/U0/clk_wiz_0/inst/clk_in1_clk_bd_clk_wiz_0_0_buf
    BUFGCTRL_X0Y4        BUFG (Prop_bufg_I_O)         0.030     1.146 r  design_1_i/clk_0/U0/clk_wiz_0/inst/clkin1_bufg1/O
                         net (fo=1, routed)           0.812     1.958    design_1_i/clk_0/U0/clk_wiz_0/inst/clk_in1_clk_bd_clk_wiz_0_0
    MMCME2_ADV_X0Y0      MMCME2_ADV (Prop_mmcme2_adv_CLKIN1_CLKOUT0)
                                                     -1.369     0.589 r  design_1_i/clk_0/U0/clk_wiz_0/inst/mmcm_adv_inst/CLKOUT0
                         net (fo=1, routed)           0.528     1.117    design_1_i/clk_0/U0/clk_wiz_0/inst/clk_125_clk_bd_clk_wiz_0_0
    BUFGCTRL_X0Y0        BUFG (Prop_bufg_I_O)         0.029     1.146 r  design_1_i/clk_0/U0/clk_wiz_0/inst/clkout1_buf/O
                         net (fo=2421, routed)        0.823     1.969    design_1_i/axi_smc/inst/m02_nodes/m02_r_node/inst/s_sc_xpm_cdc_async_rst_inst/dest_clk
    SLICE_X7Y29          FDCE                                         r  design_1_i/axi_smc/inst/m02_nodes/m02_r_node/inst/s_sc_xpm_cdc_async_rst_inst/arststages_ff_reg[0]/C

Slack:                    inf
  Source:                 design_1_i/axi_smc/inst/clk_map/psr_aclk/U0/ACTIVE_LOW_BSR_OUT_DFF[0].FDRE_BSR_N/C
                            (rising edge-triggered cell FDRE clocked by clk_125_clk_bd_clk_wiz_0_0  {rise@0.000ns fall@4.000ns period=8.000ns})
  Destination:            design_1_i/axi_smc/inst/m02_nodes/m02_r_node/inst/s_sc_xpm_cdc_async_rst_inst/arststages_ff_reg[1]/CLR
                            (removal check against rising-edge clock clk_125_clk_bd_clk_wiz_0_0  {rise@0.000ns fall@4.000ns period=8.000ns})
  Path Group:             (none)
  Path Type:              Removal (Min at Fast Process Corner)
  Data Path Delay:        0.935ns  (logic 0.186ns (19.893%)  route 0.749ns (80.107%))
  Logic Levels:           1  (LUT1=1)
  Clock Path Skew:        0.339ns (DCD - SCD - CPR)
    Destination Clock Delay (DCD):    1.969ns
    Source Clock Delay      (SCD):    1.630ns
    Clock Pessimism Removal (CPR):    -0.000ns
  Clock Uncertainty:      0.069ns  ((TSJ^2 + DJ^2)^1/2) / 2 + PE
    Total System Jitter     (TSJ):    0.071ns
    Discrete Jitter          (DJ):    0.119ns
    Phase Error              (PE):    0.000ns
  Timing Exception:       False Path

    Location             Delay type                Incr(ns)  Path(ns)    Netlist Resource(s)
  -------------------------------------------------------------------    -------------------
                         (clock clk_125_clk_bd_clk_wiz_0_0 rise edge)
                                                      0.000     0.000 r  
    U18                                               0.000     0.000 r  adc_clk_p_i (IN)
                         net (fo=0)                   0.000     0.000    design_1_i/clk_0/U0/clk_wiz_0/inst/clk_in1_p
    U18                  IBUFDS (Prop_ibufds_I_O)     0.401     0.401 r  design_1_i/clk_0/U0/clk_wiz_0/inst/clkin1_ibufgds/O
                         net (fo=1, routed)           0.627     1.029    design_1_i/clk_0/U0/clk_wiz_0/inst/clk_in1_clk_bd_clk_wiz_0_0_buf
    BUFGCTRL_X0Y4        BUFG (Prop_bufg_I_O)         0.027     1.056 r  design_1_i/clk_0/U0/clk_wiz_0/inst/clkin1_bufg1/O
                         net (fo=1, routed)           0.546     1.601    design_1_i/clk_0/U0/clk_wiz_0/inst/clk_in1_clk_bd_clk_wiz_0_0
    MMCME2_ADV_X0Y0      MMCME2_ADV (Prop_mmcme2_adv_CLKIN1_CLKOUT0)
                                                     -1.053     0.548 r  design_1_i/clk_0/U0/clk_wiz_0/inst/mmcm_adv_inst/CLKOUT0
                         net (fo=1, routed)           0.482     1.030    design_1_i/clk_0/U0/clk_wiz_0/inst/clk_125_clk_bd_clk_wiz_0_0
    BUFGCTRL_X0Y0        BUFG (Prop_bufg_I_O)         0.026     1.056 r  design_1_i/clk_0/U0/clk_wiz_0/inst/clkout1_buf/O
                         net (fo=2421, routed)        0.575     1.630    design_1_i/axi_smc/inst/clk_map/psr_aclk/U0/aclk
    SLICE_X2Y21          FDRE                                         r  design_1_i/axi_smc/inst/clk_map/psr_aclk/U0/ACTIVE_LOW_BSR_OUT_DFF[0].FDRE_BSR_N/C
  -------------------------------------------------------------------    -------------------
    SLICE_X2Y21          FDRE (Prop_fdre_C_Q)         0.141     1.771 r  design_1_i/axi_smc/inst/clk_map/psr_aclk/U0/ACTIVE_LOW_BSR_OUT_DFF[0].FDRE_BSR_N/Q
                         net (fo=61, routed)          0.571     2.342    design_1_i/axi_smc/inst/m02_nodes/m02_r_node/inst/s_sc_xpm_cdc_async_rst_inst/src_arst
    SLICE_X9Y29          LUT1 (Prop_lut1_I0_O)        0.045     2.387 f  design_1_i/axi_smc/inst/m02_nodes/m02_r_node/inst/s_sc_xpm_cdc_async_rst_inst/arststages_ff[2]_i_1/O
                         net (fo=3, routed)           0.178     2.565    design_1_i/axi_smc/inst/m02_nodes/m02_r_node/inst/s_sc_xpm_cdc_async_rst_inst/reset_pol
    SLICE_X7Y29          FDCE                                         f  design_1_i/axi_smc/inst/m02_nodes/m02_r_node/inst/s_sc_xpm_cdc_async_rst_inst/arststages_ff_reg[1]/CLR
  -------------------------------------------------------------------    -------------------

                         (clock clk_125_clk_bd_clk_wiz_0_0 rise edge)
                                                      0.000     0.000 r  
    U18                                               0.000     0.000 r  adc_clk_p_i (IN)
                         net (fo=0)                   0.000     0.000    design_1_i/clk_0/U0/clk_wiz_0/inst/clk_in1_p
    U18                  IBUFDS (Prop_ibufds_I_O)     0.433     0.433 r  design_1_i/clk_0/U0/clk_wiz_0/inst/clkin1_ibufgds/O
                         net (fo=1, routed)           0.683     1.116    design_1_i/clk_0/U0/clk_wiz_0/inst/clk_in1_clk_bd_clk_wiz_0_0_buf
    BUFGCTRL_X0Y4        BUFG (Prop_bufg_I_O)         0.030     1.146 r  design_1_i/clk_0/U0/clk_wiz_0/inst/clkin1_bufg1/O
                         net (fo=1, routed)           0.812     1.958    design_1_i/clk_0/U0/clk_wiz_0/inst/clk_in1_clk_bd_clk_wiz_0_0
    MMCME2_ADV_X0Y0      MMCME2_ADV (Prop_mmcme2_adv_CLKIN1_CLKOUT0)
                                                     -1.369     0.589 r  design_1_i/clk_0/U0/clk_wiz_0/inst/mmcm_adv_inst/CLKOUT0
                         net (fo=1, routed)           0.528     1.117    design_1_i/clk_0/U0/clk_wiz_0/inst/clk_125_clk_bd_clk_wiz_0_0
    BUFGCTRL_X0Y0        BUFG (Prop_bufg_I_O)         0.029     1.146 r  design_1_i/clk_0/U0/clk_wiz_0/inst/clkout1_buf/O
                         net (fo=2421, routed)        0.823     1.969    design_1_i/axi_smc/inst/m02_nodes/m02_r_node/inst/s_sc_xpm_cdc_async_rst_inst/dest_clk
    SLICE_X7Y29          FDCE                                         r  design_1_i/axi_smc/inst/m02_nodes/m02_r_node/inst/s_sc_xpm_cdc_async_rst_inst/arststages_ff_reg[1]/C

Slack:                    inf
  Source:                 design_1_i/axi_smc/inst/clk_map/psr_aclk/U0/ACTIVE_LOW_BSR_OUT_DFF[0].FDRE_BSR_N/C
                            (rising edge-triggered cell FDRE clocked by clk_125_clk_bd_clk_wiz_0_0  {rise@0.000ns fall@4.000ns period=8.000ns})
  Destination:            design_1_i/axi_smc/inst/m02_nodes/m02_r_node/inst/s_sc_xpm_cdc_async_rst_inst/arststages_ff_reg[2]/CLR
                            (removal check against rising-edge clock clk_125_clk_bd_clk_wiz_0_0  {rise@0.000ns fall@4.000ns period=8.000ns})
  Path Group:             (none)
  Path Type:              Removal (Min at Fast Process Corner)
  Data Path Delay:        0.935ns  (logic 0.186ns (19.893%)  route 0.749ns (80.107%))
  Logic Levels:           1  (LUT1=1)
  Clock Path Skew:        0.339ns (DCD - SCD - CPR)
    Destination Clock Delay (DCD):    1.969ns
    Source Clock Delay      (SCD):    1.630ns
    Clock Pessimism Removal (CPR):    -0.000ns
  Clock Uncertainty:      0.069ns  ((TSJ^2 + DJ^2)^1/2) / 2 + PE
    Total System Jitter     (TSJ):    0.071ns
    Discrete Jitter          (DJ):    0.119ns
    Phase Error              (PE):    0.000ns
  Timing Exception:       False Path

    Location             Delay type                Incr(ns)  Path(ns)    Netlist Resource(s)
  -------------------------------------------------------------------    -------------------
                         (clock clk_125_clk_bd_clk_wiz_0_0 rise edge)
                                                      0.000     0.000 r  
    U18                                               0.000     0.000 r  adc_clk_p_i (IN)
                         net (fo=0)                   0.000     0.000    design_1_i/clk_0/U0/clk_wiz_0/inst/clk_in1_p
    U18                  IBUFDS (Prop_ibufds_I_O)     0.401     0.401 r  design_1_i/clk_0/U0/clk_wiz_0/inst/clkin1_ibufgds/O
                         net (fo=1, routed)           0.627     1.029    design_1_i/clk_0/U0/clk_wiz_0/inst/clk_in1_clk_bd_clk_wiz_0_0_buf
    BUFGCTRL_X0Y4        BUFG (Prop_bufg_I_O)         0.027     1.056 r  design_1_i/clk_0/U0/clk_wiz_0/inst/clkin1_bufg1/O
                         net (fo=1, routed)           0.546     1.601    design_1_i/clk_0/U0/clk_wiz_0/inst/clk_in1_clk_bd_clk_wiz_0_0
    MMCME2_ADV_X0Y0      MMCME2_ADV (Prop_mmcme2_adv_CLKIN1_CLKOUT0)
                                                     -1.053     0.548 r  design_1_i/clk_0/U0/clk_wiz_0/inst/mmcm_adv_inst/CLKOUT0
                         net (fo=1, routed)           0.482     1.030    design_1_i/clk_0/U0/clk_wiz_0/inst/clk_125_clk_bd_clk_wiz_0_0
    BUFGCTRL_X0Y0        BUFG (Prop_bufg_I_O)         0.026     1.056 r  design_1_i/clk_0/U0/clk_wiz_0/inst/clkout1_buf/O
                         net (fo=2421, routed)        0.575     1.630    design_1_i/axi_smc/inst/clk_map/psr_aclk/U0/aclk
    SLICE_X2Y21          FDRE                                         r  design_1_i/axi_smc/inst/clk_map/psr_aclk/U0/ACTIVE_LOW_BSR_OUT_DFF[0].FDRE_BSR_N/C
  -------------------------------------------------------------------    -------------------
    SLICE_X2Y21          FDRE (Prop_fdre_C_Q)         0.141     1.771 r  design_1_i/axi_smc/inst/clk_map/psr_aclk/U0/ACTIVE_LOW_BSR_OUT_DFF[0].FDRE_BSR_N/Q
                         net (fo=61, routed)          0.571     2.342    design_1_i/axi_smc/inst/m02_nodes/m02_r_node/inst/s_sc_xpm_cdc_async_rst_inst/src_arst
    SLICE_X9Y29          LUT1 (Prop_lut1_I0_O)        0.045     2.387 f  design_1_i/axi_smc/inst/m02_nodes/m02_r_node/inst/s_sc_xpm_cdc_async_rst_inst/arststages_ff[2]_i_1/O
                         net (fo=3, routed)           0.178     2.565    design_1_i/axi_smc/inst/m02_nodes/m02_r_node/inst/s_sc_xpm_cdc_async_rst_inst/reset_pol
    SLICE_X7Y29          FDCE                                         f  design_1_i/axi_smc/inst/m02_nodes/m02_r_node/inst/s_sc_xpm_cdc_async_rst_inst/arststages_ff_reg[2]/CLR
  -------------------------------------------------------------------    -------------------

                         (clock clk_125_clk_bd_clk_wiz_0_0 rise edge)
                                                      0.000     0.000 r  
    U18                                               0.000     0.000 r  adc_clk_p_i (IN)
                         net (fo=0)                   0.000     0.000    design_1_i/clk_0/U0/clk_wiz_0/inst/clk_in1_p
    U18                  IBUFDS (Prop_ibufds_I_O)     0.433     0.433 r  design_1_i/clk_0/U0/clk_wiz_0/inst/clkin1_ibufgds/O
                         net (fo=1, routed)           0.683     1.116    design_1_i/clk_0/U0/clk_wiz_0/inst/clk_in1_clk_bd_clk_wiz_0_0_buf
    BUFGCTRL_X0Y4        BUFG (Prop_bufg_I_O)         0.030     1.146 r  design_1_i/clk_0/U0/clk_wiz_0/inst/clkin1_bufg1/O
                         net (fo=1, routed)           0.812     1.958    design_1_i/clk_0/U0/clk_wiz_0/inst/clk_in1_clk_bd_clk_wiz_0_0
    MMCME2_ADV_X0Y0      MMCME2_ADV (Prop_mmcme2_adv_CLKIN1_CLKOUT0)
                                                     -1.369     0.589 r  design_1_i/clk_0/U0/clk_wiz_0/inst/mmcm_adv_inst/CLKOUT0
                         net (fo=1, routed)           0.528     1.117    design_1_i/clk_0/U0/clk_wiz_0/inst/clk_125_clk_bd_clk_wiz_0_0
    BUFGCTRL_X0Y0        BUFG (Prop_bufg_I_O)         0.029     1.146 r  design_1_i/clk_0/U0/clk_wiz_0/inst/clkout1_buf/O
                         net (fo=2421, routed)        0.823     1.969    design_1_i/axi_smc/inst/m02_nodes/m02_r_node/inst/s_sc_xpm_cdc_async_rst_inst/dest_clk
    SLICE_X7Y29          FDCE                                         r  design_1_i/axi_smc/inst/m02_nodes/m02_r_node/inst/s_sc_xpm_cdc_async_rst_inst/arststages_ff_reg[2]/C

Slack:                    inf
  Source:                 design_1_i/axi_smc/inst/clk_map/psr_aclk/U0/ACTIVE_LOW_BSR_OUT_DFF[0].FDRE_BSR_N/C
                            (rising edge-triggered cell FDRE clocked by clk_125_clk_bd_clk_wiz_0_0  {rise@0.000ns fall@4.000ns period=8.000ns})
  Destination:            design_1_i/axi_smc/inst/m06_exit_pipeline/m06_exit/inst/xpm_cdc_async_rst_inst/arststages_ff_reg[0]/CLR
                            (removal check against rising-edge clock clk_125_clk_bd_clk_wiz_0_0  {rise@0.000ns fall@4.000ns period=8.000ns})
  Path Group:             (none)
  Path Type:              Removal (Min at Fast Process Corner)
  Data Path Delay:        0.942ns  (logic 0.186ns (19.738%)  route 0.756ns (80.262%))
  Logic Levels:           1  (LUT1=1)
  Clock Path Skew:        0.338ns (DCD - SCD - CPR)
    Destination Clock Delay (DCD):    1.968ns
    Source Clock Delay      (SCD):    1.630ns
    Clock Pessimism Removal (CPR):    -0.000ns
  Clock Uncertainty:      0.069ns  ((TSJ^2 + DJ^2)^1/2) / 2 + PE
    Total System Jitter     (TSJ):    0.071ns
    Discrete Jitter          (DJ):    0.119ns
    Phase Error              (PE):    0.000ns
  Timing Exception:       False Path

    Location             Delay type                Incr(ns)  Path(ns)    Netlist Resource(s)
  -------------------------------------------------------------------    -------------------
                         (clock clk_125_clk_bd_clk_wiz_0_0 rise edge)
                                                      0.000     0.000 r  
    U18                                               0.000     0.000 r  adc_clk_p_i (IN)
                         net (fo=0)                   0.000     0.000    design_1_i/clk_0/U0/clk_wiz_0/inst/clk_in1_p
    U18                  IBUFDS (Prop_ibufds_I_O)     0.401     0.401 r  design_1_i/clk_0/U0/clk_wiz_0/inst/clkin1_ibufgds/O
                         net (fo=1, routed)           0.627     1.029    design_1_i/clk_0/U0/clk_wiz_0/inst/clk_in1_clk_bd_clk_wiz_0_0_buf
    BUFGCTRL_X0Y4        BUFG (Prop_bufg_I_O)         0.027     1.056 r  design_1_i/clk_0/U0/clk_wiz_0/inst/clkin1_bufg1/O
                         net (fo=1, routed)           0.546     1.601    design_1_i/clk_0/U0/clk_wiz_0/inst/clk_in1_clk_bd_clk_wiz_0_0
    MMCME2_ADV_X0Y0      MMCME2_ADV (Prop_mmcme2_adv_CLKIN1_CLKOUT0)
                                                     -1.053     0.548 r  design_1_i/clk_0/U0/clk_wiz_0/inst/mmcm_adv_inst/CLKOUT0
                         net (fo=1, routed)           0.482     1.030    design_1_i/clk_0/U0/clk_wiz_0/inst/clk_125_clk_bd_clk_wiz_0_0
    BUFGCTRL_X0Y0        BUFG (Prop_bufg_I_O)         0.026     1.056 r  design_1_i/clk_0/U0/clk_wiz_0/inst/clkout1_buf/O
                         net (fo=2421, routed)        0.575     1.630    design_1_i/axi_smc/inst/clk_map/psr_aclk/U0/aclk
    SLICE_X2Y21          FDRE                                         r  design_1_i/axi_smc/inst/clk_map/psr_aclk/U0/ACTIVE_LOW_BSR_OUT_DFF[0].FDRE_BSR_N/C
  -------------------------------------------------------------------    -------------------
    SLICE_X2Y21          FDRE (Prop_fdre_C_Q)         0.141     1.771 r  design_1_i/axi_smc/inst/clk_map/psr_aclk/U0/ACTIVE_LOW_BSR_OUT_DFF[0].FDRE_BSR_N/Q
                         net (fo=61, routed)          0.577     2.348    design_1_i/axi_smc/inst/m06_exit_pipeline/m06_exit/inst/xpm_cdc_async_rst_inst/src_arst
    SLICE_X6Y28          LUT1 (Prop_lut1_I0_O)        0.045     2.393 f  design_1_i/axi_smc/inst/m06_exit_pipeline/m06_exit/inst/xpm_cdc_async_rst_inst/arststages_ff[2]_i_1/O
                         net (fo=3, routed)           0.179     2.573    design_1_i/axi_smc/inst/m06_exit_pipeline/m06_exit/inst/xpm_cdc_async_rst_inst/reset_pol
    SLICE_X7Y28          FDCE                                         f  design_1_i/axi_smc/inst/m06_exit_pipeline/m06_exit/inst/xpm_cdc_async_rst_inst/arststages_ff_reg[0]/CLR
  -------------------------------------------------------------------    -------------------

                         (clock clk_125_clk_bd_clk_wiz_0_0 rise edge)
                                                      0.000     0.000 r  
    U18                                               0.000     0.000 r  adc_clk_p_i (IN)
                         net (fo=0)                   0.000     0.000    design_1_i/clk_0/U0/clk_wiz_0/inst/clk_in1_p
    U18                  IBUFDS (Prop_ibufds_I_O)     0.433     0.433 r  design_1_i/clk_0/U0/clk_wiz_0/inst/clkin1_ibufgds/O
                         net (fo=1, routed)           0.683     1.116    design_1_i/clk_0/U0/clk_wiz_0/inst/clk_in1_clk_bd_clk_wiz_0_0_buf
    BUFGCTRL_X0Y4        BUFG (Prop_bufg_I_O)         0.030     1.146 r  design_1_i/clk_0/U0/clk_wiz_0/inst/clkin1_bufg1/O
                         net (fo=1, routed)           0.812     1.958    design_1_i/clk_0/U0/clk_wiz_0/inst/clk_in1_clk_bd_clk_wiz_0_0
    MMCME2_ADV_X0Y0      MMCME2_ADV (Prop_mmcme2_adv_CLKIN1_CLKOUT0)
                                                     -1.369     0.589 r  design_1_i/clk_0/U0/clk_wiz_0/inst/mmcm_adv_inst/CLKOUT0
                         net (fo=1, routed)           0.528     1.117    design_1_i/clk_0/U0/clk_wiz_0/inst/clk_125_clk_bd_clk_wiz_0_0
    BUFGCTRL_X0Y0        BUFG (Prop_bufg_I_O)         0.029     1.146 r  design_1_i/clk_0/U0/clk_wiz_0/inst/clkout1_buf/O
                         net (fo=2421, routed)        0.822     1.968    design_1_i/axi_smc/inst/m06_exit_pipeline/m06_exit/inst/xpm_cdc_async_rst_inst/dest_clk
    SLICE_X7Y28          FDCE                                         r  design_1_i/axi_smc/inst/m06_exit_pipeline/m06_exit/inst/xpm_cdc_async_rst_inst/arststages_ff_reg[0]/C

Slack:                    inf
  Source:                 design_1_i/axi_smc/inst/clk_map/psr_aclk/U0/ACTIVE_LOW_BSR_OUT_DFF[0].FDRE_BSR_N/C
                            (rising edge-triggered cell FDRE clocked by clk_125_clk_bd_clk_wiz_0_0  {rise@0.000ns fall@4.000ns period=8.000ns})
  Destination:            design_1_i/axi_smc/inst/m06_exit_pipeline/m06_exit/inst/xpm_cdc_async_rst_inst/arststages_ff_reg[1]/CLR
                            (removal check against rising-edge clock clk_125_clk_bd_clk_wiz_0_0  {rise@0.000ns fall@4.000ns period=8.000ns})
  Path Group:             (none)
  Path Type:              Removal (Min at Fast Process Corner)
  Data Path Delay:        0.942ns  (logic 0.186ns (19.738%)  route 0.756ns (80.262%))
  Logic Levels:           1  (LUT1=1)
  Clock Path Skew:        0.338ns (DCD - SCD - CPR)
    Destination Clock Delay (DCD):    1.968ns
    Source Clock Delay      (SCD):    1.630ns
    Clock Pessimism Removal (CPR):    -0.000ns
  Clock Uncertainty:      0.069ns  ((TSJ^2 + DJ^2)^1/2) / 2 + PE
    Total System Jitter     (TSJ):    0.071ns
    Discrete Jitter          (DJ):    0.119ns
    Phase Error              (PE):    0.000ns
  Timing Exception:       False Path

    Location             Delay type                Incr(ns)  Path(ns)    Netlist Resource(s)
  -------------------------------------------------------------------    -------------------
                         (clock clk_125_clk_bd_clk_wiz_0_0 rise edge)
                                                      0.000     0.000 r  
    U18                                               0.000     0.000 r  adc_clk_p_i (IN)
                         net (fo=0)                   0.000     0.000    design_1_i/clk_0/U0/clk_wiz_0/inst/clk_in1_p
    U18                  IBUFDS (Prop_ibufds_I_O)     0.401     0.401 r  design_1_i/clk_0/U0/clk_wiz_0/inst/clkin1_ibufgds/O
                         net (fo=1, routed)           0.627     1.029    design_1_i/clk_0/U0/clk_wiz_0/inst/clk_in1_clk_bd_clk_wiz_0_0_buf
    BUFGCTRL_X0Y4        BUFG (Prop_bufg_I_O)         0.027     1.056 r  design_1_i/clk_0/U0/clk_wiz_0/inst/clkin1_bufg1/O
                         net (fo=1, routed)           0.546     1.601    design_1_i/clk_0/U0/clk_wiz_0/inst/clk_in1_clk_bd_clk_wiz_0_0
    MMCME2_ADV_X0Y0      MMCME2_ADV (Prop_mmcme2_adv_CLKIN1_CLKOUT0)
                                                     -1.053     0.548 r  design_1_i/clk_0/U0/clk_wiz_0/inst/mmcm_adv_inst/CLKOUT0
                         net (fo=1, routed)           0.482     1.030    design_1_i/clk_0/U0/clk_wiz_0/inst/clk_125_clk_bd_clk_wiz_0_0
    BUFGCTRL_X0Y0        BUFG (Prop_bufg_I_O)         0.026     1.056 r  design_1_i/clk_0/U0/clk_wiz_0/inst/clkout1_buf/O
                         net (fo=2421, routed)        0.575     1.630    design_1_i/axi_smc/inst/clk_map/psr_aclk/U0/aclk
    SLICE_X2Y21          FDRE                                         r  design_1_i/axi_smc/inst/clk_map/psr_aclk/U0/ACTIVE_LOW_BSR_OUT_DFF[0].FDRE_BSR_N/C
  -------------------------------------------------------------------    -------------------
    SLICE_X2Y21          FDRE (Prop_fdre_C_Q)         0.141     1.771 r  design_1_i/axi_smc/inst/clk_map/psr_aclk/U0/ACTIVE_LOW_BSR_OUT_DFF[0].FDRE_BSR_N/Q
                         net (fo=61, routed)          0.577     2.348    design_1_i/axi_smc/inst/m06_exit_pipeline/m06_exit/inst/xpm_cdc_async_rst_inst/src_arst
    SLICE_X6Y28          LUT1 (Prop_lut1_I0_O)        0.045     2.393 f  design_1_i/axi_smc/inst/m06_exit_pipeline/m06_exit/inst/xpm_cdc_async_rst_inst/arststages_ff[2]_i_1/O
                         net (fo=3, routed)           0.179     2.573    design_1_i/axi_smc/inst/m06_exit_pipeline/m06_exit/inst/xpm_cdc_async_rst_inst/reset_pol
    SLICE_X7Y28          FDCE                                         f  design_1_i/axi_smc/inst/m06_exit_pipeline/m06_exit/inst/xpm_cdc_async_rst_inst/arststages_ff_reg[1]/CLR
  -------------------------------------------------------------------    -------------------

                         (clock clk_125_clk_bd_clk_wiz_0_0 rise edge)
                                                      0.000     0.000 r  
    U18                                               0.000     0.000 r  adc_clk_p_i (IN)
                         net (fo=0)                   0.000     0.000    design_1_i/clk_0/U0/clk_wiz_0/inst/clk_in1_p
    U18                  IBUFDS (Prop_ibufds_I_O)     0.433     0.433 r  design_1_i/clk_0/U0/clk_wiz_0/inst/clkin1_ibufgds/O
                         net (fo=1, routed)           0.683     1.116    design_1_i/clk_0/U0/clk_wiz_0/inst/clk_in1_clk_bd_clk_wiz_0_0_buf
    BUFGCTRL_X0Y4        BUFG (Prop_bufg_I_O)         0.030     1.146 r  design_1_i/clk_0/U0/clk_wiz_0/inst/clkin1_bufg1/O
                         net (fo=1, routed)           0.812     1.958    design_1_i/clk_0/U0/clk_wiz_0/inst/clk_in1_clk_bd_clk_wiz_0_0
    MMCME2_ADV_X0Y0      MMCME2_ADV (Prop_mmcme2_adv_CLKIN1_CLKOUT0)
                                                     -1.369     0.589 r  design_1_i/clk_0/U0/clk_wiz_0/inst/mmcm_adv_inst/CLKOUT0
                         net (fo=1, routed)           0.528     1.117    design_1_i/clk_0/U0/clk_wiz_0/inst/clk_125_clk_bd_clk_wiz_0_0
    BUFGCTRL_X0Y0        BUFG (Prop_bufg_I_O)         0.029     1.146 r  design_1_i/clk_0/U0/clk_wiz_0/inst/clkout1_buf/O
                         net (fo=2421, routed)        0.822     1.968    design_1_i/axi_smc/inst/m06_exit_pipeline/m06_exit/inst/xpm_cdc_async_rst_inst/dest_clk
    SLICE_X7Y28          FDCE                                         r  design_1_i/axi_smc/inst/m06_exit_pipeline/m06_exit/inst/xpm_cdc_async_rst_inst/arststages_ff_reg[1]/C





--------------------------------------------------------------------------------------
Path Group:  (none)
From Clock:  clk_125_clk_bd_clk_wiz_0_0
  To Clock:  

Max Delay            16 Endpoints
Min Delay            16 Endpoints
--------------------------------------------------------------------------------------


Max Delay Paths
--------------------------------------------------------------------------------------
Slack:                    inf
  Source:                 design_1_i/dac_0/U0/DAC_0/U0/GEN_ODDR_dac_data[0].ODDR_dac_data/C
                            (falling edge-triggered cell ODDR clocked by clk_125_clk_bd_clk_wiz_0_0  {rise@0.000ns fall@4.000ns period=8.000ns})
  Destination:            dac_data_o[0]
                            (output port)
  Path Group:             (none)
  Path Type:              Max at Slow Process Corner
  Data Path Delay:        3.730ns  (logic 3.729ns (99.973%)  route 0.001ns (0.027%))
  Logic Levels:           1  (OBUF=1)
  Clock Uncertainty:      0.162ns  ((TSJ^2 + DJ^2)^1/2) / 2 + PE
    Total System Jitter     (TSJ):    0.050ns
    Discrete Jitter          (DJ):    0.119ns
    Phase Error              (PE):    0.097ns

    Location             Delay type                Incr(ns)  Path(ns)    Netlist Resource(s)
  -------------------------------------------------------------------    -------------------
                         (clock clk_125_clk_bd_clk_wiz_0_0 fall edge)
                                                      4.000     4.000 f  
    U18                                               0.000     4.000 f  adc_clk_p_i (IN)
                         net (fo=0)                   0.000     4.000    design_1_i/clk_0/U0/clk_wiz_0/inst/clk_in1_p
    U18                  IBUFDS (Prop_ibufds_I_O)     0.983     4.983 f  design_1_i/clk_0/U0/clk_wiz_0/inst/clkin1_ibufgds/O
                         net (fo=1, routed)           2.076     7.059    design_1_i/clk_0/U0/clk_wiz_0/inst/clk_in1_clk_bd_clk_wiz_0_0_buf
    BUFGCTRL_X0Y4        BUFG (Prop_bufg_I_O)         0.102     7.161 f  design_1_i/clk_0/U0/clk_wiz_0/inst/clkin1_bufg1/O
                         net (fo=1, routed)           1.677     8.838    design_1_i/clk_0/U0/clk_wiz_0/inst/clk_in1_clk_bd_clk_wiz_0_0
    MMCME2_ADV_X0Y0      MMCME2_ADV (Prop_mmcme2_adv_CLKIN1_CLKOUT0)
                                                     -3.538     5.300 f  design_1_i/clk_0/U0/clk_wiz_0/inst/mmcm_adv_inst/CLKOUT0
                         net (fo=1, routed)           1.760     7.060    design_1_i/clk_0/U0/clk_wiz_0/inst/clk_125_clk_bd_clk_wiz_0_0
    BUFGCTRL_X0Y0        BUFG (Prop_bufg_I_O)         0.101     7.161 f  design_1_i/clk_0/U0/clk_wiz_0/inst/clkout1_buf/O
                         net (fo=2421, routed)        1.759     8.921    design_1_i/dac_0/U0/DAC_0/U0/clk_125
    OLOGIC_X0Y86         ODDR                                         f  design_1_i/dac_0/U0/DAC_0/U0/GEN_ODDR_dac_data[0].ODDR_dac_data/C
  -------------------------------------------------------------------    -------------------
    OLOGIC_X0Y86         ODDR (Prop_oddr_C_Q)         0.472     9.393 r  design_1_i/dac_0/U0/DAC_0/U0/GEN_ODDR_dac_data[0].ODDR_dac_data/Q
                         net (fo=1, routed)           0.001     9.394    dac_data_o_OBUF[0]
    M19                  OBUF (Prop_obuf_I_O)         3.257    12.650 r  dac_data_o_OBUF[0]_inst/O
                         net (fo=0)                   0.000    12.650    dac_data_o[0]
    M19                                                               r  dac_data_o[0] (OUT)
  -------------------------------------------------------------------    -------------------

Slack:                    inf
  Source:                 design_1_i/dac_0/U0/DAC_0/U0/GEN_ODDR_dac_data[1].ODDR_dac_data/C
                            (falling edge-triggered cell ODDR clocked by clk_125_clk_bd_clk_wiz_0_0  {rise@0.000ns fall@4.000ns period=8.000ns})
  Destination:            dac_data_o[1]
                            (output port)
  Path Group:             (none)
  Path Type:              Max at Slow Process Corner
  Data Path Delay:        3.720ns  (logic 3.719ns (99.973%)  route 0.001ns (0.027%))
  Logic Levels:           1  (OBUF=1)
  Clock Uncertainty:      0.162ns  ((TSJ^2 + DJ^2)^1/2) / 2 + PE
    Total System Jitter     (TSJ):    0.050ns
    Discrete Jitter          (DJ):    0.119ns
    Phase Error              (PE):    0.097ns

    Location             Delay type                Incr(ns)  Path(ns)    Netlist Resource(s)
  -------------------------------------------------------------------    -------------------
                         (clock clk_125_clk_bd_clk_wiz_0_0 fall edge)
                                                      4.000     4.000 f  
    U18                                               0.000     4.000 f  adc_clk_p_i (IN)
                         net (fo=0)                   0.000     4.000    design_1_i/clk_0/U0/clk_wiz_0/inst/clk_in1_p
    U18                  IBUFDS (Prop_ibufds_I_O)     0.983     4.983 f  design_1_i/clk_0/U0/clk_wiz_0/inst/clkin1_ibufgds/O
                         net (fo=1, routed)           2.076     7.059    design_1_i/clk_0/U0/clk_wiz_0/inst/clk_in1_clk_bd_clk_wiz_0_0_buf
    BUFGCTRL_X0Y4        BUFG (Prop_bufg_I_O)         0.102     7.161 f  design_1_i/clk_0/U0/clk_wiz_0/inst/clkin1_bufg1/O
                         net (fo=1, routed)           1.677     8.838    design_1_i/clk_0/U0/clk_wiz_0/inst/clk_in1_clk_bd_clk_wiz_0_0
    MMCME2_ADV_X0Y0      MMCME2_ADV (Prop_mmcme2_adv_CLKIN1_CLKOUT0)
                                                     -3.538     5.300 f  design_1_i/clk_0/U0/clk_wiz_0/inst/mmcm_adv_inst/CLKOUT0
                         net (fo=1, routed)           1.760     7.060    design_1_i/clk_0/U0/clk_wiz_0/inst/clk_125_clk_bd_clk_wiz_0_0
    BUFGCTRL_X0Y0        BUFG (Prop_bufg_I_O)         0.101     7.161 f  design_1_i/clk_0/U0/clk_wiz_0/inst/clkout1_buf/O
                         net (fo=2421, routed)        1.759     8.921    design_1_i/dac_0/U0/DAC_0/U0/clk_125
    OLOGIC_X0Y85         ODDR                                         f  design_1_i/dac_0/U0/DAC_0/U0/GEN_ODDR_dac_data[1].ODDR_dac_data/C
  -------------------------------------------------------------------    -------------------
    OLOGIC_X0Y85         ODDR (Prop_oddr_C_Q)         0.472     9.393 r  design_1_i/dac_0/U0/DAC_0/U0/GEN_ODDR_dac_data[1].ODDR_dac_data/Q
                         net (fo=1, routed)           0.001     9.394    dac_data_o_OBUF[1]
    M20                  OBUF (Prop_obuf_I_O)         3.247    12.641 r  dac_data_o_OBUF[1]_inst/O
                         net (fo=0)                   0.000    12.641    dac_data_o[1]
    M20                                                               r  dac_data_o[1] (OUT)
  -------------------------------------------------------------------    -------------------

Slack:                    inf
  Source:                 design_1_i/dac_0/U0/DAC_0/U0/GEN_ODDR_dac_data[3].ODDR_dac_data/C
                            (falling edge-triggered cell ODDR clocked by clk_125_clk_bd_clk_wiz_0_0  {rise@0.000ns fall@4.000ns period=8.000ns})
  Destination:            dac_data_o[3]
                            (output port)
  Path Group:             (none)
  Path Type:              Max at Slow Process Corner
  Data Path Delay:        3.695ns  (logic 3.694ns (99.973%)  route 0.001ns (0.027%))
  Logic Levels:           1  (OBUF=1)
  Clock Uncertainty:      0.162ns  ((TSJ^2 + DJ^2)^1/2) / 2 + PE
    Total System Jitter     (TSJ):    0.050ns
    Discrete Jitter          (DJ):    0.119ns
    Phase Error              (PE):    0.097ns

    Location             Delay type                Incr(ns)  Path(ns)    Netlist Resource(s)
  -------------------------------------------------------------------    -------------------
                         (clock clk_125_clk_bd_clk_wiz_0_0 fall edge)
                                                      4.000     4.000 f  
    U18                                               0.000     4.000 f  adc_clk_p_i (IN)
                         net (fo=0)                   0.000     4.000    design_1_i/clk_0/U0/clk_wiz_0/inst/clk_in1_p
    U18                  IBUFDS (Prop_ibufds_I_O)     0.983     4.983 f  design_1_i/clk_0/U0/clk_wiz_0/inst/clkin1_ibufgds/O
                         net (fo=1, routed)           2.076     7.059    design_1_i/clk_0/U0/clk_wiz_0/inst/clk_in1_clk_bd_clk_wiz_0_0_buf
    BUFGCTRL_X0Y4        BUFG (Prop_bufg_I_O)         0.102     7.161 f  design_1_i/clk_0/U0/clk_wiz_0/inst/clkin1_bufg1/O
                         net (fo=1, routed)           1.677     8.838    design_1_i/clk_0/U0/clk_wiz_0/inst/clk_in1_clk_bd_clk_wiz_0_0
    MMCME2_ADV_X0Y0      MMCME2_ADV (Prop_mmcme2_adv_CLKIN1_CLKOUT0)
                                                     -3.538     5.300 f  design_1_i/clk_0/U0/clk_wiz_0/inst/mmcm_adv_inst/CLKOUT0
                         net (fo=1, routed)           1.760     7.060    design_1_i/clk_0/U0/clk_wiz_0/inst/clk_125_clk_bd_clk_wiz_0_0
    BUFGCTRL_X0Y0        BUFG (Prop_bufg_I_O)         0.101     7.161 f  design_1_i/clk_0/U0/clk_wiz_0/inst/clkout1_buf/O
                         net (fo=2421, routed)        1.755     8.917    design_1_i/dac_0/U0/DAC_0/U0/clk_125
    OLOGIC_X0Y81         ODDR                                         f  design_1_i/dac_0/U0/DAC_0/U0/GEN_ODDR_dac_data[3].ODDR_dac_data/C
  -------------------------------------------------------------------    -------------------
    OLOGIC_X0Y81         ODDR (Prop_oddr_C_Q)         0.472     9.389 r  design_1_i/dac_0/U0/DAC_0/U0/GEN_ODDR_dac_data[3].ODDR_dac_data/Q
                         net (fo=1, routed)           0.001     9.390    dac_data_o_OBUF[3]
    L20                  OBUF (Prop_obuf_I_O)         3.222    12.611 r  dac_data_o_OBUF[3]_inst/O
                         net (fo=0)                   0.000    12.611    dac_data_o[3]
    L20                                                               r  dac_data_o[3] (OUT)
  -------------------------------------------------------------------    -------------------

Slack:                    inf
  Source:                 design_1_i/dac_0/U0/DAC_0/U0/GEN_ODDR_dac_data[2].ODDR_dac_data/C
                            (falling edge-triggered cell ODDR clocked by clk_125_clk_bd_clk_wiz_0_0  {rise@0.000ns fall@4.000ns period=8.000ns})
  Destination:            dac_data_o[2]
                            (output port)
  Path Group:             (none)
  Path Type:              Max at Slow Process Corner
  Data Path Delay:        3.693ns  (logic 3.692ns (99.973%)  route 0.001ns (0.027%))
  Logic Levels:           1  (OBUF=1)
  Clock Uncertainty:      0.162ns  ((TSJ^2 + DJ^2)^1/2) / 2 + PE
    Total System Jitter     (TSJ):    0.050ns
    Discrete Jitter          (DJ):    0.119ns
    Phase Error              (PE):    0.097ns

    Location             Delay type                Incr(ns)  Path(ns)    Netlist Resource(s)
  -------------------------------------------------------------------    -------------------
                         (clock clk_125_clk_bd_clk_wiz_0_0 fall edge)
                                                      4.000     4.000 f  
    U18                                               0.000     4.000 f  adc_clk_p_i (IN)
                         net (fo=0)                   0.000     4.000    design_1_i/clk_0/U0/clk_wiz_0/inst/clk_in1_p
    U18                  IBUFDS (Prop_ibufds_I_O)     0.983     4.983 f  design_1_i/clk_0/U0/clk_wiz_0/inst/clkin1_ibufgds/O
                         net (fo=1, routed)           2.076     7.059    design_1_i/clk_0/U0/clk_wiz_0/inst/clk_in1_clk_bd_clk_wiz_0_0_buf
    BUFGCTRL_X0Y4        BUFG (Prop_bufg_I_O)         0.102     7.161 f  design_1_i/clk_0/U0/clk_wiz_0/inst/clkin1_bufg1/O
                         net (fo=1, routed)           1.677     8.838    design_1_i/clk_0/U0/clk_wiz_0/inst/clk_in1_clk_bd_clk_wiz_0_0
    MMCME2_ADV_X0Y0      MMCME2_ADV (Prop_mmcme2_adv_CLKIN1_CLKOUT0)
                                                     -3.538     5.300 f  design_1_i/clk_0/U0/clk_wiz_0/inst/mmcm_adv_inst/CLKOUT0
                         net (fo=1, routed)           1.760     7.060    design_1_i/clk_0/U0/clk_wiz_0/inst/clk_125_clk_bd_clk_wiz_0_0
    BUFGCTRL_X0Y0        BUFG (Prop_bufg_I_O)         0.101     7.161 f  design_1_i/clk_0/U0/clk_wiz_0/inst/clkout1_buf/O
                         net (fo=2421, routed)        1.755     8.917    design_1_i/dac_0/U0/DAC_0/U0/clk_125
    OLOGIC_X0Y82         ODDR                                         f  design_1_i/dac_0/U0/DAC_0/U0/GEN_ODDR_dac_data[2].ODDR_dac_data/C
  -------------------------------------------------------------------    -------------------
    OLOGIC_X0Y82         ODDR (Prop_oddr_C_Q)         0.472     9.389 r  design_1_i/dac_0/U0/DAC_0/U0/GEN_ODDR_dac_data[2].ODDR_dac_data/Q
                         net (fo=1, routed)           0.001     9.390    dac_data_o_OBUF[2]
    L19                  OBUF (Prop_obuf_I_O)         3.220    12.610 r  dac_data_o_OBUF[2]_inst/O
                         net (fo=0)                   0.000    12.610    dac_data_o[2]
    L19                                                               r  dac_data_o[2] (OUT)
  -------------------------------------------------------------------    -------------------

Slack:                    inf
  Source:                 design_1_i/dac_0/U0/DAC_0/U0/GEN_ODDR_dac_data[5].ODDR_dac_data/C
                            (falling edge-triggered cell ODDR clocked by clk_125_clk_bd_clk_wiz_0_0  {rise@0.000ns fall@4.000ns period=8.000ns})
  Destination:            dac_data_o[5]
                            (output port)
  Path Group:             (none)
  Path Type:              Max at Slow Process Corner
  Data Path Delay:        3.675ns  (logic 3.674ns (99.973%)  route 0.001ns (0.027%))
  Logic Levels:           1  (OBUF=1)
  Clock Uncertainty:      0.162ns  ((TSJ^2 + DJ^2)^1/2) / 2 + PE
    Total System Jitter     (TSJ):    0.050ns
    Discrete Jitter          (DJ):    0.119ns
    Phase Error              (PE):    0.097ns

    Location             Delay type                Incr(ns)  Path(ns)    Netlist Resource(s)
  -------------------------------------------------------------------    -------------------
                         (clock clk_125_clk_bd_clk_wiz_0_0 fall edge)
                                                      4.000     4.000 f  
    U18                                               0.000     4.000 f  adc_clk_p_i (IN)
                         net (fo=0)                   0.000     4.000    design_1_i/clk_0/U0/clk_wiz_0/inst/clk_in1_p
    U18                  IBUFDS (Prop_ibufds_I_O)     0.983     4.983 f  design_1_i/clk_0/U0/clk_wiz_0/inst/clkin1_ibufgds/O
                         net (fo=1, routed)           2.076     7.059    design_1_i/clk_0/U0/clk_wiz_0/inst/clk_in1_clk_bd_clk_wiz_0_0_buf
    BUFGCTRL_X0Y4        BUFG (Prop_bufg_I_O)         0.102     7.161 f  design_1_i/clk_0/U0/clk_wiz_0/inst/clkin1_bufg1/O
                         net (fo=1, routed)           1.677     8.838    design_1_i/clk_0/U0/clk_wiz_0/inst/clk_in1_clk_bd_clk_wiz_0_0
    MMCME2_ADV_X0Y0      MMCME2_ADV (Prop_mmcme2_adv_CLKIN1_CLKOUT0)
                                                     -3.538     5.300 f  design_1_i/clk_0/U0/clk_wiz_0/inst/mmcm_adv_inst/CLKOUT0
                         net (fo=1, routed)           1.760     7.060    design_1_i/clk_0/U0/clk_wiz_0/inst/clk_125_clk_bd_clk_wiz_0_0
    BUFGCTRL_X0Y0        BUFG (Prop_bufg_I_O)         0.101     7.161 f  design_1_i/clk_0/U0/clk_wiz_0/inst/clkout1_buf/O
                         net (fo=2421, routed)        1.751     8.913    design_1_i/dac_0/U0/DAC_0/U0/clk_125
    OLOGIC_X0Y79         ODDR                                         f  design_1_i/dac_0/U0/DAC_0/U0/GEN_ODDR_dac_data[5].ODDR_dac_data/C
  -------------------------------------------------------------------    -------------------
    OLOGIC_X0Y79         ODDR (Prop_oddr_C_Q)         0.472     9.385 r  design_1_i/dac_0/U0/DAC_0/U0/GEN_ODDR_dac_data[5].ODDR_dac_data/Q
                         net (fo=1, routed)           0.001     9.386    dac_data_o_OBUF[5]
    J19                  OBUF (Prop_obuf_I_O)         3.202    12.587 r  dac_data_o_OBUF[5]_inst/O
                         net (fo=0)                   0.000    12.587    dac_data_o[5]
    J19                                                               r  dac_data_o[5] (OUT)
  -------------------------------------------------------------------    -------------------

Slack:                    inf
  Source:                 design_1_i/dac_0/U0/DAC_0/U0/GEN_ODDR_dac_data[13].ODDR_dac_data/C
                            (falling edge-triggered cell ODDR clocked by clk_125_clk_bd_clk_wiz_0_0  {rise@0.000ns fall@4.000ns period=8.000ns})
  Destination:            dac_data_o[13]
                            (output port)
  Path Group:             (none)
  Path Type:              Max at Slow Process Corner
  Data Path Delay:        3.661ns  (logic 3.660ns (99.973%)  route 0.001ns (0.027%))
  Logic Levels:           1  (OBUF=1)
  Clock Uncertainty:      0.162ns  ((TSJ^2 + DJ^2)^1/2) / 2 + PE
    Total System Jitter     (TSJ):    0.050ns
    Discrete Jitter          (DJ):    0.119ns
    Phase Error              (PE):    0.097ns

    Location             Delay type                Incr(ns)  Path(ns)    Netlist Resource(s)
  -------------------------------------------------------------------    -------------------
                         (clock clk_125_clk_bd_clk_wiz_0_0 fall edge)
                                                      4.000     4.000 f  
    U18                                               0.000     4.000 f  adc_clk_p_i (IN)
                         net (fo=0)                   0.000     4.000    design_1_i/clk_0/U0/clk_wiz_0/inst/clk_in1_p
    U18                  IBUFDS (Prop_ibufds_I_O)     0.983     4.983 f  design_1_i/clk_0/U0/clk_wiz_0/inst/clkin1_ibufgds/O
                         net (fo=1, routed)           2.076     7.059    design_1_i/clk_0/U0/clk_wiz_0/inst/clk_in1_clk_bd_clk_wiz_0_0_buf
    BUFGCTRL_X0Y4        BUFG (Prop_bufg_I_O)         0.102     7.161 f  design_1_i/clk_0/U0/clk_wiz_0/inst/clkin1_bufg1/O
                         net (fo=1, routed)           1.677     8.838    design_1_i/clk_0/U0/clk_wiz_0/inst/clk_in1_clk_bd_clk_wiz_0_0
    MMCME2_ADV_X0Y0      MMCME2_ADV (Prop_mmcme2_adv_CLKIN1_CLKOUT0)
                                                     -3.538     5.300 f  design_1_i/clk_0/U0/clk_wiz_0/inst/mmcm_adv_inst/CLKOUT0
                         net (fo=1, routed)           1.760     7.060    design_1_i/clk_0/U0/clk_wiz_0/inst/clk_125_clk_bd_clk_wiz_0_0
    BUFGCTRL_X0Y0        BUFG (Prop_bufg_I_O)         0.101     7.161 f  design_1_i/clk_0/U0/clk_wiz_0/inst/clkout1_buf/O
                         net (fo=2421, routed)        1.763     8.925    design_1_i/dac_0/U0/DAC_0/U0/clk_125
    OLOGIC_X0Y92         ODDR                                         f  design_1_i/dac_0/U0/DAC_0/U0/GEN_ODDR_dac_data[13].ODDR_dac_data/C
  -------------------------------------------------------------------    -------------------
    OLOGIC_X0Y92         ODDR (Prop_oddr_C_Q)         0.472     9.397 r  design_1_i/dac_0/U0/DAC_0/U0/GEN_ODDR_dac_data[13].ODDR_dac_data/Q
                         net (fo=1, routed)           0.001     9.398    dac_data_o_OBUF[13]
    D19                  OBUF (Prop_obuf_I_O)         3.188    12.585 r  dac_data_o_OBUF[13]_inst/O
                         net (fo=0)                   0.000    12.585    dac_data_o[13]
    D19                                                               r  dac_data_o[13] (OUT)
  -------------------------------------------------------------------    -------------------

Slack:                    inf
  Source:                 design_1_i/dac_0/U0/DAC_0/U0/ODDR_dac_rst/C
                            (falling edge-triggered cell ODDR clocked by clk_125_clk_bd_clk_wiz_0_0  {rise@0.000ns fall@4.000ns period=8.000ns})
  Destination:            dac_rst_o
                            (output port)
  Path Group:             (none)
  Path Type:              Max at Slow Process Corner
  Data Path Delay:        3.661ns  (logic 3.660ns (99.973%)  route 0.001ns (0.027%))
  Logic Levels:           1  (OBUF=1)
  Clock Uncertainty:      0.162ns  ((TSJ^2 + DJ^2)^1/2) / 2 + PE
    Total System Jitter     (TSJ):    0.050ns
    Discrete Jitter          (DJ):    0.119ns
    Phase Error              (PE):    0.097ns

    Location             Delay type                Incr(ns)  Path(ns)    Netlist Resource(s)
  -------------------------------------------------------------------    -------------------
                         (clock clk_125_clk_bd_clk_wiz_0_0 fall edge)
                                                      4.000     4.000 f  
    U18                                               0.000     4.000 f  adc_clk_p_i (IN)
                         net (fo=0)                   0.000     4.000    design_1_i/clk_0/U0/clk_wiz_0/inst/clk_in1_p
    U18                  IBUFDS (Prop_ibufds_I_O)     0.983     4.983 f  design_1_i/clk_0/U0/clk_wiz_0/inst/clkin1_ibufgds/O
                         net (fo=1, routed)           2.076     7.059    design_1_i/clk_0/U0/clk_wiz_0/inst/clk_in1_clk_bd_clk_wiz_0_0_buf
    BUFGCTRL_X0Y4        BUFG (Prop_bufg_I_O)         0.102     7.161 f  design_1_i/clk_0/U0/clk_wiz_0/inst/clkin1_bufg1/O
                         net (fo=1, routed)           1.677     8.838    design_1_i/clk_0/U0/clk_wiz_0/inst/clk_in1_clk_bd_clk_wiz_0_0
    MMCME2_ADV_X0Y0      MMCME2_ADV (Prop_mmcme2_adv_CLKIN1_CLKOUT0)
                                                     -3.538     5.300 f  design_1_i/clk_0/U0/clk_wiz_0/inst/mmcm_adv_inst/CLKOUT0
                         net (fo=1, routed)           1.760     7.060    design_1_i/clk_0/U0/clk_wiz_0/inst/clk_125_clk_bd_clk_wiz_0_0
    BUFGCTRL_X0Y0        BUFG (Prop_bufg_I_O)         0.101     7.161 f  design_1_i/clk_0/U0/clk_wiz_0/inst/clkout1_buf/O
                         net (fo=2421, routed)        1.763     8.925    design_1_i/dac_0/U0/DAC_0/U0/clk_125
    OLOGIC_X0Y58         ODDR                                         f  design_1_i/dac_0/U0/DAC_0/U0/ODDR_dac_rst/C
  -------------------------------------------------------------------    -------------------
    OLOGIC_X0Y58         ODDR (Prop_oddr_C_Q)         0.472     9.397 r  design_1_i/dac_0/U0/DAC_0/U0/ODDR_dac_rst/Q
                         net (fo=1, routed)           0.001     9.398    dac_rst_o_OBUF
    N15                  OBUF (Prop_obuf_I_O)         3.188    12.585 r  dac_rst_o_OBUF_inst/O
                         net (fo=0)                   0.000    12.585    dac_rst_o
    N15                                                               r  dac_rst_o (OUT)
  -------------------------------------------------------------------    -------------------

Slack:                    inf
  Source:                 design_1_i/dac_0/U0/DAC_0/U0/GEN_ODDR_dac_data[4].ODDR_dac_data/C
                            (falling edge-triggered cell ODDR clocked by clk_125_clk_bd_clk_wiz_0_0  {rise@0.000ns fall@4.000ns period=8.000ns})
  Destination:            dac_data_o[4]
                            (output port)
  Path Group:             (none)
  Path Type:              Max at Slow Process Corner
  Data Path Delay:        3.672ns  (logic 3.671ns (99.973%)  route 0.001ns (0.027%))
  Logic Levels:           1  (OBUF=1)
  Clock Uncertainty:      0.162ns  ((TSJ^2 + DJ^2)^1/2) / 2 + PE
    Total System Jitter     (TSJ):    0.050ns
    Discrete Jitter          (DJ):    0.119ns
    Phase Error              (PE):    0.097ns

    Location             Delay type                Incr(ns)  Path(ns)    Netlist Resource(s)
  -------------------------------------------------------------------    -------------------
                         (clock clk_125_clk_bd_clk_wiz_0_0 fall edge)
                                                      4.000     4.000 f  
    U18                                               0.000     4.000 f  adc_clk_p_i (IN)
                         net (fo=0)                   0.000     4.000    design_1_i/clk_0/U0/clk_wiz_0/inst/clk_in1_p
    U18                  IBUFDS (Prop_ibufds_I_O)     0.983     4.983 f  design_1_i/clk_0/U0/clk_wiz_0/inst/clkin1_ibufgds/O
                         net (fo=1, routed)           2.076     7.059    design_1_i/clk_0/U0/clk_wiz_0/inst/clk_in1_clk_bd_clk_wiz_0_0_buf
    BUFGCTRL_X0Y4        BUFG (Prop_bufg_I_O)         0.102     7.161 f  design_1_i/clk_0/U0/clk_wiz_0/inst/clkin1_bufg1/O
                         net (fo=1, routed)           1.677     8.838    design_1_i/clk_0/U0/clk_wiz_0/inst/clk_in1_clk_bd_clk_wiz_0_0
    MMCME2_ADV_X0Y0      MMCME2_ADV (Prop_mmcme2_adv_CLKIN1_CLKOUT0)
                                                     -3.538     5.300 f  design_1_i/clk_0/U0/clk_wiz_0/inst/mmcm_adv_inst/CLKOUT0
                         net (fo=1, routed)           1.760     7.060    design_1_i/clk_0/U0/clk_wiz_0/inst/clk_125_clk_bd_clk_wiz_0_0
    BUFGCTRL_X0Y0        BUFG (Prop_bufg_I_O)         0.101     7.161 f  design_1_i/clk_0/U0/clk_wiz_0/inst/clkout1_buf/O
                         net (fo=2421, routed)        1.751     8.913    design_1_i/dac_0/U0/DAC_0/U0/clk_125
    OLOGIC_X0Y80         ODDR                                         f  design_1_i/dac_0/U0/DAC_0/U0/GEN_ODDR_dac_data[4].ODDR_dac_data/C
  -------------------------------------------------------------------    -------------------
    OLOGIC_X0Y80         ODDR (Prop_oddr_C_Q)         0.472     9.385 r  design_1_i/dac_0/U0/DAC_0/U0/GEN_ODDR_dac_data[4].ODDR_dac_data/Q
                         net (fo=1, routed)           0.001     9.386    dac_data_o_OBUF[4]
    K19                  OBUF (Prop_obuf_I_O)         3.199    12.584 r  dac_data_o_OBUF[4]_inst/O
                         net (fo=0)                   0.000    12.584    dac_data_o[4]
    K19                                                               r  dac_data_o[4] (OUT)
  -------------------------------------------------------------------    -------------------

Slack:                    inf
  Source:                 design_1_i/dac_0/U0/DAC_0/U0/GEN_ODDR_dac_data[12].ODDR_dac_data/C
                            (falling edge-triggered cell ODDR clocked by clk_125_clk_bd_clk_wiz_0_0  {rise@0.000ns fall@4.000ns period=8.000ns})
  Destination:            dac_data_o[12]
                            (output port)
  Path Group:             (none)
  Path Type:              Max at Slow Process Corner
  Data Path Delay:        3.659ns  (logic 3.658ns (99.973%)  route 0.001ns (0.027%))
  Logic Levels:           1  (OBUF=1)
  Clock Uncertainty:      0.162ns  ((TSJ^2 + DJ^2)^1/2) / 2 + PE
    Total System Jitter     (TSJ):    0.050ns
    Discrete Jitter          (DJ):    0.119ns
    Phase Error              (PE):    0.097ns

    Location             Delay type                Incr(ns)  Path(ns)    Netlist Resource(s)
  -------------------------------------------------------------------    -------------------
                         (clock clk_125_clk_bd_clk_wiz_0_0 fall edge)
                                                      4.000     4.000 f  
    U18                                               0.000     4.000 f  adc_clk_p_i (IN)
                         net (fo=0)                   0.000     4.000    design_1_i/clk_0/U0/clk_wiz_0/inst/clk_in1_p
    U18                  IBUFDS (Prop_ibufds_I_O)     0.983     4.983 f  design_1_i/clk_0/U0/clk_wiz_0/inst/clkin1_ibufgds/O
                         net (fo=1, routed)           2.076     7.059    design_1_i/clk_0/U0/clk_wiz_0/inst/clk_in1_clk_bd_clk_wiz_0_0_buf
    BUFGCTRL_X0Y4        BUFG (Prop_bufg_I_O)         0.102     7.161 f  design_1_i/clk_0/U0/clk_wiz_0/inst/clkin1_bufg1/O
                         net (fo=1, routed)           1.677     8.838    design_1_i/clk_0/U0/clk_wiz_0/inst/clk_in1_clk_bd_clk_wiz_0_0
    MMCME2_ADV_X0Y0      MMCME2_ADV (Prop_mmcme2_adv_CLKIN1_CLKOUT0)
                                                     -3.538     5.300 f  design_1_i/clk_0/U0/clk_wiz_0/inst/mmcm_adv_inst/CLKOUT0
                         net (fo=1, routed)           1.760     7.060    design_1_i/clk_0/U0/clk_wiz_0/inst/clk_125_clk_bd_clk_wiz_0_0
    BUFGCTRL_X0Y0        BUFG (Prop_bufg_I_O)         0.101     7.161 f  design_1_i/clk_0/U0/clk_wiz_0/inst/clkout1_buf/O
                         net (fo=2421, routed)        1.763     8.925    design_1_i/dac_0/U0/DAC_0/U0/clk_125
    OLOGIC_X0Y91         ODDR                                         f  design_1_i/dac_0/U0/DAC_0/U0/GEN_ODDR_dac_data[12].ODDR_dac_data/C
  -------------------------------------------------------------------    -------------------
    OLOGIC_X0Y91         ODDR (Prop_oddr_C_Q)         0.472     9.397 r  design_1_i/dac_0/U0/DAC_0/U0/GEN_ODDR_dac_data[12].ODDR_dac_data/Q
                         net (fo=1, routed)           0.001     9.398    dac_data_o_OBUF[12]
    D20                  OBUF (Prop_obuf_I_O)         3.186    12.583 r  dac_data_o_OBUF[12]_inst/O
                         net (fo=0)                   0.000    12.583    dac_data_o[12]
    D20                                                               r  dac_data_o[12] (OUT)
  -------------------------------------------------------------------    -------------------

Slack:                    inf
  Source:                 design_1_i/dac_0/U0/DAC_0/U0/ODDR_dac_sel/C
                            (falling edge-triggered cell ODDR clocked by clk_125_clk_bd_clk_wiz_0_0  {rise@0.000ns fall@4.000ns period=8.000ns})
  Destination:            dac_sel_o
                            (output port)
  Path Group:             (none)
  Path Type:              Max at Slow Process Corner
  Data Path Delay:        3.658ns  (logic 3.657ns (99.973%)  route 0.001ns (0.027%))
  Logic Levels:           1  (OBUF=1)
  Clock Uncertainty:      0.162ns  ((TSJ^2 + DJ^2)^1/2) / 2 + PE
    Total System Jitter     (TSJ):    0.050ns
    Discrete Jitter          (DJ):    0.119ns
    Phase Error              (PE):    0.097ns

    Location             Delay type                Incr(ns)  Path(ns)    Netlist Resource(s)
  -------------------------------------------------------------------    -------------------
                         (clock clk_125_clk_bd_clk_wiz_0_0 fall edge)
                                                      4.000     4.000 f  
    U18                                               0.000     4.000 f  adc_clk_p_i (IN)
                         net (fo=0)                   0.000     4.000    design_1_i/clk_0/U0/clk_wiz_0/inst/clk_in1_p
    U18                  IBUFDS (Prop_ibufds_I_O)     0.983     4.983 f  design_1_i/clk_0/U0/clk_wiz_0/inst/clkin1_ibufgds/O
                         net (fo=1, routed)           2.076     7.059    design_1_i/clk_0/U0/clk_wiz_0/inst/clk_in1_clk_bd_clk_wiz_0_0_buf
    BUFGCTRL_X0Y4        BUFG (Prop_bufg_I_O)         0.102     7.161 f  design_1_i/clk_0/U0/clk_wiz_0/inst/clkin1_bufg1/O
                         net (fo=1, routed)           1.677     8.838    design_1_i/clk_0/U0/clk_wiz_0/inst/clk_in1_clk_bd_clk_wiz_0_0
    MMCME2_ADV_X0Y0      MMCME2_ADV (Prop_mmcme2_adv_CLKIN1_CLKOUT0)
                                                     -3.538     5.300 f  design_1_i/clk_0/U0/clk_wiz_0/inst/mmcm_adv_inst/CLKOUT0
                         net (fo=1, routed)           1.760     7.060    design_1_i/clk_0/U0/clk_wiz_0/inst/clk_125_clk_bd_clk_wiz_0_0
    BUFGCTRL_X0Y0        BUFG (Prop_bufg_I_O)         0.101     7.161 f  design_1_i/clk_0/U0/clk_wiz_0/inst/clkout1_buf/O
                         net (fo=2421, routed)        1.763     8.925    design_1_i/dac_0/U0/DAC_0/U0/clk_125
    OLOGIC_X0Y57         ODDR                                         f  design_1_i/dac_0/U0/DAC_0/U0/ODDR_dac_sel/C
  -------------------------------------------------------------------    -------------------
    OLOGIC_X0Y57         ODDR (Prop_oddr_C_Q)         0.472     9.397 r  design_1_i/dac_0/U0/DAC_0/U0/ODDR_dac_sel/Q
                         net (fo=1, routed)           0.001     9.398    dac_sel_o_OBUF
    N16                  OBUF (Prop_obuf_I_O)         3.185    12.583 r  dac_sel_o_OBUF_inst/O
                         net (fo=0)                   0.000    12.583    dac_sel_o
    N16                                                               r  dac_sel_o (OUT)
  -------------------------------------------------------------------    -------------------

Slack:                    inf
  Source:                 design_1_i/dac_0/U0/DAC_0/U0/GEN_ODDR_dac_data[8].ODDR_dac_data/C
                            (falling edge-triggered cell ODDR clocked by clk_125_clk_bd_clk_wiz_0_0  {rise@0.000ns fall@4.000ns period=8.000ns})
  Destination:            dac_data_o[8]
                            (output port)
  Path Group:             (none)
  Path Type:              Max at Slow Process Corner
  Data Path Delay:        3.652ns  (logic 3.651ns (99.973%)  route 0.001ns (0.027%))
  Logic Levels:           1  (OBUF=1)
  Clock Uncertainty:      0.162ns  ((TSJ^2 + DJ^2)^1/2) / 2 + PE
    Total System Jitter     (TSJ):    0.050ns
    Discrete Jitter          (DJ):    0.119ns
    Phase Error              (PE):    0.097ns

    Location             Delay type                Incr(ns)  Path(ns)    Netlist Resource(s)
  -------------------------------------------------------------------    -------------------
                         (clock clk_125_clk_bd_clk_wiz_0_0 fall edge)
                                                      4.000     4.000 f  
    U18                                               0.000     4.000 f  adc_clk_p_i (IN)
                         net (fo=0)                   0.000     4.000    design_1_i/clk_0/U0/clk_wiz_0/inst/clk_in1_p
    U18                  IBUFDS (Prop_ibufds_I_O)     0.983     4.983 f  design_1_i/clk_0/U0/clk_wiz_0/inst/clkin1_ibufgds/O
                         net (fo=1, routed)           2.076     7.059    design_1_i/clk_0/U0/clk_wiz_0/inst/clk_in1_clk_bd_clk_wiz_0_0_buf
    BUFGCTRL_X0Y4        BUFG (Prop_bufg_I_O)         0.102     7.161 f  design_1_i/clk_0/U0/clk_wiz_0/inst/clkin1_bufg1/O
                         net (fo=1, routed)           1.677     8.838    design_1_i/clk_0/U0/clk_wiz_0/inst/clk_in1_clk_bd_clk_wiz_0_0
    MMCME2_ADV_X0Y0      MMCME2_ADV (Prop_mmcme2_adv_CLKIN1_CLKOUT0)
                                                     -3.538     5.300 f  design_1_i/clk_0/U0/clk_wiz_0/inst/mmcm_adv_inst/CLKOUT0
                         net (fo=1, routed)           1.760     7.060    design_1_i/clk_0/U0/clk_wiz_0/inst/clk_125_clk_bd_clk_wiz_0_0
    BUFGCTRL_X0Y0        BUFG (Prop_bufg_I_O)         0.101     7.161 f  design_1_i/clk_0/U0/clk_wiz_0/inst/clkout1_buf/O
                         net (fo=2421, routed)        1.759     8.921    design_1_i/dac_0/U0/DAC_0/U0/clk_125
    OLOGIC_X0Y64         ODDR                                         f  design_1_i/dac_0/U0/DAC_0/U0/GEN_ODDR_dac_data[8].ODDR_dac_data/C
  -------------------------------------------------------------------    -------------------
    OLOGIC_X0Y64         ODDR (Prop_oddr_C_Q)         0.472     9.393 r  design_1_i/dac_0/U0/DAC_0/U0/GEN_ODDR_dac_data[8].ODDR_dac_data/Q
                         net (fo=1, routed)           0.001     9.394    dac_data_o_OBUF[8]
    G19                  OBUF (Prop_obuf_I_O)         3.179    12.573 r  dac_data_o_OBUF[8]_inst/O
                         net (fo=0)                   0.000    12.573    dac_data_o[8]
    G19                                                               r  dac_data_o[8] (OUT)
  -------------------------------------------------------------------    -------------------

Slack:                    inf
  Source:                 design_1_i/dac_0/U0/DAC_0/U0/GEN_ODDR_dac_data[9].ODDR_dac_data/C
                            (falling edge-triggered cell ODDR clocked by clk_125_clk_bd_clk_wiz_0_0  {rise@0.000ns fall@4.000ns period=8.000ns})
  Destination:            dac_data_o[9]
                            (output port)
  Path Group:             (none)
  Path Type:              Max at Slow Process Corner
  Data Path Delay:        3.649ns  (logic 3.648ns (99.973%)  route 0.001ns (0.027%))
  Logic Levels:           1  (OBUF=1)
  Clock Uncertainty:      0.162ns  ((TSJ^2 + DJ^2)^1/2) / 2 + PE
    Total System Jitter     (TSJ):    0.050ns
    Discrete Jitter          (DJ):    0.119ns
    Phase Error              (PE):    0.097ns

    Location             Delay type                Incr(ns)  Path(ns)    Netlist Resource(s)
  -------------------------------------------------------------------    -------------------
                         (clock clk_125_clk_bd_clk_wiz_0_0 fall edge)
                                                      4.000     4.000 f  
    U18                                               0.000     4.000 f  adc_clk_p_i (IN)
                         net (fo=0)                   0.000     4.000    design_1_i/clk_0/U0/clk_wiz_0/inst/clk_in1_p
    U18                  IBUFDS (Prop_ibufds_I_O)     0.983     4.983 f  design_1_i/clk_0/U0/clk_wiz_0/inst/clkin1_ibufgds/O
                         net (fo=1, routed)           2.076     7.059    design_1_i/clk_0/U0/clk_wiz_0/inst/clk_in1_clk_bd_clk_wiz_0_0_buf
    BUFGCTRL_X0Y4        BUFG (Prop_bufg_I_O)         0.102     7.161 f  design_1_i/clk_0/U0/clk_wiz_0/inst/clkin1_bufg1/O
                         net (fo=1, routed)           1.677     8.838    design_1_i/clk_0/U0/clk_wiz_0/inst/clk_in1_clk_bd_clk_wiz_0_0
    MMCME2_ADV_X0Y0      MMCME2_ADV (Prop_mmcme2_adv_CLKIN1_CLKOUT0)
                                                     -3.538     5.300 f  design_1_i/clk_0/U0/clk_wiz_0/inst/mmcm_adv_inst/CLKOUT0
                         net (fo=1, routed)           1.760     7.060    design_1_i/clk_0/U0/clk_wiz_0/inst/clk_125_clk_bd_clk_wiz_0_0
    BUFGCTRL_X0Y0        BUFG (Prop_bufg_I_O)         0.101     7.161 f  design_1_i/clk_0/U0/clk_wiz_0/inst/clkout1_buf/O
                         net (fo=2421, routed)        1.759     8.921    design_1_i/dac_0/U0/DAC_0/U0/clk_125
    OLOGIC_X0Y63         ODDR                                         f  design_1_i/dac_0/U0/DAC_0/U0/GEN_ODDR_dac_data[9].ODDR_dac_data/C
  -------------------------------------------------------------------    -------------------
    OLOGIC_X0Y63         ODDR (Prop_oddr_C_Q)         0.472     9.393 r  design_1_i/dac_0/U0/DAC_0/U0/GEN_ODDR_dac_data[9].ODDR_dac_data/Q
                         net (fo=1, routed)           0.001     9.394    dac_data_o_OBUF[9]
    G20                  OBUF (Prop_obuf_I_O)         3.176    12.570 r  dac_data_o_OBUF[9]_inst/O
                         net (fo=0)                   0.000    12.570    dac_data_o[9]
    G20                                                               r  dac_data_o[9] (OUT)
  -------------------------------------------------------------------    -------------------

Slack:                    inf
  Source:                 design_1_i/dac_0/U0/DAC_0/U0/GEN_ODDR_dac_data[6].ODDR_dac_data/C
                            (falling edge-triggered cell ODDR clocked by clk_125_clk_bd_clk_wiz_0_0  {rise@0.000ns fall@4.000ns period=8.000ns})
  Destination:            dac_data_o[6]
                            (output port)
  Path Group:             (none)
  Path Type:              Max at Slow Process Corner
  Data Path Delay:        3.648ns  (logic 3.647ns (99.973%)  route 0.001ns (0.027%))
  Logic Levels:           1  (OBUF=1)
  Clock Uncertainty:      0.162ns  ((TSJ^2 + DJ^2)^1/2) / 2 + PE
    Total System Jitter     (TSJ):    0.050ns
    Discrete Jitter          (DJ):    0.119ns
    Phase Error              (PE):    0.097ns

    Location             Delay type                Incr(ns)  Path(ns)    Netlist Resource(s)
  -------------------------------------------------------------------    -------------------
                         (clock clk_125_clk_bd_clk_wiz_0_0 fall edge)
                                                      4.000     4.000 f  
    U18                                               0.000     4.000 f  adc_clk_p_i (IN)
                         net (fo=0)                   0.000     4.000    design_1_i/clk_0/U0/clk_wiz_0/inst/clk_in1_p
    U18                  IBUFDS (Prop_ibufds_I_O)     0.983     4.983 f  design_1_i/clk_0/U0/clk_wiz_0/inst/clkin1_ibufgds/O
                         net (fo=1, routed)           2.076     7.059    design_1_i/clk_0/U0/clk_wiz_0/inst/clk_in1_clk_bd_clk_wiz_0_0_buf
    BUFGCTRL_X0Y4        BUFG (Prop_bufg_I_O)         0.102     7.161 f  design_1_i/clk_0/U0/clk_wiz_0/inst/clkin1_bufg1/O
                         net (fo=1, routed)           1.677     8.838    design_1_i/clk_0/U0/clk_wiz_0/inst/clk_in1_clk_bd_clk_wiz_0_0
    MMCME2_ADV_X0Y0      MMCME2_ADV (Prop_mmcme2_adv_CLKIN1_CLKOUT0)
                                                     -3.538     5.300 f  design_1_i/clk_0/U0/clk_wiz_0/inst/mmcm_adv_inst/CLKOUT0
                         net (fo=1, routed)           1.760     7.060    design_1_i/clk_0/U0/clk_wiz_0/inst/clk_125_clk_bd_clk_wiz_0_0
    BUFGCTRL_X0Y0        BUFG (Prop_bufg_I_O)         0.101     7.161 f  design_1_i/clk_0/U0/clk_wiz_0/inst/clkout1_buf/O
                         net (fo=2421, routed)        1.758     8.920    design_1_i/dac_0/U0/DAC_0/U0/clk_125
    OLOGIC_X0Y66         ODDR                                         f  design_1_i/dac_0/U0/DAC_0/U0/GEN_ODDR_dac_data[6].ODDR_dac_data/C
  -------------------------------------------------------------------    -------------------
    OLOGIC_X0Y66         ODDR (Prop_oddr_C_Q)         0.472     9.392 r  design_1_i/dac_0/U0/DAC_0/U0/GEN_ODDR_dac_data[6].ODDR_dac_data/Q
                         net (fo=1, routed)           0.001     9.393    dac_data_o_OBUF[6]
    J20                  OBUF (Prop_obuf_I_O)         3.175    12.567 r  dac_data_o_OBUF[6]_inst/O
                         net (fo=0)                   0.000    12.567    dac_data_o[6]
    J20                                                               r  dac_data_o[6] (OUT)
  -------------------------------------------------------------------    -------------------

Slack:                    inf
  Source:                 design_1_i/dac_0/U0/DAC_0/U0/GEN_ODDR_dac_data[7].ODDR_dac_data/C
                            (falling edge-triggered cell ODDR clocked by clk_125_clk_bd_clk_wiz_0_0  {rise@0.000ns fall@4.000ns period=8.000ns})
  Destination:            dac_data_o[7]
                            (output port)
  Path Group:             (none)
  Path Type:              Max at Slow Process Corner
  Data Path Delay:        3.646ns  (logic 3.645ns (99.973%)  route 0.001ns (0.027%))
  Logic Levels:           1  (OBUF=1)
  Clock Uncertainty:      0.162ns  ((TSJ^2 + DJ^2)^1/2) / 2 + PE
    Total System Jitter     (TSJ):    0.050ns
    Discrete Jitter          (DJ):    0.119ns
    Phase Error              (PE):    0.097ns

    Location             Delay type                Incr(ns)  Path(ns)    Netlist Resource(s)
  -------------------------------------------------------------------    -------------------
                         (clock clk_125_clk_bd_clk_wiz_0_0 fall edge)
                                                      4.000     4.000 f  
    U18                                               0.000     4.000 f  adc_clk_p_i (IN)
                         net (fo=0)                   0.000     4.000    design_1_i/clk_0/U0/clk_wiz_0/inst/clk_in1_p
    U18                  IBUFDS (Prop_ibufds_I_O)     0.983     4.983 f  design_1_i/clk_0/U0/clk_wiz_0/inst/clkin1_ibufgds/O
                         net (fo=1, routed)           2.076     7.059    design_1_i/clk_0/U0/clk_wiz_0/inst/clk_in1_clk_bd_clk_wiz_0_0_buf
    BUFGCTRL_X0Y4        BUFG (Prop_bufg_I_O)         0.102     7.161 f  design_1_i/clk_0/U0/clk_wiz_0/inst/clkin1_bufg1/O
                         net (fo=1, routed)           1.677     8.838    design_1_i/clk_0/U0/clk_wiz_0/inst/clk_in1_clk_bd_clk_wiz_0_0
    MMCME2_ADV_X0Y0      MMCME2_ADV (Prop_mmcme2_adv_CLKIN1_CLKOUT0)
                                                     -3.538     5.300 f  design_1_i/clk_0/U0/clk_wiz_0/inst/mmcm_adv_inst/CLKOUT0
                         net (fo=1, routed)           1.760     7.060    design_1_i/clk_0/U0/clk_wiz_0/inst/clk_125_clk_bd_clk_wiz_0_0
    BUFGCTRL_X0Y0        BUFG (Prop_bufg_I_O)         0.101     7.161 f  design_1_i/clk_0/U0/clk_wiz_0/inst/clkout1_buf/O
                         net (fo=2421, routed)        1.758     8.920    design_1_i/dac_0/U0/DAC_0/U0/clk_125
    OLOGIC_X0Y65         ODDR                                         f  design_1_i/dac_0/U0/DAC_0/U0/GEN_ODDR_dac_data[7].ODDR_dac_data/C
  -------------------------------------------------------------------    -------------------
    OLOGIC_X0Y65         ODDR (Prop_oddr_C_Q)         0.472     9.392 r  design_1_i/dac_0/U0/DAC_0/U0/GEN_ODDR_dac_data[7].ODDR_dac_data/Q
                         net (fo=1, routed)           0.001     9.393    dac_data_o_OBUF[7]
    H20                  OBUF (Prop_obuf_I_O)         3.173    12.565 r  dac_data_o_OBUF[7]_inst/O
                         net (fo=0)                   0.000    12.565    dac_data_o[7]
    H20                                                               r  dac_data_o[7] (OUT)
  -------------------------------------------------------------------    -------------------

Slack:                    inf
  Source:                 design_1_i/dac_0/U0/DAC_0/U0/GEN_ODDR_dac_data[10].ODDR_dac_data/C
                            (falling edge-triggered cell ODDR clocked by clk_125_clk_bd_clk_wiz_0_0  {rise@0.000ns fall@4.000ns period=8.000ns})
  Destination:            dac_data_o[10]
                            (output port)
  Path Group:             (none)
  Path Type:              Max at Slow Process Corner
  Data Path Delay:        3.651ns  (logic 3.650ns (99.973%)  route 0.001ns (0.027%))
  Logic Levels:           1  (OBUF=1)
  Clock Uncertainty:      0.162ns  ((TSJ^2 + DJ^2)^1/2) / 2 + PE
    Total System Jitter     (TSJ):    0.050ns
    Discrete Jitter          (DJ):    0.119ns
    Phase Error              (PE):    0.097ns

    Location             Delay type                Incr(ns)  Path(ns)    Netlist Resource(s)
  -------------------------------------------------------------------    -------------------
                         (clock clk_125_clk_bd_clk_wiz_0_0 fall edge)
                                                      4.000     4.000 f  
    U18                                               0.000     4.000 f  adc_clk_p_i (IN)
                         net (fo=0)                   0.000     4.000    design_1_i/clk_0/U0/clk_wiz_0/inst/clk_in1_p
    U18                  IBUFDS (Prop_ibufds_I_O)     0.983     4.983 f  design_1_i/clk_0/U0/clk_wiz_0/inst/clkin1_ibufgds/O
                         net (fo=1, routed)           2.076     7.059    design_1_i/clk_0/U0/clk_wiz_0/inst/clk_in1_clk_bd_clk_wiz_0_0_buf
    BUFGCTRL_X0Y4        BUFG (Prop_bufg_I_O)         0.102     7.161 f  design_1_i/clk_0/U0/clk_wiz_0/inst/clkin1_bufg1/O
                         net (fo=1, routed)           1.677     8.838    design_1_i/clk_0/U0/clk_wiz_0/inst/clk_in1_clk_bd_clk_wiz_0_0
    MMCME2_ADV_X0Y0      MMCME2_ADV (Prop_mmcme2_adv_CLKIN1_CLKOUT0)
                                                     -3.538     5.300 f  design_1_i/clk_0/U0/clk_wiz_0/inst/mmcm_adv_inst/CLKOUT0
                         net (fo=1, routed)           1.760     7.060    design_1_i/clk_0/U0/clk_wiz_0/inst/clk_125_clk_bd_clk_wiz_0_0
    BUFGCTRL_X0Y0        BUFG (Prop_bufg_I_O)         0.101     7.161 f  design_1_i/clk_0/U0/clk_wiz_0/inst/clkout1_buf/O
                         net (fo=2421, routed)        1.751     8.913    design_1_i/dac_0/U0/DAC_0/U0/clk_125
    OLOGIC_X0Y70         ODDR                                         f  design_1_i/dac_0/U0/DAC_0/U0/GEN_ODDR_dac_data[10].ODDR_dac_data/C
  -------------------------------------------------------------------    -------------------
    OLOGIC_X0Y70         ODDR (Prop_oddr_C_Q)         0.472     9.385 r  design_1_i/dac_0/U0/DAC_0/U0/GEN_ODDR_dac_data[10].ODDR_dac_data/Q
                         net (fo=1, routed)           0.001     9.386    dac_data_o_OBUF[10]
    F19                  OBUF (Prop_obuf_I_O)         3.178    12.564 r  dac_data_o_OBUF[10]_inst/O
                         net (fo=0)                   0.000    12.564    dac_data_o[10]
    F19                                                               r  dac_data_o[10] (OUT)
  -------------------------------------------------------------------    -------------------

Slack:                    inf
  Source:                 design_1_i/dac_0/U0/DAC_0/U0/GEN_ODDR_dac_data[11].ODDR_dac_data/C
                            (falling edge-triggered cell ODDR clocked by clk_125_clk_bd_clk_wiz_0_0  {rise@0.000ns fall@4.000ns period=8.000ns})
  Destination:            dac_data_o[11]
                            (output port)
  Path Group:             (none)
  Path Type:              Max at Slow Process Corner
  Data Path Delay:        3.651ns  (logic 3.650ns (99.973%)  route 0.001ns (0.027%))
  Logic Levels:           1  (OBUF=1)
  Clock Uncertainty:      0.162ns  ((TSJ^2 + DJ^2)^1/2) / 2 + PE
    Total System Jitter     (TSJ):    0.050ns
    Discrete Jitter          (DJ):    0.119ns
    Phase Error              (PE):    0.097ns

    Location             Delay type                Incr(ns)  Path(ns)    Netlist Resource(s)
  -------------------------------------------------------------------    -------------------
                         (clock clk_125_clk_bd_clk_wiz_0_0 fall edge)
                                                      4.000     4.000 f  
    U18                                               0.000     4.000 f  adc_clk_p_i (IN)
                         net (fo=0)                   0.000     4.000    design_1_i/clk_0/U0/clk_wiz_0/inst/clk_in1_p
    U18                  IBUFDS (Prop_ibufds_I_O)     0.983     4.983 f  design_1_i/clk_0/U0/clk_wiz_0/inst/clkin1_ibufgds/O
                         net (fo=1, routed)           2.076     7.059    design_1_i/clk_0/U0/clk_wiz_0/inst/clk_in1_clk_bd_clk_wiz_0_0_buf
    BUFGCTRL_X0Y4        BUFG (Prop_bufg_I_O)         0.102     7.161 f  design_1_i/clk_0/U0/clk_wiz_0/inst/clkin1_bufg1/O
                         net (fo=1, routed)           1.677     8.838    design_1_i/clk_0/U0/clk_wiz_0/inst/clk_in1_clk_bd_clk_wiz_0_0
    MMCME2_ADV_X0Y0      MMCME2_ADV (Prop_mmcme2_adv_CLKIN1_CLKOUT0)
                                                     -3.538     5.300 f  design_1_i/clk_0/U0/clk_wiz_0/inst/mmcm_adv_inst/CLKOUT0
                         net (fo=1, routed)           1.760     7.060    design_1_i/clk_0/U0/clk_wiz_0/inst/clk_125_clk_bd_clk_wiz_0_0
    BUFGCTRL_X0Y0        BUFG (Prop_bufg_I_O)         0.101     7.161 f  design_1_i/clk_0/U0/clk_wiz_0/inst/clkout1_buf/O
                         net (fo=2421, routed)        1.751     8.913    design_1_i/dac_0/U0/DAC_0/U0/clk_125
    OLOGIC_X0Y69         ODDR                                         f  design_1_i/dac_0/U0/DAC_0/U0/GEN_ODDR_dac_data[11].ODDR_dac_data/C
  -------------------------------------------------------------------    -------------------
    OLOGIC_X0Y69         ODDR (Prop_oddr_C_Q)         0.472     9.385 r  design_1_i/dac_0/U0/DAC_0/U0/GEN_ODDR_dac_data[11].ODDR_dac_data/Q
                         net (fo=1, routed)           0.001     9.386    dac_data_o_OBUF[11]
    F20                  OBUF (Prop_obuf_I_O)         3.178    12.563 r  dac_data_o_OBUF[11]_inst/O
                         net (fo=0)                   0.000    12.563    dac_data_o[11]
    F20                                                               r  dac_data_o[11] (OUT)
  -------------------------------------------------------------------    -------------------





Min Delay Paths
--------------------------------------------------------------------------------------
Slack:                    inf
  Source:                 design_1_i/dac_0/U0/DAC_0/U0/GEN_ODDR_dac_data[7].ODDR_dac_data/C
                            (rising edge-triggered cell ODDR clocked by clk_125_clk_bd_clk_wiz_0_0  {rise@0.000ns fall@4.000ns period=8.000ns})
  Destination:            dac_data_o[7]
                            (output port)
  Path Group:             (none)
  Path Type:              Min at Fast Process Corner
  Data Path Delay:        1.515ns  (logic 1.514ns (99.934%)  route 0.001ns (0.066%))
  Logic Levels:           1  (OBUF=1)
  Clock Uncertainty:      0.162ns  ((TSJ^2 + DJ^2)^1/2) / 2 + PE
    Total System Jitter     (TSJ):    0.050ns
    Discrete Jitter          (DJ):    0.119ns
    Phase Error              (PE):    0.097ns

    Location             Delay type                Incr(ns)  Path(ns)    Netlist Resource(s)
  -------------------------------------------------------------------    -------------------
                         (clock clk_125_clk_bd_clk_wiz_0_0 rise edge)
                                                      0.000     0.000 r  
    U18                                               0.000     0.000 r  adc_clk_p_i (IN)
                         net (fo=0)                   0.000     0.000    design_1_i/clk_0/U0/clk_wiz_0/inst/clk_in1_p
    U18                  IBUFDS (Prop_ibufds_I_O)     0.401     0.401 r  design_1_i/clk_0/U0/clk_wiz_0/inst/clkin1_ibufgds/O
                         net (fo=1, routed)           0.627     1.029    design_1_i/clk_0/U0/clk_wiz_0/inst/clk_in1_clk_bd_clk_wiz_0_0_buf
    BUFGCTRL_X0Y4        BUFG (Prop_bufg_I_O)         0.027     1.056 r  design_1_i/clk_0/U0/clk_wiz_0/inst/clkin1_bufg1/O
                         net (fo=1, routed)           0.546     1.601    design_1_i/clk_0/U0/clk_wiz_0/inst/clk_in1_clk_bd_clk_wiz_0_0
    MMCME2_ADV_X0Y0      MMCME2_ADV (Prop_mmcme2_adv_CLKIN1_CLKOUT0)
                                                     -1.053     0.548 r  design_1_i/clk_0/U0/clk_wiz_0/inst/mmcm_adv_inst/CLKOUT0
                         net (fo=1, routed)           0.482     1.030    design_1_i/clk_0/U0/clk_wiz_0/inst/clk_125_clk_bd_clk_wiz_0_0
    BUFGCTRL_X0Y0        BUFG (Prop_bufg_I_O)         0.026     1.056 r  design_1_i/clk_0/U0/clk_wiz_0/inst/clkout1_buf/O
                         net (fo=2421, routed)        0.578     1.633    design_1_i/dac_0/U0/DAC_0/U0/clk_125
    OLOGIC_X0Y65         ODDR                                         r  design_1_i/dac_0/U0/DAC_0/U0/GEN_ODDR_dac_data[7].ODDR_dac_data/C
  -------------------------------------------------------------------    -------------------
    OLOGIC_X0Y65         ODDR (Prop_oddr_C_Q)         0.177     1.810 r  design_1_i/dac_0/U0/DAC_0/U0/GEN_ODDR_dac_data[7].ODDR_dac_data/Q
                         net (fo=1, routed)           0.001     1.811    dac_data_o_OBUF[7]
    H20                  OBUF (Prop_obuf_I_O)         1.337     3.148 r  dac_data_o_OBUF[7]_inst/O
                         net (fo=0)                   0.000     3.148    dac_data_o[7]
    H20                                                               r  dac_data_o[7] (OUT)
  -------------------------------------------------------------------    -------------------

Slack:                    inf
  Source:                 design_1_i/dac_0/U0/DAC_0/U0/GEN_ODDR_dac_data[11].ODDR_dac_data/C
                            (rising edge-triggered cell ODDR clocked by clk_125_clk_bd_clk_wiz_0_0  {rise@0.000ns fall@4.000ns period=8.000ns})
  Destination:            dac_data_o[11]
                            (output port)
  Path Group:             (none)
  Path Type:              Min at Fast Process Corner
  Data Path Delay:        1.520ns  (logic 1.519ns (99.934%)  route 0.001ns (0.066%))
  Logic Levels:           1  (OBUF=1)
  Clock Uncertainty:      0.162ns  ((TSJ^2 + DJ^2)^1/2) / 2 + PE
    Total System Jitter     (TSJ):    0.050ns
    Discrete Jitter          (DJ):    0.119ns
    Phase Error              (PE):    0.097ns

    Location             Delay type                Incr(ns)  Path(ns)    Netlist Resource(s)
  -------------------------------------------------------------------    -------------------
                         (clock clk_125_clk_bd_clk_wiz_0_0 rise edge)
                                                      0.000     0.000 r  
    U18                                               0.000     0.000 r  adc_clk_p_i (IN)
                         net (fo=0)                   0.000     0.000    design_1_i/clk_0/U0/clk_wiz_0/inst/clk_in1_p
    U18                  IBUFDS (Prop_ibufds_I_O)     0.401     0.401 r  design_1_i/clk_0/U0/clk_wiz_0/inst/clkin1_ibufgds/O
                         net (fo=1, routed)           0.627     1.029    design_1_i/clk_0/U0/clk_wiz_0/inst/clk_in1_clk_bd_clk_wiz_0_0_buf
    BUFGCTRL_X0Y4        BUFG (Prop_bufg_I_O)         0.027     1.056 r  design_1_i/clk_0/U0/clk_wiz_0/inst/clkin1_bufg1/O
                         net (fo=1, routed)           0.546     1.601    design_1_i/clk_0/U0/clk_wiz_0/inst/clk_in1_clk_bd_clk_wiz_0_0
    MMCME2_ADV_X0Y0      MMCME2_ADV (Prop_mmcme2_adv_CLKIN1_CLKOUT0)
                                                     -1.053     0.548 r  design_1_i/clk_0/U0/clk_wiz_0/inst/mmcm_adv_inst/CLKOUT0
                         net (fo=1, routed)           0.482     1.030    design_1_i/clk_0/U0/clk_wiz_0/inst/clk_125_clk_bd_clk_wiz_0_0
    BUFGCTRL_X0Y0        BUFG (Prop_bufg_I_O)         0.026     1.056 r  design_1_i/clk_0/U0/clk_wiz_0/inst/clkout1_buf/O
                         net (fo=2421, routed)        0.574     1.629    design_1_i/dac_0/U0/DAC_0/U0/clk_125
    OLOGIC_X0Y69         ODDR                                         r  design_1_i/dac_0/U0/DAC_0/U0/GEN_ODDR_dac_data[11].ODDR_dac_data/C
  -------------------------------------------------------------------    -------------------
    OLOGIC_X0Y69         ODDR (Prop_oddr_C_Q)         0.177     1.806 r  design_1_i/dac_0/U0/DAC_0/U0/GEN_ODDR_dac_data[11].ODDR_dac_data/Q
                         net (fo=1, routed)           0.001     1.807    dac_data_o_OBUF[11]
    F20                  OBUF (Prop_obuf_I_O)         1.342     3.149 r  dac_data_o_OBUF[11]_inst/O
                         net (fo=0)                   0.000     3.149    dac_data_o[11]
    F20                                                               r  dac_data_o[11] (OUT)
  -------------------------------------------------------------------    -------------------

Slack:                    inf
  Source:                 design_1_i/dac_0/U0/DAC_0/U0/GEN_ODDR_dac_data[10].ODDR_dac_data/C
                            (rising edge-triggered cell ODDR clocked by clk_125_clk_bd_clk_wiz_0_0  {rise@0.000ns fall@4.000ns period=8.000ns})
  Destination:            dac_data_o[10]
                            (output port)
  Path Group:             (none)
  Path Type:              Min at Fast Process Corner
  Data Path Delay:        1.520ns  (logic 1.519ns (99.934%)  route 0.001ns (0.066%))
  Logic Levels:           1  (OBUF=1)
  Clock Uncertainty:      0.162ns  ((TSJ^2 + DJ^2)^1/2) / 2 + PE
    Total System Jitter     (TSJ):    0.050ns
    Discrete Jitter          (DJ):    0.119ns
    Phase Error              (PE):    0.097ns

    Location             Delay type                Incr(ns)  Path(ns)    Netlist Resource(s)
  -------------------------------------------------------------------    -------------------
                         (clock clk_125_clk_bd_clk_wiz_0_0 rise edge)
                                                      0.000     0.000 r  
    U18                                               0.000     0.000 r  adc_clk_p_i (IN)
                         net (fo=0)                   0.000     0.000    design_1_i/clk_0/U0/clk_wiz_0/inst/clk_in1_p
    U18                  IBUFDS (Prop_ibufds_I_O)     0.401     0.401 r  design_1_i/clk_0/U0/clk_wiz_0/inst/clkin1_ibufgds/O
                         net (fo=1, routed)           0.627     1.029    design_1_i/clk_0/U0/clk_wiz_0/inst/clk_in1_clk_bd_clk_wiz_0_0_buf
    BUFGCTRL_X0Y4        BUFG (Prop_bufg_I_O)         0.027     1.056 r  design_1_i/clk_0/U0/clk_wiz_0/inst/clkin1_bufg1/O
                         net (fo=1, routed)           0.546     1.601    design_1_i/clk_0/U0/clk_wiz_0/inst/clk_in1_clk_bd_clk_wiz_0_0
    MMCME2_ADV_X0Y0      MMCME2_ADV (Prop_mmcme2_adv_CLKIN1_CLKOUT0)
                                                     -1.053     0.548 r  design_1_i/clk_0/U0/clk_wiz_0/inst/mmcm_adv_inst/CLKOUT0
                         net (fo=1, routed)           0.482     1.030    design_1_i/clk_0/U0/clk_wiz_0/inst/clk_125_clk_bd_clk_wiz_0_0
    BUFGCTRL_X0Y0        BUFG (Prop_bufg_I_O)         0.026     1.056 r  design_1_i/clk_0/U0/clk_wiz_0/inst/clkout1_buf/O
                         net (fo=2421, routed)        0.574     1.629    design_1_i/dac_0/U0/DAC_0/U0/clk_125
    OLOGIC_X0Y70         ODDR                                         r  design_1_i/dac_0/U0/DAC_0/U0/GEN_ODDR_dac_data[10].ODDR_dac_data/C
  -------------------------------------------------------------------    -------------------
    OLOGIC_X0Y70         ODDR (Prop_oddr_C_Q)         0.177     1.806 r  design_1_i/dac_0/U0/DAC_0/U0/GEN_ODDR_dac_data[10].ODDR_dac_data/Q
                         net (fo=1, routed)           0.001     1.807    dac_data_o_OBUF[10]
    F19                  OBUF (Prop_obuf_I_O)         1.342     3.149 r  dac_data_o_OBUF[10]_inst/O
                         net (fo=0)                   0.000     3.149    dac_data_o[10]
    F19                                                               r  dac_data_o[10] (OUT)
  -------------------------------------------------------------------    -------------------

Slack:                    inf
  Source:                 design_1_i/dac_0/U0/DAC_0/U0/GEN_ODDR_dac_data[6].ODDR_dac_data/C
                            (rising edge-triggered cell ODDR clocked by clk_125_clk_bd_clk_wiz_0_0  {rise@0.000ns fall@4.000ns period=8.000ns})
  Destination:            dac_data_o[6]
                            (output port)
  Path Group:             (none)
  Path Type:              Min at Fast Process Corner
  Data Path Delay:        1.517ns  (logic 1.516ns (99.934%)  route 0.001ns (0.066%))
  Logic Levels:           1  (OBUF=1)
  Clock Uncertainty:      0.162ns  ((TSJ^2 + DJ^2)^1/2) / 2 + PE
    Total System Jitter     (TSJ):    0.050ns
    Discrete Jitter          (DJ):    0.119ns
    Phase Error              (PE):    0.097ns

    Location             Delay type                Incr(ns)  Path(ns)    Netlist Resource(s)
  -------------------------------------------------------------------    -------------------
                         (clock clk_125_clk_bd_clk_wiz_0_0 rise edge)
                                                      0.000     0.000 r  
    U18                                               0.000     0.000 r  adc_clk_p_i (IN)
                         net (fo=0)                   0.000     0.000    design_1_i/clk_0/U0/clk_wiz_0/inst/clk_in1_p
    U18                  IBUFDS (Prop_ibufds_I_O)     0.401     0.401 r  design_1_i/clk_0/U0/clk_wiz_0/inst/clkin1_ibufgds/O
                         net (fo=1, routed)           0.627     1.029    design_1_i/clk_0/U0/clk_wiz_0/inst/clk_in1_clk_bd_clk_wiz_0_0_buf
    BUFGCTRL_X0Y4        BUFG (Prop_bufg_I_O)         0.027     1.056 r  design_1_i/clk_0/U0/clk_wiz_0/inst/clkin1_bufg1/O
                         net (fo=1, routed)           0.546     1.601    design_1_i/clk_0/U0/clk_wiz_0/inst/clk_in1_clk_bd_clk_wiz_0_0
    MMCME2_ADV_X0Y0      MMCME2_ADV (Prop_mmcme2_adv_CLKIN1_CLKOUT0)
                                                     -1.053     0.548 r  design_1_i/clk_0/U0/clk_wiz_0/inst/mmcm_adv_inst/CLKOUT0
                         net (fo=1, routed)           0.482     1.030    design_1_i/clk_0/U0/clk_wiz_0/inst/clk_125_clk_bd_clk_wiz_0_0
    BUFGCTRL_X0Y0        BUFG (Prop_bufg_I_O)         0.026     1.056 r  design_1_i/clk_0/U0/clk_wiz_0/inst/clkout1_buf/O
                         net (fo=2421, routed)        0.578     1.633    design_1_i/dac_0/U0/DAC_0/U0/clk_125
    OLOGIC_X0Y66         ODDR                                         r  design_1_i/dac_0/U0/DAC_0/U0/GEN_ODDR_dac_data[6].ODDR_dac_data/C
  -------------------------------------------------------------------    -------------------
    OLOGIC_X0Y66         ODDR (Prop_oddr_C_Q)         0.177     1.810 r  design_1_i/dac_0/U0/DAC_0/U0/GEN_ODDR_dac_data[6].ODDR_dac_data/Q
                         net (fo=1, routed)           0.001     1.811    dac_data_o_OBUF[6]
    J20                  OBUF (Prop_obuf_I_O)         1.339     3.150 r  dac_data_o_OBUF[6]_inst/O
                         net (fo=0)                   0.000     3.150    dac_data_o[6]
    J20                                                               r  dac_data_o[6] (OUT)
  -------------------------------------------------------------------    -------------------

Slack:                    inf
  Source:                 design_1_i/dac_0/U0/DAC_0/U0/GEN_ODDR_dac_data[9].ODDR_dac_data/C
                            (rising edge-triggered cell ODDR clocked by clk_125_clk_bd_clk_wiz_0_0  {rise@0.000ns fall@4.000ns period=8.000ns})
  Destination:            dac_data_o[9]
                            (output port)
  Path Group:             (none)
  Path Type:              Min at Fast Process Corner
  Data Path Delay:        1.518ns  (logic 1.517ns (99.934%)  route 0.001ns (0.066%))
  Logic Levels:           1  (OBUF=1)
  Clock Uncertainty:      0.162ns  ((TSJ^2 + DJ^2)^1/2) / 2 + PE
    Total System Jitter     (TSJ):    0.050ns
    Discrete Jitter          (DJ):    0.119ns
    Phase Error              (PE):    0.097ns

    Location             Delay type                Incr(ns)  Path(ns)    Netlist Resource(s)
  -------------------------------------------------------------------    -------------------
                         (clock clk_125_clk_bd_clk_wiz_0_0 rise edge)
                                                      0.000     0.000 r  
    U18                                               0.000     0.000 r  adc_clk_p_i (IN)
                         net (fo=0)                   0.000     0.000    design_1_i/clk_0/U0/clk_wiz_0/inst/clk_in1_p
    U18                  IBUFDS (Prop_ibufds_I_O)     0.401     0.401 r  design_1_i/clk_0/U0/clk_wiz_0/inst/clkin1_ibufgds/O
                         net (fo=1, routed)           0.627     1.029    design_1_i/clk_0/U0/clk_wiz_0/inst/clk_in1_clk_bd_clk_wiz_0_0_buf
    BUFGCTRL_X0Y4        BUFG (Prop_bufg_I_O)         0.027     1.056 r  design_1_i/clk_0/U0/clk_wiz_0/inst/clkin1_bufg1/O
                         net (fo=1, routed)           0.546     1.601    design_1_i/clk_0/U0/clk_wiz_0/inst/clk_in1_clk_bd_clk_wiz_0_0
    MMCME2_ADV_X0Y0      MMCME2_ADV (Prop_mmcme2_adv_CLKIN1_CLKOUT0)
                                                     -1.053     0.548 r  design_1_i/clk_0/U0/clk_wiz_0/inst/mmcm_adv_inst/CLKOUT0
                         net (fo=1, routed)           0.482     1.030    design_1_i/clk_0/U0/clk_wiz_0/inst/clk_125_clk_bd_clk_wiz_0_0
    BUFGCTRL_X0Y0        BUFG (Prop_bufg_I_O)         0.026     1.056 r  design_1_i/clk_0/U0/clk_wiz_0/inst/clkout1_buf/O
                         net (fo=2421, routed)        0.578     1.633    design_1_i/dac_0/U0/DAC_0/U0/clk_125
    OLOGIC_X0Y63         ODDR                                         r  design_1_i/dac_0/U0/DAC_0/U0/GEN_ODDR_dac_data[9].ODDR_dac_data/C
  -------------------------------------------------------------------    -------------------
    OLOGIC_X0Y63         ODDR (Prop_oddr_C_Q)         0.177     1.810 r  design_1_i/dac_0/U0/DAC_0/U0/GEN_ODDR_dac_data[9].ODDR_dac_data/Q
                         net (fo=1, routed)           0.001     1.811    dac_data_o_OBUF[9]
    G20                  OBUF (Prop_obuf_I_O)         1.340     3.151 r  dac_data_o_OBUF[9]_inst/O
                         net (fo=0)                   0.000     3.151    dac_data_o[9]
    G20                                                               r  dac_data_o[9] (OUT)
  -------------------------------------------------------------------    -------------------

Slack:                    inf
  Source:                 design_1_i/dac_0/U0/DAC_0/U0/GEN_ODDR_dac_data[8].ODDR_dac_data/C
                            (rising edge-triggered cell ODDR clocked by clk_125_clk_bd_clk_wiz_0_0  {rise@0.000ns fall@4.000ns period=8.000ns})
  Destination:            dac_data_o[8]
                            (output port)
  Path Group:             (none)
  Path Type:              Min at Fast Process Corner
  Data Path Delay:        1.521ns  (logic 1.520ns (99.934%)  route 0.001ns (0.066%))
  Logic Levels:           1  (OBUF=1)
  Clock Uncertainty:      0.162ns  ((TSJ^2 + DJ^2)^1/2) / 2 + PE
    Total System Jitter     (TSJ):    0.050ns
    Discrete Jitter          (DJ):    0.119ns
    Phase Error              (PE):    0.097ns

    Location             Delay type                Incr(ns)  Path(ns)    Netlist Resource(s)
  -------------------------------------------------------------------    -------------------
                         (clock clk_125_clk_bd_clk_wiz_0_0 rise edge)
                                                      0.000     0.000 r  
    U18                                               0.000     0.000 r  adc_clk_p_i (IN)
                         net (fo=0)                   0.000     0.000    design_1_i/clk_0/U0/clk_wiz_0/inst/clk_in1_p
    U18                  IBUFDS (Prop_ibufds_I_O)     0.401     0.401 r  design_1_i/clk_0/U0/clk_wiz_0/inst/clkin1_ibufgds/O
                         net (fo=1, routed)           0.627     1.029    design_1_i/clk_0/U0/clk_wiz_0/inst/clk_in1_clk_bd_clk_wiz_0_0_buf
    BUFGCTRL_X0Y4        BUFG (Prop_bufg_I_O)         0.027     1.056 r  design_1_i/clk_0/U0/clk_wiz_0/inst/clkin1_bufg1/O
                         net (fo=1, routed)           0.546     1.601    design_1_i/clk_0/U0/clk_wiz_0/inst/clk_in1_clk_bd_clk_wiz_0_0
    MMCME2_ADV_X0Y0      MMCME2_ADV (Prop_mmcme2_adv_CLKIN1_CLKOUT0)
                                                     -1.053     0.548 r  design_1_i/clk_0/U0/clk_wiz_0/inst/mmcm_adv_inst/CLKOUT0
                         net (fo=1, routed)           0.482     1.030    design_1_i/clk_0/U0/clk_wiz_0/inst/clk_125_clk_bd_clk_wiz_0_0
    BUFGCTRL_X0Y0        BUFG (Prop_bufg_I_O)         0.026     1.056 r  design_1_i/clk_0/U0/clk_wiz_0/inst/clkout1_buf/O
                         net (fo=2421, routed)        0.578     1.633    design_1_i/dac_0/U0/DAC_0/U0/clk_125
    OLOGIC_X0Y64         ODDR                                         r  design_1_i/dac_0/U0/DAC_0/U0/GEN_ODDR_dac_data[8].ODDR_dac_data/C
  -------------------------------------------------------------------    -------------------
    OLOGIC_X0Y64         ODDR (Prop_oddr_C_Q)         0.177     1.810 r  design_1_i/dac_0/U0/DAC_0/U0/GEN_ODDR_dac_data[8].ODDR_dac_data/Q
                         net (fo=1, routed)           0.001     1.811    dac_data_o_OBUF[8]
    G19                  OBUF (Prop_obuf_I_O)         1.343     3.154 r  dac_data_o_OBUF[8]_inst/O
                         net (fo=0)                   0.000     3.154    dac_data_o[8]
    G19                                                               r  dac_data_o[8] (OUT)
  -------------------------------------------------------------------    -------------------

Slack:                    inf
  Source:                 design_1_i/dac_0/U0/DAC_0/U0/ODDR_dac_sel/C
                            (rising edge-triggered cell ODDR clocked by clk_125_clk_bd_clk_wiz_0_0  {rise@0.000ns fall@4.000ns period=8.000ns})
  Destination:            dac_sel_o
                            (output port)
  Path Group:             (none)
  Path Type:              Min at Fast Process Corner
  Data Path Delay:        1.527ns  (logic 1.526ns (99.935%)  route 0.001ns (0.065%))
  Logic Levels:           1  (OBUF=1)
  Clock Uncertainty:      0.162ns  ((TSJ^2 + DJ^2)^1/2) / 2 + PE
    Total System Jitter     (TSJ):    0.050ns
    Discrete Jitter          (DJ):    0.119ns
    Phase Error              (PE):    0.097ns

    Location             Delay type                Incr(ns)  Path(ns)    Netlist Resource(s)
  -------------------------------------------------------------------    -------------------
                         (clock clk_125_clk_bd_clk_wiz_0_0 rise edge)
                                                      0.000     0.000 r  
    U18                                               0.000     0.000 r  adc_clk_p_i (IN)
                         net (fo=0)                   0.000     0.000    design_1_i/clk_0/U0/clk_wiz_0/inst/clk_in1_p
    U18                  IBUFDS (Prop_ibufds_I_O)     0.401     0.401 r  design_1_i/clk_0/U0/clk_wiz_0/inst/clkin1_ibufgds/O
                         net (fo=1, routed)           0.627     1.029    design_1_i/clk_0/U0/clk_wiz_0/inst/clk_in1_clk_bd_clk_wiz_0_0_buf
    BUFGCTRL_X0Y4        BUFG (Prop_bufg_I_O)         0.027     1.056 r  design_1_i/clk_0/U0/clk_wiz_0/inst/clkin1_bufg1/O
                         net (fo=1, routed)           0.546     1.601    design_1_i/clk_0/U0/clk_wiz_0/inst/clk_in1_clk_bd_clk_wiz_0_0
    MMCME2_ADV_X0Y0      MMCME2_ADV (Prop_mmcme2_adv_CLKIN1_CLKOUT0)
                                                     -1.053     0.548 r  design_1_i/clk_0/U0/clk_wiz_0/inst/mmcm_adv_inst/CLKOUT0
                         net (fo=1, routed)           0.482     1.030    design_1_i/clk_0/U0/clk_wiz_0/inst/clk_125_clk_bd_clk_wiz_0_0
    BUFGCTRL_X0Y0        BUFG (Prop_bufg_I_O)         0.026     1.056 r  design_1_i/clk_0/U0/clk_wiz_0/inst/clkout1_buf/O
                         net (fo=2421, routed)        0.580     1.635    design_1_i/dac_0/U0/DAC_0/U0/clk_125
    OLOGIC_X0Y57         ODDR                                         r  design_1_i/dac_0/U0/DAC_0/U0/ODDR_dac_sel/C
  -------------------------------------------------------------------    -------------------
    OLOGIC_X0Y57         ODDR (Prop_oddr_C_Q)         0.177     1.812 r  design_1_i/dac_0/U0/DAC_0/U0/ODDR_dac_sel/Q
                         net (fo=1, routed)           0.001     1.813    dac_sel_o_OBUF
    N16                  OBUF (Prop_obuf_I_O)         1.349     3.162 r  dac_sel_o_OBUF_inst/O
                         net (fo=0)                   0.000     3.162    dac_sel_o
    N16                                                               r  dac_sel_o (OUT)
  -------------------------------------------------------------------    -------------------

Slack:                    inf
  Source:                 design_1_i/dac_0/U0/DAC_0/U0/GEN_ODDR_dac_data[12].ODDR_dac_data/C
                            (rising edge-triggered cell ODDR clocked by clk_125_clk_bd_clk_wiz_0_0  {rise@0.000ns fall@4.000ns period=8.000ns})
  Destination:            dac_data_o[12]
                            (output port)
  Path Group:             (none)
  Path Type:              Min at Fast Process Corner
  Data Path Delay:        1.528ns  (logic 1.527ns (99.935%)  route 0.001ns (0.065%))
  Logic Levels:           1  (OBUF=1)
  Clock Uncertainty:      0.162ns  ((TSJ^2 + DJ^2)^1/2) / 2 + PE
    Total System Jitter     (TSJ):    0.050ns
    Discrete Jitter          (DJ):    0.119ns
    Phase Error              (PE):    0.097ns

    Location             Delay type                Incr(ns)  Path(ns)    Netlist Resource(s)
  -------------------------------------------------------------------    -------------------
                         (clock clk_125_clk_bd_clk_wiz_0_0 rise edge)
                                                      0.000     0.000 r  
    U18                                               0.000     0.000 r  adc_clk_p_i (IN)
                         net (fo=0)                   0.000     0.000    design_1_i/clk_0/U0/clk_wiz_0/inst/clk_in1_p
    U18                  IBUFDS (Prop_ibufds_I_O)     0.401     0.401 r  design_1_i/clk_0/U0/clk_wiz_0/inst/clkin1_ibufgds/O
                         net (fo=1, routed)           0.627     1.029    design_1_i/clk_0/U0/clk_wiz_0/inst/clk_in1_clk_bd_clk_wiz_0_0_buf
    BUFGCTRL_X0Y4        BUFG (Prop_bufg_I_O)         0.027     1.056 r  design_1_i/clk_0/U0/clk_wiz_0/inst/clkin1_bufg1/O
                         net (fo=1, routed)           0.546     1.601    design_1_i/clk_0/U0/clk_wiz_0/inst/clk_in1_clk_bd_clk_wiz_0_0
    MMCME2_ADV_X0Y0      MMCME2_ADV (Prop_mmcme2_adv_CLKIN1_CLKOUT0)
                                                     -1.053     0.548 r  design_1_i/clk_0/U0/clk_wiz_0/inst/mmcm_adv_inst/CLKOUT0
                         net (fo=1, routed)           0.482     1.030    design_1_i/clk_0/U0/clk_wiz_0/inst/clk_125_clk_bd_clk_wiz_0_0
    BUFGCTRL_X0Y0        BUFG (Prop_bufg_I_O)         0.026     1.056 r  design_1_i/clk_0/U0/clk_wiz_0/inst/clkout1_buf/O
                         net (fo=2421, routed)        0.580     1.635    design_1_i/dac_0/U0/DAC_0/U0/clk_125
    OLOGIC_X0Y91         ODDR                                         r  design_1_i/dac_0/U0/DAC_0/U0/GEN_ODDR_dac_data[12].ODDR_dac_data/C
  -------------------------------------------------------------------    -------------------
    OLOGIC_X0Y91         ODDR (Prop_oddr_C_Q)         0.177     1.812 r  design_1_i/dac_0/U0/DAC_0/U0/GEN_ODDR_dac_data[12].ODDR_dac_data/Q
                         net (fo=1, routed)           0.001     1.813    dac_data_o_OBUF[12]
    D20                  OBUF (Prop_obuf_I_O)         1.350     3.163 r  dac_data_o_OBUF[12]_inst/O
                         net (fo=0)                   0.000     3.163    dac_data_o[12]
    D20                                                               r  dac_data_o[12] (OUT)
  -------------------------------------------------------------------    -------------------

Slack:                    inf
  Source:                 design_1_i/dac_0/U0/DAC_0/U0/ODDR_dac_rst/C
                            (rising edge-triggered cell ODDR clocked by clk_125_clk_bd_clk_wiz_0_0  {rise@0.000ns fall@4.000ns period=8.000ns})
  Destination:            dac_rst_o
                            (output port)
  Path Group:             (none)
  Path Type:              Min at Fast Process Corner
  Data Path Delay:        1.529ns  (logic 1.528ns (99.935%)  route 0.001ns (0.065%))
  Logic Levels:           1  (OBUF=1)
  Clock Uncertainty:      0.162ns  ((TSJ^2 + DJ^2)^1/2) / 2 + PE
    Total System Jitter     (TSJ):    0.050ns
    Discrete Jitter          (DJ):    0.119ns
    Phase Error              (PE):    0.097ns

    Location             Delay type                Incr(ns)  Path(ns)    Netlist Resource(s)
  -------------------------------------------------------------------    -------------------
                         (clock clk_125_clk_bd_clk_wiz_0_0 rise edge)
                                                      0.000     0.000 r  
    U18                                               0.000     0.000 r  adc_clk_p_i (IN)
                         net (fo=0)                   0.000     0.000    design_1_i/clk_0/U0/clk_wiz_0/inst/clk_in1_p
    U18                  IBUFDS (Prop_ibufds_I_O)     0.401     0.401 r  design_1_i/clk_0/U0/clk_wiz_0/inst/clkin1_ibufgds/O
                         net (fo=1, routed)           0.627     1.029    design_1_i/clk_0/U0/clk_wiz_0/inst/clk_in1_clk_bd_clk_wiz_0_0_buf
    BUFGCTRL_X0Y4        BUFG (Prop_bufg_I_O)         0.027     1.056 r  design_1_i/clk_0/U0/clk_wiz_0/inst/clkin1_bufg1/O
                         net (fo=1, routed)           0.546     1.601    design_1_i/clk_0/U0/clk_wiz_0/inst/clk_in1_clk_bd_clk_wiz_0_0
    MMCME2_ADV_X0Y0      MMCME2_ADV (Prop_mmcme2_adv_CLKIN1_CLKOUT0)
                                                     -1.053     0.548 r  design_1_i/clk_0/U0/clk_wiz_0/inst/mmcm_adv_inst/CLKOUT0
                         net (fo=1, routed)           0.482     1.030    design_1_i/clk_0/U0/clk_wiz_0/inst/clk_125_clk_bd_clk_wiz_0_0
    BUFGCTRL_X0Y0        BUFG (Prop_bufg_I_O)         0.026     1.056 r  design_1_i/clk_0/U0/clk_wiz_0/inst/clkout1_buf/O
                         net (fo=2421, routed)        0.580     1.635    design_1_i/dac_0/U0/DAC_0/U0/clk_125
    OLOGIC_X0Y58         ODDR                                         r  design_1_i/dac_0/U0/DAC_0/U0/ODDR_dac_rst/C
  -------------------------------------------------------------------    -------------------
    OLOGIC_X0Y58         ODDR (Prop_oddr_C_Q)         0.177     1.812 r  design_1_i/dac_0/U0/DAC_0/U0/ODDR_dac_rst/Q
                         net (fo=1, routed)           0.001     1.813    dac_rst_o_OBUF
    N15                  OBUF (Prop_obuf_I_O)         1.351     3.165 r  dac_rst_o_OBUF_inst/O
                         net (fo=0)                   0.000     3.165    dac_rst_o
    N15                                                               r  dac_rst_o (OUT)
  -------------------------------------------------------------------    -------------------

Slack:                    inf
  Source:                 design_1_i/dac_0/U0/DAC_0/U0/GEN_ODDR_dac_data[13].ODDR_dac_data/C
                            (rising edge-triggered cell ODDR clocked by clk_125_clk_bd_clk_wiz_0_0  {rise@0.000ns fall@4.000ns period=8.000ns})
  Destination:            dac_data_o[13]
                            (output port)
  Path Group:             (none)
  Path Type:              Min at Fast Process Corner
  Data Path Delay:        1.530ns  (logic 1.529ns (99.935%)  route 0.001ns (0.065%))
  Logic Levels:           1  (OBUF=1)
  Clock Uncertainty:      0.162ns  ((TSJ^2 + DJ^2)^1/2) / 2 + PE
    Total System Jitter     (TSJ):    0.050ns
    Discrete Jitter          (DJ):    0.119ns
    Phase Error              (PE):    0.097ns

    Location             Delay type                Incr(ns)  Path(ns)    Netlist Resource(s)
  -------------------------------------------------------------------    -------------------
                         (clock clk_125_clk_bd_clk_wiz_0_0 rise edge)
                                                      0.000     0.000 r  
    U18                                               0.000     0.000 r  adc_clk_p_i (IN)
                         net (fo=0)                   0.000     0.000    design_1_i/clk_0/U0/clk_wiz_0/inst/clk_in1_p
    U18                  IBUFDS (Prop_ibufds_I_O)     0.401     0.401 r  design_1_i/clk_0/U0/clk_wiz_0/inst/clkin1_ibufgds/O
                         net (fo=1, routed)           0.627     1.029    design_1_i/clk_0/U0/clk_wiz_0/inst/clk_in1_clk_bd_clk_wiz_0_0_buf
    BUFGCTRL_X0Y4        BUFG (Prop_bufg_I_O)         0.027     1.056 r  design_1_i/clk_0/U0/clk_wiz_0/inst/clkin1_bufg1/O
                         net (fo=1, routed)           0.546     1.601    design_1_i/clk_0/U0/clk_wiz_0/inst/clk_in1_clk_bd_clk_wiz_0_0
    MMCME2_ADV_X0Y0      MMCME2_ADV (Prop_mmcme2_adv_CLKIN1_CLKOUT0)
                                                     -1.053     0.548 r  design_1_i/clk_0/U0/clk_wiz_0/inst/mmcm_adv_inst/CLKOUT0
                         net (fo=1, routed)           0.482     1.030    design_1_i/clk_0/U0/clk_wiz_0/inst/clk_125_clk_bd_clk_wiz_0_0
    BUFGCTRL_X0Y0        BUFG (Prop_bufg_I_O)         0.026     1.056 r  design_1_i/clk_0/U0/clk_wiz_0/inst/clkout1_buf/O
                         net (fo=2421, routed)        0.580     1.635    design_1_i/dac_0/U0/DAC_0/U0/clk_125
    OLOGIC_X0Y92         ODDR                                         r  design_1_i/dac_0/U0/DAC_0/U0/GEN_ODDR_dac_data[13].ODDR_dac_data/C
  -------------------------------------------------------------------    -------------------
    OLOGIC_X0Y92         ODDR (Prop_oddr_C_Q)         0.177     1.812 r  design_1_i/dac_0/U0/DAC_0/U0/GEN_ODDR_dac_data[13].ODDR_dac_data/Q
                         net (fo=1, routed)           0.001     1.813    dac_data_o_OBUF[13]
    D19                  OBUF (Prop_obuf_I_O)         1.352     3.165 r  dac_data_o_OBUF[13]_inst/O
                         net (fo=0)                   0.000     3.165    dac_data_o[13]
    D19                                                               r  dac_data_o[13] (OUT)
  -------------------------------------------------------------------    -------------------

Slack:                    inf
  Source:                 design_1_i/dac_0/U0/DAC_0/U0/GEN_ODDR_dac_data[4].ODDR_dac_data/C
                            (rising edge-triggered cell ODDR clocked by clk_125_clk_bd_clk_wiz_0_0  {rise@0.000ns fall@4.000ns period=8.000ns})
  Destination:            dac_data_o[4]
                            (output port)
  Path Group:             (none)
  Path Type:              Min at Fast Process Corner
  Data Path Delay:        1.541ns  (logic 1.540ns (99.935%)  route 0.001ns (0.065%))
  Logic Levels:           1  (OBUF=1)
  Clock Uncertainty:      0.162ns  ((TSJ^2 + DJ^2)^1/2) / 2 + PE
    Total System Jitter     (TSJ):    0.050ns
    Discrete Jitter          (DJ):    0.119ns
    Phase Error              (PE):    0.097ns

    Location             Delay type                Incr(ns)  Path(ns)    Netlist Resource(s)
  -------------------------------------------------------------------    -------------------
                         (clock clk_125_clk_bd_clk_wiz_0_0 rise edge)
                                                      0.000     0.000 r  
    U18                                               0.000     0.000 r  adc_clk_p_i (IN)
                         net (fo=0)                   0.000     0.000    design_1_i/clk_0/U0/clk_wiz_0/inst/clk_in1_p
    U18                  IBUFDS (Prop_ibufds_I_O)     0.401     0.401 r  design_1_i/clk_0/U0/clk_wiz_0/inst/clkin1_ibufgds/O
                         net (fo=1, routed)           0.627     1.029    design_1_i/clk_0/U0/clk_wiz_0/inst/clk_in1_clk_bd_clk_wiz_0_0_buf
    BUFGCTRL_X0Y4        BUFG (Prop_bufg_I_O)         0.027     1.056 r  design_1_i/clk_0/U0/clk_wiz_0/inst/clkin1_bufg1/O
                         net (fo=1, routed)           0.546     1.601    design_1_i/clk_0/U0/clk_wiz_0/inst/clk_in1_clk_bd_clk_wiz_0_0
    MMCME2_ADV_X0Y0      MMCME2_ADV (Prop_mmcme2_adv_CLKIN1_CLKOUT0)
                                                     -1.053     0.548 r  design_1_i/clk_0/U0/clk_wiz_0/inst/mmcm_adv_inst/CLKOUT0
                         net (fo=1, routed)           0.482     1.030    design_1_i/clk_0/U0/clk_wiz_0/inst/clk_125_clk_bd_clk_wiz_0_0
    BUFGCTRL_X0Y0        BUFG (Prop_bufg_I_O)         0.026     1.056 r  design_1_i/clk_0/U0/clk_wiz_0/inst/clkout1_buf/O
                         net (fo=2421, routed)        0.574     1.629    design_1_i/dac_0/U0/DAC_0/U0/clk_125
    OLOGIC_X0Y80         ODDR                                         r  design_1_i/dac_0/U0/DAC_0/U0/GEN_ODDR_dac_data[4].ODDR_dac_data/C
  -------------------------------------------------------------------    -------------------
    OLOGIC_X0Y80         ODDR (Prop_oddr_C_Q)         0.177     1.806 r  design_1_i/dac_0/U0/DAC_0/U0/GEN_ODDR_dac_data[4].ODDR_dac_data/Q
                         net (fo=1, routed)           0.001     1.807    dac_data_o_OBUF[4]
    K19                  OBUF (Prop_obuf_I_O)         1.363     3.170 r  dac_data_o_OBUF[4]_inst/O
                         net (fo=0)                   0.000     3.170    dac_data_o[4]
    K19                                                               r  dac_data_o[4] (OUT)
  -------------------------------------------------------------------    -------------------

Slack:                    inf
  Source:                 design_1_i/dac_0/U0/DAC_0/U0/GEN_ODDR_dac_data[5].ODDR_dac_data/C
                            (rising edge-triggered cell ODDR clocked by clk_125_clk_bd_clk_wiz_0_0  {rise@0.000ns fall@4.000ns period=8.000ns})
  Destination:            dac_data_o[5]
                            (output port)
  Path Group:             (none)
  Path Type:              Min at Fast Process Corner
  Data Path Delay:        1.543ns  (logic 1.542ns (99.935%)  route 0.001ns (0.065%))
  Logic Levels:           1  (OBUF=1)
  Clock Uncertainty:      0.162ns  ((TSJ^2 + DJ^2)^1/2) / 2 + PE
    Total System Jitter     (TSJ):    0.050ns
    Discrete Jitter          (DJ):    0.119ns
    Phase Error              (PE):    0.097ns

    Location             Delay type                Incr(ns)  Path(ns)    Netlist Resource(s)
  -------------------------------------------------------------------    -------------------
                         (clock clk_125_clk_bd_clk_wiz_0_0 rise edge)
                                                      0.000     0.000 r  
    U18                                               0.000     0.000 r  adc_clk_p_i (IN)
                         net (fo=0)                   0.000     0.000    design_1_i/clk_0/U0/clk_wiz_0/inst/clk_in1_p
    U18                  IBUFDS (Prop_ibufds_I_O)     0.401     0.401 r  design_1_i/clk_0/U0/clk_wiz_0/inst/clkin1_ibufgds/O
                         net (fo=1, routed)           0.627     1.029    design_1_i/clk_0/U0/clk_wiz_0/inst/clk_in1_clk_bd_clk_wiz_0_0_buf
    BUFGCTRL_X0Y4        BUFG (Prop_bufg_I_O)         0.027     1.056 r  design_1_i/clk_0/U0/clk_wiz_0/inst/clkin1_bufg1/O
                         net (fo=1, routed)           0.546     1.601    design_1_i/clk_0/U0/clk_wiz_0/inst/clk_in1_clk_bd_clk_wiz_0_0
    MMCME2_ADV_X0Y0      MMCME2_ADV (Prop_mmcme2_adv_CLKIN1_CLKOUT0)
                                                     -1.053     0.548 r  design_1_i/clk_0/U0/clk_wiz_0/inst/mmcm_adv_inst/CLKOUT0
                         net (fo=1, routed)           0.482     1.030    design_1_i/clk_0/U0/clk_wiz_0/inst/clk_125_clk_bd_clk_wiz_0_0
    BUFGCTRL_X0Y0        BUFG (Prop_bufg_I_O)         0.026     1.056 r  design_1_i/clk_0/U0/clk_wiz_0/inst/clkout1_buf/O
                         net (fo=2421, routed)        0.574     1.629    design_1_i/dac_0/U0/DAC_0/U0/clk_125
    OLOGIC_X0Y79         ODDR                                         r  design_1_i/dac_0/U0/DAC_0/U0/GEN_ODDR_dac_data[5].ODDR_dac_data/C
  -------------------------------------------------------------------    -------------------
    OLOGIC_X0Y79         ODDR (Prop_oddr_C_Q)         0.177     1.806 r  design_1_i/dac_0/U0/DAC_0/U0/GEN_ODDR_dac_data[5].ODDR_dac_data/Q
                         net (fo=1, routed)           0.001     1.807    dac_data_o_OBUF[5]
    J19                  OBUF (Prop_obuf_I_O)         1.365     3.173 r  dac_data_o_OBUF[5]_inst/O
                         net (fo=0)                   0.000     3.173    dac_data_o[5]
    J19                                                               r  dac_data_o[5] (OUT)
  -------------------------------------------------------------------    -------------------

Slack:                    inf
  Source:                 design_1_i/dac_0/U0/DAC_0/U0/GEN_ODDR_dac_data[2].ODDR_dac_data/C
                            (rising edge-triggered cell ODDR clocked by clk_125_clk_bd_clk_wiz_0_0  {rise@0.000ns fall@4.000ns period=8.000ns})
  Destination:            dac_data_o[2]
                            (output port)
  Path Group:             (none)
  Path Type:              Min at Fast Process Corner
  Data Path Delay:        1.562ns  (logic 1.561ns (99.936%)  route 0.001ns (0.064%))
  Logic Levels:           1  (OBUF=1)
  Clock Uncertainty:      0.162ns  ((TSJ^2 + DJ^2)^1/2) / 2 + PE
    Total System Jitter     (TSJ):    0.050ns
    Discrete Jitter          (DJ):    0.119ns
    Phase Error              (PE):    0.097ns

    Location             Delay type                Incr(ns)  Path(ns)    Netlist Resource(s)
  -------------------------------------------------------------------    -------------------
                         (clock clk_125_clk_bd_clk_wiz_0_0 rise edge)
                                                      0.000     0.000 r  
    U18                                               0.000     0.000 r  adc_clk_p_i (IN)
                         net (fo=0)                   0.000     0.000    design_1_i/clk_0/U0/clk_wiz_0/inst/clk_in1_p
    U18                  IBUFDS (Prop_ibufds_I_O)     0.401     0.401 r  design_1_i/clk_0/U0/clk_wiz_0/inst/clkin1_ibufgds/O
                         net (fo=1, routed)           0.627     1.029    design_1_i/clk_0/U0/clk_wiz_0/inst/clk_in1_clk_bd_clk_wiz_0_0_buf
    BUFGCTRL_X0Y4        BUFG (Prop_bufg_I_O)         0.027     1.056 r  design_1_i/clk_0/U0/clk_wiz_0/inst/clkin1_bufg1/O
                         net (fo=1, routed)           0.546     1.601    design_1_i/clk_0/U0/clk_wiz_0/inst/clk_in1_clk_bd_clk_wiz_0_0
    MMCME2_ADV_X0Y0      MMCME2_ADV (Prop_mmcme2_adv_CLKIN1_CLKOUT0)
                                                     -1.053     0.548 r  design_1_i/clk_0/U0/clk_wiz_0/inst/mmcm_adv_inst/CLKOUT0
                         net (fo=1, routed)           0.482     1.030    design_1_i/clk_0/U0/clk_wiz_0/inst/clk_125_clk_bd_clk_wiz_0_0
    BUFGCTRL_X0Y0        BUFG (Prop_bufg_I_O)         0.026     1.056 r  design_1_i/clk_0/U0/clk_wiz_0/inst/clkout1_buf/O
                         net (fo=2421, routed)        0.576     1.631    design_1_i/dac_0/U0/DAC_0/U0/clk_125
    OLOGIC_X0Y82         ODDR                                         r  design_1_i/dac_0/U0/DAC_0/U0/GEN_ODDR_dac_data[2].ODDR_dac_data/C
  -------------------------------------------------------------------    -------------------
    OLOGIC_X0Y82         ODDR (Prop_oddr_C_Q)         0.177     1.808 r  design_1_i/dac_0/U0/DAC_0/U0/GEN_ODDR_dac_data[2].ODDR_dac_data/Q
                         net (fo=1, routed)           0.001     1.809    dac_data_o_OBUF[2]
    L19                  OBUF (Prop_obuf_I_O)         1.384     3.193 r  dac_data_o_OBUF[2]_inst/O
                         net (fo=0)                   0.000     3.193    dac_data_o[2]
    L19                                                               r  dac_data_o[2] (OUT)
  -------------------------------------------------------------------    -------------------

Slack:                    inf
  Source:                 design_1_i/dac_0/U0/DAC_0/U0/GEN_ODDR_dac_data[3].ODDR_dac_data/C
                            (rising edge-triggered cell ODDR clocked by clk_125_clk_bd_clk_wiz_0_0  {rise@0.000ns fall@4.000ns period=8.000ns})
  Destination:            dac_data_o[3]
                            (output port)
  Path Group:             (none)
  Path Type:              Min at Fast Process Corner
  Data Path Delay:        1.563ns  (logic 1.562ns (99.936%)  route 0.001ns (0.064%))
  Logic Levels:           1  (OBUF=1)
  Clock Uncertainty:      0.162ns  ((TSJ^2 + DJ^2)^1/2) / 2 + PE
    Total System Jitter     (TSJ):    0.050ns
    Discrete Jitter          (DJ):    0.119ns
    Phase Error              (PE):    0.097ns

    Location             Delay type                Incr(ns)  Path(ns)    Netlist Resource(s)
  -------------------------------------------------------------------    -------------------
                         (clock clk_125_clk_bd_clk_wiz_0_0 rise edge)
                                                      0.000     0.000 r  
    U18                                               0.000     0.000 r  adc_clk_p_i (IN)
                         net (fo=0)                   0.000     0.000    design_1_i/clk_0/U0/clk_wiz_0/inst/clk_in1_p
    U18                  IBUFDS (Prop_ibufds_I_O)     0.401     0.401 r  design_1_i/clk_0/U0/clk_wiz_0/inst/clkin1_ibufgds/O
                         net (fo=1, routed)           0.627     1.029    design_1_i/clk_0/U0/clk_wiz_0/inst/clk_in1_clk_bd_clk_wiz_0_0_buf
    BUFGCTRL_X0Y4        BUFG (Prop_bufg_I_O)         0.027     1.056 r  design_1_i/clk_0/U0/clk_wiz_0/inst/clkin1_bufg1/O
                         net (fo=1, routed)           0.546     1.601    design_1_i/clk_0/U0/clk_wiz_0/inst/clk_in1_clk_bd_clk_wiz_0_0
    MMCME2_ADV_X0Y0      MMCME2_ADV (Prop_mmcme2_adv_CLKIN1_CLKOUT0)
                                                     -1.053     0.548 r  design_1_i/clk_0/U0/clk_wiz_0/inst/mmcm_adv_inst/CLKOUT0
                         net (fo=1, routed)           0.482     1.030    design_1_i/clk_0/U0/clk_wiz_0/inst/clk_125_clk_bd_clk_wiz_0_0
    BUFGCTRL_X0Y0        BUFG (Prop_bufg_I_O)         0.026     1.056 r  design_1_i/clk_0/U0/clk_wiz_0/inst/clkout1_buf/O
                         net (fo=2421, routed)        0.576     1.631    design_1_i/dac_0/U0/DAC_0/U0/clk_125
    OLOGIC_X0Y81         ODDR                                         r  design_1_i/dac_0/U0/DAC_0/U0/GEN_ODDR_dac_data[3].ODDR_dac_data/C
  -------------------------------------------------------------------    -------------------
    OLOGIC_X0Y81         ODDR (Prop_oddr_C_Q)         0.177     1.808 r  design_1_i/dac_0/U0/DAC_0/U0/GEN_ODDR_dac_data[3].ODDR_dac_data/Q
                         net (fo=1, routed)           0.001     1.809    dac_data_o_OBUF[3]
    L20                  OBUF (Prop_obuf_I_O)         1.385     3.195 r  dac_data_o_OBUF[3]_inst/O
                         net (fo=0)                   0.000     3.195    dac_data_o[3]
    L20                                                               r  dac_data_o[3] (OUT)
  -------------------------------------------------------------------    -------------------

Slack:                    inf
  Source:                 design_1_i/dac_0/U0/DAC_0/U0/GEN_ODDR_dac_data[1].ODDR_dac_data/C
                            (rising edge-triggered cell ODDR clocked by clk_125_clk_bd_clk_wiz_0_0  {rise@0.000ns fall@4.000ns period=8.000ns})
  Destination:            dac_data_o[1]
                            (output port)
  Path Group:             (none)
  Path Type:              Min at Fast Process Corner
  Data Path Delay:        1.588ns  (logic 1.587ns (99.937%)  route 0.001ns (0.063%))
  Logic Levels:           1  (OBUF=1)
  Clock Uncertainty:      0.162ns  ((TSJ^2 + DJ^2)^1/2) / 2 + PE
    Total System Jitter     (TSJ):    0.050ns
    Discrete Jitter          (DJ):    0.119ns
    Phase Error              (PE):    0.097ns

    Location             Delay type                Incr(ns)  Path(ns)    Netlist Resource(s)
  -------------------------------------------------------------------    -------------------
                         (clock clk_125_clk_bd_clk_wiz_0_0 rise edge)
                                                      0.000     0.000 r  
    U18                                               0.000     0.000 r  adc_clk_p_i (IN)
                         net (fo=0)                   0.000     0.000    design_1_i/clk_0/U0/clk_wiz_0/inst/clk_in1_p
    U18                  IBUFDS (Prop_ibufds_I_O)     0.401     0.401 r  design_1_i/clk_0/U0/clk_wiz_0/inst/clkin1_ibufgds/O
                         net (fo=1, routed)           0.627     1.029    design_1_i/clk_0/U0/clk_wiz_0/inst/clk_in1_clk_bd_clk_wiz_0_0_buf
    BUFGCTRL_X0Y4        BUFG (Prop_bufg_I_O)         0.027     1.056 r  design_1_i/clk_0/U0/clk_wiz_0/inst/clkin1_bufg1/O
                         net (fo=1, routed)           0.546     1.601    design_1_i/clk_0/U0/clk_wiz_0/inst/clk_in1_clk_bd_clk_wiz_0_0
    MMCME2_ADV_X0Y0      MMCME2_ADV (Prop_mmcme2_adv_CLKIN1_CLKOUT0)
                                                     -1.053     0.548 r  design_1_i/clk_0/U0/clk_wiz_0/inst/mmcm_adv_inst/CLKOUT0
                         net (fo=1, routed)           0.482     1.030    design_1_i/clk_0/U0/clk_wiz_0/inst/clk_125_clk_bd_clk_wiz_0_0
    BUFGCTRL_X0Y0        BUFG (Prop_bufg_I_O)         0.026     1.056 r  design_1_i/clk_0/U0/clk_wiz_0/inst/clkout1_buf/O
                         net (fo=2421, routed)        0.578     1.633    design_1_i/dac_0/U0/DAC_0/U0/clk_125
    OLOGIC_X0Y85         ODDR                                         r  design_1_i/dac_0/U0/DAC_0/U0/GEN_ODDR_dac_data[1].ODDR_dac_data/C
  -------------------------------------------------------------------    -------------------
    OLOGIC_X0Y85         ODDR (Prop_oddr_C_Q)         0.177     1.810 r  design_1_i/dac_0/U0/DAC_0/U0/GEN_ODDR_dac_data[1].ODDR_dac_data/Q
                         net (fo=1, routed)           0.001     1.811    dac_data_o_OBUF[1]
    M20                  OBUF (Prop_obuf_I_O)         1.410     3.222 r  dac_data_o_OBUF[1]_inst/O
                         net (fo=0)                   0.000     3.222    dac_data_o[1]
    M20                                                               r  dac_data_o[1] (OUT)
  -------------------------------------------------------------------    -------------------

Slack:                    inf
  Source:                 design_1_i/dac_0/U0/DAC_0/U0/GEN_ODDR_dac_data[0].ODDR_dac_data/C
                            (rising edge-triggered cell ODDR clocked by clk_125_clk_bd_clk_wiz_0_0  {rise@0.000ns fall@4.000ns period=8.000ns})
  Destination:            dac_data_o[0]
                            (output port)
  Path Group:             (none)
  Path Type:              Min at Fast Process Corner
  Data Path Delay:        1.598ns  (logic 1.597ns (99.937%)  route 0.001ns (0.063%))
  Logic Levels:           1  (OBUF=1)
  Clock Uncertainty:      0.162ns  ((TSJ^2 + DJ^2)^1/2) / 2 + PE
    Total System Jitter     (TSJ):    0.050ns
    Discrete Jitter          (DJ):    0.119ns
    Phase Error              (PE):    0.097ns

    Location             Delay type                Incr(ns)  Path(ns)    Netlist Resource(s)
  -------------------------------------------------------------------    -------------------
                         (clock clk_125_clk_bd_clk_wiz_0_0 rise edge)
                                                      0.000     0.000 r  
    U18                                               0.000     0.000 r  adc_clk_p_i (IN)
                         net (fo=0)                   0.000     0.000    design_1_i/clk_0/U0/clk_wiz_0/inst/clk_in1_p
    U18                  IBUFDS (Prop_ibufds_I_O)     0.401     0.401 r  design_1_i/clk_0/U0/clk_wiz_0/inst/clkin1_ibufgds/O
                         net (fo=1, routed)           0.627     1.029    design_1_i/clk_0/U0/clk_wiz_0/inst/clk_in1_clk_bd_clk_wiz_0_0_buf
    BUFGCTRL_X0Y4        BUFG (Prop_bufg_I_O)         0.027     1.056 r  design_1_i/clk_0/U0/clk_wiz_0/inst/clkin1_bufg1/O
                         net (fo=1, routed)           0.546     1.601    design_1_i/clk_0/U0/clk_wiz_0/inst/clk_in1_clk_bd_clk_wiz_0_0
    MMCME2_ADV_X0Y0      MMCME2_ADV (Prop_mmcme2_adv_CLKIN1_CLKOUT0)
                                                     -1.053     0.548 r  design_1_i/clk_0/U0/clk_wiz_0/inst/mmcm_adv_inst/CLKOUT0
                         net (fo=1, routed)           0.482     1.030    design_1_i/clk_0/U0/clk_wiz_0/inst/clk_125_clk_bd_clk_wiz_0_0
    BUFGCTRL_X0Y0        BUFG (Prop_bufg_I_O)         0.026     1.056 r  design_1_i/clk_0/U0/clk_wiz_0/inst/clkout1_buf/O
                         net (fo=2421, routed)        0.578     1.633    design_1_i/dac_0/U0/DAC_0/U0/clk_125
    OLOGIC_X0Y86         ODDR                                         r  design_1_i/dac_0/U0/DAC_0/U0/GEN_ODDR_dac_data[0].ODDR_dac_data/C
  -------------------------------------------------------------------    -------------------
    OLOGIC_X0Y86         ODDR (Prop_oddr_C_Q)         0.177     1.810 r  design_1_i/dac_0/U0/DAC_0/U0/GEN_ODDR_dac_data[0].ODDR_dac_data/Q
                         net (fo=1, routed)           0.001     1.811    dac_data_o_OBUF[0]
    M19                  OBUF (Prop_obuf_I_O)         1.420     3.231 r  dac_data_o_OBUF[0]_inst/O
                         net (fo=0)                   0.000     3.231    dac_data_o[0]
    M19                                                               r  dac_data_o[0] (OUT)
  -------------------------------------------------------------------    -------------------





--------------------------------------------------------------------------------------
Path Group:  (none)
From Clock:  clk_250_clk_bd_clk_wiz_0_0
  To Clock:  

Max Delay             1 Endpoint
Min Delay             1 Endpoint
--------------------------------------------------------------------------------------


Max Delay Paths
--------------------------------------------------------------------------------------
Slack:                    inf
  Source:                 design_1_i/dac_0/U0/DAC_0/U0/ODDR_dac_wrt/C
                            (falling edge-triggered cell ODDR clocked by clk_250_clk_bd_clk_wiz_0_0  {rise@0.000ns fall@2.000ns period=4.000ns})
  Destination:            dac_wrt_o
                            (output port)
  Path Group:             (none)
  Path Type:              Max at Slow Process Corner
  Data Path Delay:        3.725ns  (logic 3.724ns (99.973%)  route 0.001ns (0.027%))
  Logic Levels:           1  (OBUF=1)
  Clock Uncertainty:      0.155ns  ((TSJ^2 + DJ^2)^1/2) / 2 + PE
    Total System Jitter     (TSJ):    0.050ns
    Discrete Jitter          (DJ):    0.105ns
    Phase Error              (PE):    0.097ns

    Location             Delay type                Incr(ns)  Path(ns)    Netlist Resource(s)
  -------------------------------------------------------------------    -------------------
                         (clock clk_250_clk_bd_clk_wiz_0_0 fall edge)
                                                      2.000     2.000 f  
    U18                                               0.000     2.000 f  adc_clk_p_i (IN)
                         net (fo=0)                   0.000     2.000    design_1_i/clk_0/U0/clk_wiz_0/inst/clk_in1_p
    U18                  IBUFDS (Prop_ibufds_I_O)     0.983     2.983 f  design_1_i/clk_0/U0/clk_wiz_0/inst/clkin1_ibufgds/O
                         net (fo=1, routed)           2.076     5.059    design_1_i/clk_0/U0/clk_wiz_0/inst/clk_in1_clk_bd_clk_wiz_0_0_buf
    BUFGCTRL_X0Y4        BUFG (Prop_bufg_I_O)         0.102     5.161 f  design_1_i/clk_0/U0/clk_wiz_0/inst/clkin1_bufg1/O
                         net (fo=1, routed)           1.677     6.838    design_1_i/clk_0/U0/clk_wiz_0/inst/clk_in1_clk_bd_clk_wiz_0_0
    MMCME2_ADV_X0Y0      MMCME2_ADV (Prop_mmcme2_adv_CLKIN1_CLKOUT1)
                                                     -3.538     3.300 f  design_1_i/clk_0/U0/clk_wiz_0/inst/mmcm_adv_inst/CLKOUT1
                         net (fo=1, routed)           1.760     5.060    design_1_i/clk_0/U0/clk_wiz_0/inst/clk_250_clk_bd_clk_wiz_0_0
    BUFGCTRL_X0Y1        BUFG (Prop_bufg_I_O)         0.101     5.161 f  design_1_i/clk_0/U0/clk_wiz_0/inst/clkout2_buf/O
                         net (fo=1, routed)           1.758     6.920    design_1_i/dac_0/U0/DAC_0/U0/clk_250
    OLOGIC_X0Y84         ODDR                                         f  design_1_i/dac_0/U0/DAC_0/U0/ODDR_dac_wrt/C
  -------------------------------------------------------------------    -------------------
    OLOGIC_X0Y84         ODDR (Prop_oddr_C_Q)         0.472     7.392 r  design_1_i/dac_0/U0/DAC_0/U0/ODDR_dac_wrt/Q
                         net (fo=1, routed)           0.001     7.393    dac_wrt_o_OBUF
    M17                  OBUF (Prop_obuf_I_O)         3.252    10.644 r  dac_wrt_o_OBUF_inst/O
                         net (fo=0)                   0.000    10.644    dac_wrt_o
    M17                                                               r  dac_wrt_o (OUT)
  -------------------------------------------------------------------    -------------------





Min Delay Paths
--------------------------------------------------------------------------------------
Slack:                    inf
  Source:                 design_1_i/dac_0/U0/DAC_0/U0/ODDR_dac_wrt/C
                            (rising edge-triggered cell ODDR clocked by clk_250_clk_bd_clk_wiz_0_0  {rise@0.000ns fall@2.000ns period=4.000ns})
  Destination:            dac_wrt_o
                            (output port)
  Path Group:             (none)
  Path Type:              Min at Fast Process Corner
  Data Path Delay:        1.593ns  (logic 1.592ns (99.937%)  route 0.001ns (0.063%))
  Logic Levels:           1  (OBUF=1)
  Clock Uncertainty:      0.155ns  ((TSJ^2 + DJ^2)^1/2) / 2 + PE
    Total System Jitter     (TSJ):    0.050ns
    Discrete Jitter          (DJ):    0.105ns
    Phase Error              (PE):    0.097ns

    Location             Delay type                Incr(ns)  Path(ns)    Netlist Resource(s)
  -------------------------------------------------------------------    -------------------
                         (clock clk_250_clk_bd_clk_wiz_0_0 rise edge)
                                                      0.000     0.000 r  
    U18                                               0.000     0.000 r  adc_clk_p_i (IN)
                         net (fo=0)                   0.000     0.000    design_1_i/clk_0/U0/clk_wiz_0/inst/clk_in1_p
    U18                  IBUFDS (Prop_ibufds_I_O)     0.401     0.401 r  design_1_i/clk_0/U0/clk_wiz_0/inst/clkin1_ibufgds/O
                         net (fo=1, routed)           0.627     1.029    design_1_i/clk_0/U0/clk_wiz_0/inst/clk_in1_clk_bd_clk_wiz_0_0_buf
    BUFGCTRL_X0Y4        BUFG (Prop_bufg_I_O)         0.027     1.056 r  design_1_i/clk_0/U0/clk_wiz_0/inst/clkin1_bufg1/O
                         net (fo=1, routed)           0.546     1.601    design_1_i/clk_0/U0/clk_wiz_0/inst/clk_in1_clk_bd_clk_wiz_0_0
    MMCME2_ADV_X0Y0      MMCME2_ADV (Prop_mmcme2_adv_CLKIN1_CLKOUT1)
                                                     -1.053     0.548 r  design_1_i/clk_0/U0/clk_wiz_0/inst/mmcm_adv_inst/CLKOUT1
                         net (fo=1, routed)           0.482     1.030    design_1_i/clk_0/U0/clk_wiz_0/inst/clk_250_clk_bd_clk_wiz_0_0
    BUFGCTRL_X0Y1        BUFG (Prop_bufg_I_O)         0.026     1.056 r  design_1_i/clk_0/U0/clk_wiz_0/inst/clkout2_buf/O
                         net (fo=1, routed)           0.578     1.633    design_1_i/dac_0/U0/DAC_0/U0/clk_250
    OLOGIC_X0Y84         ODDR                                         r  design_1_i/dac_0/U0/DAC_0/U0/ODDR_dac_wrt/C
  -------------------------------------------------------------------    -------------------
    OLOGIC_X0Y84         ODDR (Prop_oddr_C_Q)         0.177     1.810 r  design_1_i/dac_0/U0/DAC_0/U0/ODDR_dac_wrt/Q
                         net (fo=1, routed)           0.001     1.811    dac_wrt_o_OBUF
    M17                  OBUF (Prop_obuf_I_O)         1.415     3.226 r  dac_wrt_o_OBUF_inst/O
                         net (fo=0)                   0.000     3.226    dac_wrt_o
    M17                                                               r  dac_wrt_o (OUT)
  -------------------------------------------------------------------    -------------------





--------------------------------------------------------------------------------------
Path Group:  (none)
From Clock:  clk_250_m45_clk_bd_clk_wiz_0_0
  To Clock:  

Max Delay             1 Endpoint
Min Delay             1 Endpoint
--------------------------------------------------------------------------------------


Max Delay Paths
--------------------------------------------------------------------------------------
Slack:                    inf
  Source:                 design_1_i/dac_0/U0/DAC_0/U0/ODDR_dac_clk/C
                            (rising edge-triggered cell ODDR clocked by clk_250_m45_clk_bd_clk_wiz_0_0  {rise@-0.500ns fall@1.500ns period=4.000ns})
  Destination:            dac_clk_o
                            (output port)
  Path Group:             (none)
  Path Type:              Max at Slow Process Corner
  Data Path Delay:        3.718ns  (logic 3.717ns (99.973%)  route 0.001ns (0.027%))
  Logic Levels:           1  (OBUF=1)
  Clock Uncertainty:      0.155ns  ((TSJ^2 + DJ^2)^1/2) / 2 + PE
    Total System Jitter     (TSJ):    0.050ns
    Discrete Jitter          (DJ):    0.105ns
    Phase Error              (PE):    0.097ns

    Location             Delay type                Incr(ns)  Path(ns)    Netlist Resource(s)
  -------------------------------------------------------------------    -------------------
                         (clock clk_250_m45_clk_bd_clk_wiz_0_0 rise edge)
                                                      3.500     3.500 r  
    U18                                               0.000     3.500 r  adc_clk_p_i (IN)
                         net (fo=0)                   0.000     3.500    design_1_i/clk_0/U0/clk_wiz_0/inst/clk_in1_p
    U18                  IBUFDS (Prop_ibufds_I_O)     0.983     4.483 r  design_1_i/clk_0/U0/clk_wiz_0/inst/clkin1_ibufgds/O
                         net (fo=1, routed)           2.076     6.559    design_1_i/clk_0/U0/clk_wiz_0/inst/clk_in1_clk_bd_clk_wiz_0_0_buf
    BUFGCTRL_X0Y4        BUFG (Prop_bufg_I_O)         0.102     6.661 r  design_1_i/clk_0/U0/clk_wiz_0/inst/clkin1_bufg1/O
                         net (fo=1, routed)           1.677     8.338    design_1_i/clk_0/U0/clk_wiz_0/inst/clk_in1_clk_bd_clk_wiz_0_0
    MMCME2_ADV_X0Y0      MMCME2_ADV (Prop_mmcme2_adv_CLKIN1_CLKOUT2)
                                                     -3.538     4.800 r  design_1_i/clk_0/U0/clk_wiz_0/inst/mmcm_adv_inst/CLKOUT2
                         net (fo=1, routed)           1.760     6.560    design_1_i/clk_0/U0/clk_wiz_0/inst/clk_250_m45_clk_bd_clk_wiz_0_0
    BUFGCTRL_X0Y2        BUFG (Prop_bufg_I_O)         0.101     6.661 r  design_1_i/clk_0/U0/clk_wiz_0/inst/clkout3_buf/O
                         net (fo=1, routed)           1.758     8.420    design_1_i/dac_0/U0/DAC_0/U0/clk_250_m45
    OLOGIC_X0Y83         ODDR                                         r  design_1_i/dac_0/U0/DAC_0/U0/ODDR_dac_clk/C
  -------------------------------------------------------------------    -------------------
    OLOGIC_X0Y83         ODDR (Prop_oddr_C_Q)         0.472     8.892 r  design_1_i/dac_0/U0/DAC_0/U0/ODDR_dac_clk/Q
                         net (fo=1, routed)           0.001     8.893    dac_clk_o_OBUF
    M18                  OBUF (Prop_obuf_I_O)         3.245    12.138 r  dac_clk_o_OBUF_inst/O
                         net (fo=0)                   0.000    12.138    dac_clk_o
    M18                                                               r  dac_clk_o (OUT)
  -------------------------------------------------------------------    -------------------





Min Delay Paths
--------------------------------------------------------------------------------------
Slack:                    inf
  Source:                 design_1_i/dac_0/U0/DAC_0/U0/ODDR_dac_clk/C
                            (falling edge-triggered cell ODDR clocked by clk_250_m45_clk_bd_clk_wiz_0_0  {rise@-0.500ns fall@1.500ns period=4.000ns})
  Destination:            dac_clk_o
                            (output port)
  Path Group:             (none)
  Path Type:              Min at Fast Process Corner
  Data Path Delay:        1.587ns  (logic 1.586ns (99.937%)  route 0.001ns (0.063%))
  Logic Levels:           1  (OBUF=1)
  Clock Uncertainty:      0.155ns  ((TSJ^2 + DJ^2)^1/2) / 2 + PE
    Total System Jitter     (TSJ):    0.050ns
    Discrete Jitter          (DJ):    0.105ns
    Phase Error              (PE):    0.097ns

    Location             Delay type                Incr(ns)  Path(ns)    Netlist Resource(s)
  -------------------------------------------------------------------    -------------------
                         (clock clk_250_m45_clk_bd_clk_wiz_0_0 fall edge)
                                                      1.500     1.500 f  
    U18                                               0.000     1.500 f  adc_clk_p_i (IN)
                         net (fo=0)                   0.000     1.500    design_1_i/clk_0/U0/clk_wiz_0/inst/clk_in1_p
    U18                  IBUFDS (Prop_ibufds_I_O)     0.401     1.901 f  design_1_i/clk_0/U0/clk_wiz_0/inst/clkin1_ibufgds/O
                         net (fo=1, routed)           0.627     2.529    design_1_i/clk_0/U0/clk_wiz_0/inst/clk_in1_clk_bd_clk_wiz_0_0_buf
    BUFGCTRL_X0Y4        BUFG (Prop_bufg_I_O)         0.027     2.556 f  design_1_i/clk_0/U0/clk_wiz_0/inst/clkin1_bufg1/O
                         net (fo=1, routed)           0.546     3.101    design_1_i/clk_0/U0/clk_wiz_0/inst/clk_in1_clk_bd_clk_wiz_0_0
    MMCME2_ADV_X0Y0      MMCME2_ADV (Prop_mmcme2_adv_CLKIN1_CLKOUT2)
                                                     -1.053     2.048 f  design_1_i/clk_0/U0/clk_wiz_0/inst/mmcm_adv_inst/CLKOUT2
                         net (fo=1, routed)           0.482     2.530    design_1_i/clk_0/U0/clk_wiz_0/inst/clk_250_m45_clk_bd_clk_wiz_0_0
    BUFGCTRL_X0Y2        BUFG (Prop_bufg_I_O)         0.026     2.556 f  design_1_i/clk_0/U0/clk_wiz_0/inst/clkout3_buf/O
                         net (fo=1, routed)           0.578     3.133    design_1_i/dac_0/U0/DAC_0/U0/clk_250_m45
    OLOGIC_X0Y83         ODDR                                         f  design_1_i/dac_0/U0/DAC_0/U0/ODDR_dac_clk/C
  -------------------------------------------------------------------    -------------------
    OLOGIC_X0Y83         ODDR (Prop_oddr_C_Q)         0.177     3.310 r  design_1_i/dac_0/U0/DAC_0/U0/ODDR_dac_clk/Q
                         net (fo=1, routed)           0.001     3.311    dac_clk_o_OBUF
    M18                  OBUF (Prop_obuf_I_O)         1.409     4.720 r  dac_clk_o_OBUF_inst/O
                         net (fo=0)                   0.000     4.720    dac_clk_o
    M18                                                               r  dac_clk_o (OUT)
  -------------------------------------------------------------------    -------------------





